Workbook
Name RentangBernama1: #REF!

Sheet WO
A1: 46308 | E1: ALL GROUP LEADER CABIN MAINTENANCE PLEASE REMARKS JIKA OPEN ATAU CLOSE
A2: DATE | B2: WG | C2: REG | D2: WO | E2: WO CAT | F2: WO DESCRIPTION | G2: PN PICKLIST (NO. PICKLIST) | H2: MAN HOURS | I2: OPERATOR | J2: TYPE | K2: PLAN STA | L2: REMARKS PPC WG TO LM | M2: ACT STA | N2: STATUS | O2: REASON OPEN | P2: CODE OPEN
A3: 46308 | B3: WG 11 | C3: PK-WJV | D3: 2316519 | E3: OP | F3: CLEANING OF FWD, AFT, AND LAV SMOKE DETECTOR | G3: --- | H3: 2,00 | I3: IW | J3: ATR72 | K3: BTH | L3: REQ PIC | M3: BTH | N3: CLOSED
A4: 46308 | B4: WG 09 | C4: PK-STI | D4: 2333487 | E4: OP | F4: VACUUM TOILET SYSTEM . CLEANING OF VACUUM CLEANING OF VACUUM WASTE LINES WITH CHEMICAL CLEANING AGENT. | G4: --- | H4: 1,00 | I4: IU | J4: A320 | K4: CGK | M4: CGK | N4: CLOSED
A5: 46308 | B5: WG 06 | C5: PK-BKR | D5: 2285964 | E5: OP | F5: POTABLE WATER SYSTEM STERILIZATION OF POTABLE WATER SYSTEM AND DISCARD OF WATER FILTER ELEMENTS. | G5: PN: EV949000 (594700) @ S1 | H5: 3,00 | I5: ID | J5: A320 | K5: CGK | L5: WO OVER DUE PN: EV949000 AVAIL K1 | M5: SUB | N5: OPEN | O5: RON SUB | P5: IRR
A6: 46308 | B6: WG 06 | C6: PK-BKF | D6: 1553162 | E6: OP | F6: CLEANING OF VACUUM WASTE LINES WITH CHEMICAL CLEANING AGENT. | G6: --- | H6: 1,00 | I6: ID | J6: A320 | K6: CGK | M6: CGK | N6: CLOSED
A7: 46308 | B7: WG 07 | C7: PK-BKM | D7: 2288601 | E7: HT | F7: RESTORATION OF MEDICAL KITNOTE:P/N EMK-1000 S/N OFF: LAEMK-338 | G7: --- | H7: 1,00 | I7: ID | J7: A320 | K7: CGK | L7: sn off: LAEMK-338 used spare feee | M7: CGK | N7: CLOSED
A8: 46308 | B8: WG 02 | C8: PK-LSJ | D8: 2283731 | E8: HT | F8: RESTORE THE FIRST AID KITS | G8: PN: LA-FAK / SN: MLI-N132 (595545) @ K1 | H8: 1,00 | I8: JT | J8: B737 | K8: CGK | L8: PN OFF: LA-FAK SN OFF: MLI-N174 PL#595545 // SN: MLI-N132 @K1 | M8: CGK | N8: CLOSED
A9: 46308 | B9: WG 12 | C9: PK-WFS | D9: 2328164 | E9: CBMS | F9: AIRCRAFT PEST CONTROL APPLICATION GUIDE FOR ATR | G9: --- | H9: 2,00 | I9: IW | J9: ATR72 | K9: KOE | L9: REQ PIC MAXFORCE FORTE GEL PN M00023 SEND FROM SUB | M9: KOE | N9: CLOSED
A10: 46308 | B10: WG 12 | C10: PK-WFS | D10: 2289838 | E10: CBMS | F10: LAVATORY WASTE SYSTEM LINE CLEANING | G10: --- | H10: 1,00 | I10: IW | J10: ATR72 | K10: KOE | M10: KOE | N10: CLOSED
A11: 46308 | B11: WG 12 | C11: PK-WJL | D11: 2333427 | E11: CBMS | F11: AIRCRAFT PEST CONTROL APPLICATION GUIDE FOR ATR | G11: --- | H11: 2,00 | I11: IW | J11: ATR72 | K11: LOP | L11: REQ PIC BAIT STATION PN BAIT STATION SEND FROM DPS | M11: LOP | N11: CLOSED
A12: 46308 | B12: WG 08 | C12: PK-SAG | D12: 2295353 | E12: AD | F12: DETAILED INSPECTION OF WASTE COMPARTMENT FOR FIRE CONTAINMENT CAPABILITY & INSPECTION OF ASHTRAYS ON LAVATORY | G12: --- | H12: 1,00 | I12: IU | J12: A320 | K12: SRG | M12: SRG | N12: CLOSED
A13: 46308 | B13: WG 07 | C13: PK-BKT | D13: 2345598 | E13: CBMS | F13: AIRCRAFT PEST CONTROL APPLICATION GUIDE | G13: --- | H13: 1,00 | I13: ID | J13: A320 | K13: SUB | M13: SUB | N13: CLOSED
A14: 46308 | B14: WG 07 | C14: PK-BLB | D14: 2334099 | E14: CBMS | F14: AIRCRAFT PEST CONTROL APPLICATION GUIDE | G14: --- | H14: 1,00 | I14: ID | J14: A320 | K14: SUB | M14: SUB | N14: CLOSED
A15: 46308 | B15: WG 02 | C15: PK-LFY | D15: 2294091 | E15: HT | F15: RESTORE THE RIGHT MID-EXIT DOOR EMERGENCY ESCAPE SLIDE | G15: PN: 65520-102 / SN: 65520-0182 (594723) @ K1 | H15: 1,00 | I15: JT | J15: B737 | K15: SUB | L15: PN OFF: 65520-102 SN OFF: 65520-0166 PL#594723 // SN: 65520-0182 @K1 SEND VIA ID-6406/ETD 13.30 TO.2626700 // S1 | M15: SUB | N15: CLOSED
A16: 46308 | B16: WG 07 | C16: PK-BKT | D16: 1746609 | E16: EO | F16: PINNACLE® / INSPECTION OF SEAT BEAMS / GENERIC / ALL AIRCRAFT TYPES | G16: --- | H16: 2,00 | I16: ID | J16: A320 | K16: SUB | M16: SUB | N16: CLOSED
A17: 46308 | B17: WG 08 | C17: PK-SJG | D17: 2264969 | E17: EO | F17: INSPECTION FOR INVENTORY EMERGENCY EQUIPMENT ON THE AIRCRAFT | G17: --- | H17: 3,00 | I17: IU | J17: A320 | K17: UPG | M17: UPG | N17: CLOSED
A18: 46308 | B18: WG 11 | C18: PK-WFU | D18: 2315243 | E18: OP | F18: CLEANING OF FWD, AFT, AND LAV SMOKE DETECTOR | G18: --- | H18: 2,00 | I18: IW | J18: ATR72 | K18: UPG | L18: REQ PIC | M18: UPG | N18: CLOSED
A19: 46308 | B19: WG 01 | C19: PK-LFO | D19: 2349136 | E19: HT | F19: LIFE VEST REPLACEMENT | G19: --- | H19: 2,00 | I19: JT | J19: B737 | K19: UPG | M19: UPG | N19: CLOSED
A20: 46308 | B20: WG 01 | C20: PK-LFO | D20: 2349136 | E20: HT | F20: PLEASE REPLACED AND RECORD LIFE VEST UNDERSEAT NO: 27E QTY: 1EA D/T EXPIRE | G20: --- | H20: 0,25 | I20: JT | J20: B737 | K20: UPG | M20: UPG | N20: CLOSED
A21: 46308 | C21: PK-LJI | D21: 2329645 | E21: HT | F21: DISCARD THE CHEMICAL OXYGEN GENERATORS. | G21: --- | H21: 3,00 | I21: JT | J21: B737 | K21: SUB | L21: PLIERS - FIRING PIN RETRACTION, OXYGEN GENERATOR PN : E71516-00 AVAIL S1 SPARE PN: E71740-00 AVAIL @S1 TOOL PN: E71401-00 AVAIL @S1 | M21: SUB | N21: OPEN | O21: A/C NOT RON SUB | P21: IRR
A22: 46308 | B22: WG 07 | C22: PK-LUK | D22: 2315756 | E22: EO | F22: CLEANING OF THE SYSTEM CONTROL UNIT 3 (SCU3) IFE RAVE SYSTEM A320 | G22: --- | H22: 1,00 | I22: ID | J22: A320 | K22: KOE | M22: KOE | N22: OPEN | O22: D/T OVER CAPACITY MH

Sheet DMI CBM
A1: INPUT DATE | B1: WG | C1: REG | D1: DMI NO | E1: DMI CAT | F1: DEFER TYPE | G1: STATUS DMI | H1: WO | I1: DMI DESCRIPTION | J1: ATA CHAPTER | K1: DUE DATE DMI | L1: PN REQUIRED | M1: PICKLIST NUMBER | N1: AOC | O1: TYPE | P1: PLAN STA | Q1: PLAN DATE | R1: REMARKS | S1: STATUS WO | T1: CLOSE DATE | U1: ACT STA | V1: REASON OPEN | W1: CODE OPEN | X1: HIGHLIGHT
A2: 46290 | B2: WG 06 | C2: PK-BKF | D2: ID031878 | E2: D | F2: WTG INST | G2: CLOSED | H2: 2322855 | I2: SEAT 1F INOP (RECLINE CANT BE SET TO UP POSITION) | J2: 25 | K2: 46332 | L2: NEED BOLT PN : NAS6603-16 (2EA) AVAIL K1 SEAT MUST BE REMOVED AND BRING TO DELTA FOR INSTALLATION BOLT NEED REPAIRMAN | N2: ID | O2: A320 | P2: CGK | Q2: 46308 | R2: NEED REPAIRMAN | S2: CLOSED | T2: 46308 | U2: CGK | X2: DJA DMI
A3: 46308 | B3: WG 07 | C3: PK-LAM | D3: 019199 | E3: C | F3: INVESTIG | G3: CLOSED | H3: 2148223 | I3: CAPTAIN SEAT CANT RECLINE / ADJUST RECLINE | J3: 25 | K3: 46317 | L3: NEED T/S | N3: ID | O3: A320 | P3: SOC | Q3: 46308 | S3: CLOSED | T3: 46308 | U3: SOC | X3: DJA DMI
A4: 46308 | B4: WG 03 | C4: PK-LKH | D4: 017690 | E4: C | F4: WTG INST | G4: OPEN | H4: 2353523 | I4: WINDOW LIGHTS NO 18ABC-25ABC NOT ILLUMINATE | J4: 33 | K4: 46312 | L4: NEED PART PN : 9701-14-0000 1EA AVAIL K4 PL 593326 PN 9651-35-0002 1EA AVAIL K171 | N4: JT | O4: B737 | P4: SUB | Q4: 46308 | R4: PART PN : 9701-14-0000 1EA AVAIL K4 PL 593326 TP.2626766//S1 SEND VIA JT-707/ETD 14.25 PN 9651-35-0002 1EA (PLEASE SWAP INTERNAL) | S4: OPEN | U4: SUB | V4: NOT COMPLETE SPARE 9651-35-0002 | W4: NS | X4: DJA DMI
A5: 46305 | B5: WG 08 | C5: PK-SGD | D5: SAJ025633 | E5: C1 | F5: WTG INST | G5: CLOSED | H5: 2351361 | I5: CEILING LIGHT SN 16DEF AND 29DEF NOT ILLUMINATE | J5: 33-20-01A | K5: 46309 | L5: NEED PART LAMP PN: ABS1238-26-30B 2EA AVAIL AT K1, PL#596045 | N5: IU | O5: A320 | P5: SRG | Q5: 46308 | R5: REF TP.2627033 & TP.2627037 | S5: CLOSED | T5: 46308 | U5: SRG | X5: DJA DMI
A6: 46308 | B6: WG 03 | C6: PK-LKH | D6: 017690 | E6: C | F6: WTG INST | G6: OPEN | H6: 2353523 | I6: WINDOW LIGHTS NO 18ABC-25ABC NOT ILLUMINATE | J6: 33 | K6: 46312 | L6: NEED PART PN : 9701-14-0000 1EA AVAIL K4 PL 593326 PN 9651-35-0002 1EA AVAIL K171 | N6: JT | O6: B737 | P6: SUB | Q6: 46308 | R6: PART PN : 9701-14-0000 1EA AVAIL K4 PL 593326 TP.2626766//S1 SEND VIA JT-707/ETD 14.25 PN 9651-35-0002 1EA (PLEASE SWAP INTERNAL) | S6: OPEN | U6: SUB | V6: NOT COMPLETE SPARE 9651-35-0002 | W6: NS | X6: DJA DMI
A7: 46305 | B7: WG 08 | C7: PK-SGD | D7: SAJ025633 | E7: C1 | F7: WTG INST | G7: CLOSED | H7: 2351361 | I7: CEILING LIGHT SN 16DEF AND 29DEF NOT ILLUMINATE | J7: 33-20-01A | K7: 46309 | L7: NEED PART LAMP PN: ABS1238-26-30B 2EA AVAIL AT K1, PL#596045 | N7: IU | O7: A320 | P7: SRG | Q7: 46308 | R7: REF TP.2627033 & TP.2627037 | S7: CLOSED | T7: 46308 | U7: SRG | X7: DJA DMI
A8: 46305 | B8: WG 08 | C8: PK-SJG | D8: SAJ-039572 | E8: C1 | F8: WTG INST | G8: CLOSED | H8: 2353546 | I8: CEILING LIGHT AT 18 DEF, 25 DEF NOT ILL | L8: NEED PART FLUORESCENT TUBE QTY : 2EA PN : F30WT8-840 AVAIL AT S1, PL#596351 | N8: IU | O8: A320 | P8: UPG | Q8: 46308 | R8: WTG TP. 2627274 | S8: CLOSED | T8: 46308 | U8: UPG | X8: DJA DMI
A9: 46305 | B9: WG 09 | C9: PK-STF | D9: SAJ008401 | E9: C1 | F9: WTG INST | G9: CLOSED | H9: 2348090 | I9: FLAPER DOOR WASTE BIN AT LAV E NOT FULLY CLOSED (DEACTIVATED OF FLAPPER DOOR WASTE COMPARTMENT C/O) | J9: 25-40-01A | K9: 46308 | L9: NEED DAMPER PN : 9855DV AVAIL AT K5, PL#594545 | N9: IU | O9: A320 | P9: CGK | Q9: 46308 | R9: DMI DUE TODAY REF TP.2626869 | S9: CLOSED | T9: 46308 | U9: CGK | X9: DJA DMI
A10: 46305 | B10: WG 09 | C10: PK-STZ | D10: SAJ-025905 | E10: C1 | F10: WTG INST | G10: CLOSED | H10: 2351554 | I10: CEILING LIGHT 16ABC,28DEF,32ABC NOT ILLUMINATE | J10: 33-20-01A | K10: 46308 | L10: NEED PART LAMP PN : F30WT8-840 (3EA) AVAIL AT K1 PL#596037 | N10: IU | O10: A320 | P10: PDG | Q10: 46308 | S10: CLOSED | T10: 46308 | U10: CGK | V10: ALREADY ACTUAL DMI CLOSED AT KNO | X10: DJA DMI
A11: 46305 | B11: WG 08 | C11: PK-SJA | D11: SAJ017272 | E11: D | F11: WTG INST | G11: CLOSED | H11: 2351634 | I11: FOOT REST CAPTAIN SIDE LOOSE (SECURE STOWED POSITION) | L11: NEED BUFFER PN : ASNA2151-02 QTY : 1EA | N11: IU | O11: A320 | P11: CGK | Q11: 46308 | R11: REF K1, PL#596514 | S11: CLOSED | T11: 46308 | U11: CGK | X11: DJA DMI
A12: 46305 | B12: WG 08 | C12: PK-SJG | D12: SAJ-039572 | E12: C1 | F12: WTG INST | G12: CLOSED | H12: 2353546 | I12: CEILING LIGHT AT 18 DEF, 25 DEF NOT ILL | L12: NEED PART FLUORESCENT TUBE QTY : 2EA PN : F30WT8-840 AVAIL AT S1, PL#596351 | N12: IU | O12: A320 | P12: UPG | Q12: 46308 | R12: WTG TP. 2627274 | S12: CLOSED | T12: 46308 | U12: UPG | X12: DJA DMI
A13: 46305 | B13: WG 09 | C13: PK-SJO | D13: SAJ013156 | E13: C1 | F13: WTG INST | G13: CLOSED | H13: 2352306 | I13: ONE OF ENTRY LIGHT 4R (AFT) NOT ILLUMINATE | J13: 33-20-01A | K13: 46308 | L13: NEED LAMP PN : F30WT8-840 AVAIL AT L2, PL#596109 BALLAS UNIT PN : 3250-81 PO#2581763 PAYMENT PROCESS CIA | N13: IU | O13: A320 | P13: CGK | Q13: 46308 | R13: LAMP REF TP.2626623 BALLAS UNIT PN : 3250-81 ref wo : 2353023 FROM PK-SAP | S13: CLOSED | T13: 46308 | U13: CGK | X13: DJA DMI
A14: 46305 | B14: WG 08 | C14: PK-SGD | D14: SAJ025634 | E14: C1 | F14: WTG INST | G14: CLOSED | H14: 2353542 | I14: L/H FWD ENTRY LIGHT NOT ILLUMINATE | J14: 33-20-01A | K14: 46309 | L14: NEED PART LAMP PN: ABS1238-26-30B 1EA AVAIL AT K1, PL#596045 BALLAST UNIT PN 4197-20-04 1EA AVAIL AT K1 SN 298819 PL 594200 | N14: IU | O14: A320 | P14: SRG | Q14: 46308 | R14: REF TP.2627033 & TP.2627037 | S14: CLOSED | T14: 46308 | U14: SRG | X14: DJA DMI
A15: 46308 | C15: PK-BKP | D15: ID026356 | G15: CLOSED | I15: REF CML B143800 CEILING LIGHT S/N 17DEF ,18ABC,21ABC,25ABC,26DEF,29ABC,29DEF NOT ILLUMINATE | N15: ID | O15: A320 | Q15: 46308 | S15: CLOSED | T15: 46308 | U15: CGK | X15: UNPLANNED DMI

Sheet Sheet47
A1: 46308 | D1: ALL GROUP LEADER CABIN MAINTENANCE PLEASE REMARKS JIKA OPEN ATAU CLOSE
A2: DATE | B2: REG | C2: AOC | D2: DMI DESCRIPTION | E2: PN REQUIRED | F2: DMI NO | G2: DMI CAT | H2: PLAN STA | I2: CAT | J2: STATUS | K2: REMARK
A3: 46308 | B3: PK-BKF | C3: ID | D3: SEAT 1F INOP (RECLINE CANT BE SET TO UP POSITION) | E3: NEED BOLT PN : NAS6603-16 (2EA) AVAIL K1 SEAT MUST BE REMOVED AND BRING TO DELTA FOR INSTALLATION BOLT NEED REPAIRMAN | F3: ID031878 | G3: D | H3: CGK | I3: DJA DMI R01 | J3: CLOSED
A4: 46308 | B4: PK-LAM | C4: ID | D4: CAPTAIN SEAT CANT RECLINE / ADJUST RECLINE | E4: CAPTAIN SEAT CANT RECLINE / ADJUST RECLINE | F4: 019199 | G4: C | H4: SOC | I4: DJA DMI R01 | J4: CLOSED
A5: 46308 | B5: PK-LKH | C5: JT | D5: WINDOW LIGHTS NO 18ABC-25ABC NOT ILLUMINATE | E5: WINDOW LIGHTS NO 18ABC-25ABC NOT ILLUMINATE | F5: 017690 | G5: C | H5: SUB | I5: DJA DMI R01 | J5: OPEN | K5: SPARE NOT AVAILABLE AT S1
A6: 46308 | B6: PK-SGD | C6: IU | D6: CEILING LIGHT SN 16DEF AND 29DEF NOT ILLUMINATE | E6: CEILING LIGHT SN 16DEF AND 29DEF NOT ILLUMINATE | F6: SAJ025633 | G6: C1 | H6: SRG | I6: DJA DMI R01 | J6: CLOSED
A7: 46308 | B7: PK-LKH | C7: JT | D7: WINDOW LIGHTS NO 18ABC-25ABC NOT ILLUMINATE | E7: NEED PART PN : 9701-14-0000 1EA AVAIL K4 PL 593326 PN 9651-35-0002 1EA AVAIL K171 | F7: 017690 | G7: C | H7: SUB | I7: DJA DMI R01 | J7: OPEN | K7: SPARE NOT AVAILABLE AT S1
A8: 46308 | B8: PK-SGD | C8: IU | D8: CEILING LIGHT SN 16DEF AND 29DEF NOT ILLUMINATE | E8: NEED PART LAMP PN: ABS1238-26-30B 2EA AVAIL AT K1, PL#596045 | F8: SAJ025633 | G8: C1 | H8: SRG | I8: DJA DMI R01 | J8: CLOSED
A9: 46308 | B9: PK-SJG | C9: IU | D9: CEILING LIGHT AT 18 DEF, 25 DEF NOT ILL | E9: CEILING LIGHT AT 18 DEF, 25 DEF NOT ILL | F9: SAJ-039572 | G9: C1 | H9: UPG | I9: DJA DMI R01 | J9: CLOSED
A10: 46308 | B10: PK-STF | C10: IU | D10: FLAPER DOOR WASTE BIN AT LAV E NOT FULLY CLOSED (DEACTIVATED OF FLAPPER DOOR WASTE COMPARTMENT C/O) | E10: NEED DAMPER PN : 9855DV AVAIL AT K5, PL#594545 | F10: SAJ008401 | G10: C1 | H10: CGK | I10: DJA DMI R01 | J10: CLOSED
A11: 46308 | B11: PK-STZ | C11: IU | D11: CEILING LIGHT 16ABC,28DEF,32ABC NOT ILLUMINATE | E11: NEED PART LAMP PN : F30WT8-840 (3EA) AVAIL AT K7, PL#596037 | F11: SAJ-025905 | G11: C1 | H11: CGK | I11: DJA DMI R01 | J11: OPEN | K11: RON PDG
A12: 46308 | B12: PK-SJA | C12: IU | D12: FOOT REST CAPTAIN SIDE LOOSE (SECURE STOWED POSITION) | E12: NEED BUFFER PN : ASNA2151-02 QTY : 1EA REF PL#596422 | F12: SAJ017272 | G12: D | H12: CGK | I12: DJA DMI R01 | J12: CLOSED
A13: 46308 | B13: PK-SJG | C13: IU | D13: CEILING LIGHT AT 18 DEF, 25 DEF NOT ILL | E13: NEED PART FLUORESCENT TUBE QTY : 2EA PN : F30WT8-840 AVAIL AT S1, PL#596351 | F13: SAJ-039572 | G13: C1 | H13: UPG | I13: DJA DMI R01 | J13: CLOSED
A14: 46308 | B14: PK-SJO | C14: IU | D14: ONE OF ENTRY LIGHT 4R (AFT) NOT ILLUMINATE | E14: NEED LAMP PN : F30WT8-840 AVAIL AT L2, PL#596109 BALLAS UNIT PN : 3250-81 PO#2581763 PAYMENT PROCESS CIA | F14: SAJ013156 | G14: C1 | H14: CGK | I14: DJA DMI R01 | J14: CLOSED
A15: 46308 | B15: PK-SGD | C15: IU | D15: L/H FWD ENTRY LIGHT NOT ILLUMINATE NOT ILLUMINATE | E15: LAMP PN:ABS1238-26-30B, BALLAST UNIT PN:4197-20-04 | F15: SAJ-025634 | G15: C1 | H15: SRG | I15: DJA DMI R01 | J15: CLOSED
A16: 46308 | B16: PK-BKP | C16: ID | D16: REF CML B143800 CEILING LIGHT S/N 17DEF ,18ABC,21ABC,25ABC,26DEF,29ABC,29DEF NOT ILLUMINATE | F16: ID026356 | H16: CGK | I16: UNPLANNED DMI | J16: CLOSED

Sheet DJA AOC NSRDIL R01
A1: 46308
A2: REFRESH DATE | B2: WG | C2: AC REG | D2: NSRDI | E2: FINDING DESCRIPTION | F2: CATEGORY | G2: REPORT DATE | H2: DUE DATE | I2: PART NUMBER | J2: PART DESCRIPTION | K2: DEFER | L2: AOC | M2: TYPE | N2: PLAN STA | O2: PLAN DATE | P2: REMARKS | Q2: STATUS | R2: CLOSE DATE | S2: ACT STA | T2: REASON OPEN | U2: CODE OPEN
A3: 46287 | B3: WG 01 | C3: PK-LQT | D3: NLA087294 | E3: DAILY RON CHECK OVERHEAD BIN AT SEAT NO 1BC AND 39ABCDEF NOT PROPER | F3: CBM | G3: 46229 | H3: 46349 | I3: SP23988 | J3: CONTROL | K3: WAITING PERFORM | L3: JT | M3: B737 | N3: KOE | O3: 46308 | P3: AVAIL K1 TP.2626615 // K126 | Q3: OPEN | S3: UPG | T3: D/T NOT RON KOE | U3: IRR
A4: 46304 | B4: WG 12 | C4: PK-WHK | D4: NWA033029 | E4: WORD "EXIT " KELUAR" AT EMERGENCY EXIT WINDOW ARE NOT CLEAR (TORN) | F4: CBM | G4: 46278 | I4: LT11-11-PLC-0025 | J4: EXIT / KELUAR PLACARD | K4: WAITING PERFORM | L4: IW | M4: ATR72 | N4: BDJ | O4: 46308 | P4: PART AVAIL B1 | Q4: CLOSED | R4: 46308 | S4: BDJ
A5: 46261 | B5: WG 06 | C5: PK-LUI | D5: NID002111 | E5: REFF NSRDI NO NBA048520, CARGO NET FWD AND AFT BAD CONDITION | F5: CBM | G5: 46210 | H5: 46330 | K5: INVESTIGATE | L5: ID | M5: A320 | N5: CGK | O5: 46308 | P5: FACING OVERDUE. PLEASE INVESTIGATE/RE-INSPECT. JIKA SUDAH ADA PERBAIKAN, PLEASE CLOSED EMRO. JIKA BELUM PLEASE CLOSED DEFECT LAMA DAN REOPEN DEFECT BARU SESUAI HASIL INSPECT | Q5: CLOSED | R5: 46308 | S5: CGK
A6: 46261 | B6: WG 06 | C6: PK-BDF | D6: NBA007488 | E6: REF NSRDI NO.NBA007487 IFE AT SEAT NO.15ABC-29ABC, 7DEF-29DEF RDU OFFLINE | F6: CBM | K6: INVESTIGATE | L6: ID | M6: A320 | N6: CGK | O6: 46308 | P6: NEW FINDING. PLEASE INVESTIGATE | Q6: CLOSED | R6: 46308 | S6: CGK
A7: 46261 | B7: WG 07 | C7: PK-BKG | D7: NID014191 | E7: REFF FINDING QAA 19425 SEAT BELT NO.21BCDE TORN | F7: CBM | K7: INVESTIGATE | L7: ID | M7: A320 | N7: CGK | O7: 46308 | P7: NEW FINDING. PLEASE INVESTIGATE | Q7: CLOSED | R7: 46308 | S7: CGK
A8: 46261 | B8: WG 07 | C8: PK-BKL | D8: NID008262 | E8: BACKREST 30BF,26D,24D,23A,19D,16E,8CD,6D,31B BAD CONDITION | F8: CBM | K8: INVESTIGATE | L8: ID | M8: A320 | N8: CGK | O8: 46308 | P8: NEW FINDING. PLEASE INVESTIGATE | Q8: CLOSED | R8: 46308 | S8: CGK
A9: 46261 | B9: WG 07 | C9: PK-BKL | D9: NID008265 | E9: REFF NSRDIL NID014077 ALL BACKREST COVER Y-CLASS BAD CONDITION | F9: CBM | K9: INVESTIGATE | L9: ID | M9: A320 | N9: CGK | O9: 46308 | P9: NEW FINDING. PLEASE INVESTIGATE | Q9: CLOSED | R9: 46308 | S9: CGK
A10: 46261 | B10: WG 07 | C10: PK-BKM | D10: NBA051338 | E10: REFF NSRDIL NBA051310 ARMCAP ASSY 4D BROKEN | F10: CBM | G10: 46211 | H10: 46331 | K10: INVESTIGATE | L10: ID | M10: A320 | N10: CGK | O10: 46308 | P10: FACING OVERDUE. PLEASE INVESTIGATE/RE-INSPECT. JIKA SUDAH ADA PERBAIKAN, PLEASE CLOSED EMRO. JIKA BELUM PLEASE CLOSED DEFECT LAMA DAN REOPEN DEFECT BARU SESUAI HASIL INSPECT | Q10: CLOSED | R10: 46308 | S10: CGK
A11: 46276 | B11: WG 07 | C11: PK-BKM | D11: NID012421 | E11: AISLE CARPET FOUND BAD CONDITION | F11: CBM | G11: 46296 | H11: 46296 | K11: INVESTIGATE | L11: ID | M11: A320 | N11: CGK | O11: 46308 | P11: PLEASE INVESTIGATE FINDING OVERDUE. JIKA SUDAH ADA PERBAIKAN, PLEASE CLOSED EMRO. JIKA BELUM PLEASE CLOSED DEFECT LAMA DAN REOPEN DEFECT BARU SESUAI HASIL INSPECT | Q11: CLOSED | R11: 46308 | S11: CGK
A12: 46276 | B12: WG 07 | C12: PK-BKM | D12: NID012422 | E12: ARM CAP 25D FLACKING | F12: CBM | G12: 46296 | H12: 46296 | K12: INVESTIGATE | L12: ID | M12: A320 | N12: CGK | O12: 46308 | P12: PLEASE INVESTIGATE FINDING OVERDUE. JIKA SUDAH ADA PERBAIKAN, PLEASE CLOSED EMRO. JIKA BELUM PLEASE CLOSED DEFECT LAMA DAN REOPEN DEFECT BARU SESUAI HASIL INSPECT | Q12: CLOSED | R12: 46308 | S12: CGK
A13: 46276 | B13: WG 07 | C13: PK-BKM | D13: NID012424 | E13: COVER LIFEVEST AT SEAT 2DF BROKEN | F13: CBM | G13: 46296 | H13: 46296 | K13: INVESTIGATE | L13: ID | M13: A320 | N13: CGK | O13: 46308 | P13: PLEASE INVESTIGATE FINDING OVERDUE. JIKA SUDAH ADA PERBAIKAN, PLEASE CLOSED EMRO. JIKA BELUM PLEASE CLOSED DEFECT LAMA DAN REOPEN DEFECT BARU SESUAI HASIL INSPECT | Q13: CLOSED | R13: 46308 | S13: CGK
A14: 46261 | B14: WG 06 | C14: PK-BLC | D14: NBA048839 | E14: MIRROR LE FOUND FADDED | F14: CBM | G14: 46211 | H14: 46331 | K14: INVESTIGATE | L14: ID | M14: A320 | N14: CGK | O14: 46308 | P14: FACING OVERDUE. PLEASE INVESTIGATE/RE-INSPECT. JIKA SUDAH ADA PERBAIKAN, PLEASE CLOSED EMRO. JIKA BELUM PLEASE CLOSED DEFECT LAMA DAN REOPEN DEFECT BARU SESUAI HASIL INSPECT | Q14: CLOSED | R14: 46308 | S14: CGK
A15: 46261 | B15: WG 06 | C15: PK-BLC | D15: NBA048841 | E15: SEAT CUSHION AT NO.29A BAD CONDITION | F15: CBM | G15: 46216 | H15: 46336 | K15: INVESTIGATE | L15: ID | M15: A320 | N15: CGK | O15: 46308 | P15: FACING OVERDUE. PLEASE INVESTIGATE/RE-INSPECT. JIKA SUDAH ADA PERBAIKAN, PLEASE CLOSED EMRO. JIKA BELUM PLEASE CLOSED DEFECT LAMA DAN REOPEN DEFECT BARU SESUAI HASIL INSPECT | Q15: CLOSED | R15: 46308 | S15: CGK
A16: 46261 | B16: WG 07 | C16: PK-LAM | D16: NBA054876 | E16: REFF NBA048577 NET AFT CARGO BAD CONDITION | F16: CBM | G16: 46209 | H16: 46329 | I16: PN : AC40-0217000 | J16: NET DOOR TYPE A | K16: INVESTIGATE | L16: ID | M16: A320 | N16: CGK | O16: 46308 | P16: FACING OVERDUE. PLEASE INVESTIGATE/RE-INSPECT. JIKA SUDAH ADA PERBAIKAN, PLEASE CLOSED EMRO. JIKA BELUM PLEASE CLOSED DEFECT LAMA DAN REOPEN DEFECT BARU SESUAI HASIL INSPECT | Q16: CLOSED | R16: 46308 | S16: SOC
A17: 46261 | B17: WG 06 | C17: PK-LAW | D17: NBA051940 | E17: REFF NSRDI PAGE NBA051936, OVEN NO 104 FWD GALLEY INOP, AFTER REPLACE STEAM OVEN TROUBLE STILL EXIST, CANNOT CONTINOUSE TROUBLESHOOT D/T CANNOT REMOVE OVEN NO 103 SCREW STUCK | F17: CBM | K17: INVESTIGATE | L17: ID | M17: A320 | N17: CGK | O17: 46308 | P17: NEW FINDING. PLEASE INVESTIGATE | Q17: CLOSED | R17: 46308 | S17: CGK
A18: 46304 | B18: WG 07 | C18: PK-LAY | D18: NID006138 | E18: REF FINDING SRV10755 CARPET UNDER SEAT 18DE 22DF BAD CONDITION | F18: CBM | H18: 46420 | K18: INVESTIGATE | L18: ID | M18: A320 | N18: CGK | O18: 46308 | P18: NEW FINDING. PLEASE INVESTIGATE AND RECTIFICATION. IF NEED SPARE PARTS, PLEASE CREATE RQ IN EMRO | Q18: CLOSED | R18: 46308 | S18: CGK
A19: 46261 | B19: WG 07 | C19: PK-LAY | D19: NID006138 | E19: REF FINDING SRV10755 CARPET UNDER SEAT 18DE 22DF BAD CONDITION | F19: CBM | K19: INVESTIGATE | L19: ID | M19: A320 | N19: CGK | O19: 46308 | P19: NEW FINDING. PLEASE INVESTIGATE | Q19: CLOSED | R19: 46308 | S19: CGK
A20: 46261 | B20: WG 07 | C20: PK-LAY | D20: NID006143 | E20: FINDING SRV : 10755 CARPET UNDERSEAT NO 18DE & 22DF FOUND BAD CONDITION | F20: CBM | K20: INVESTIGATE | L20: ID | M20: A320 | N20: CGK | O20: 46308 | P20: NEW FINDING. PLEASE INVESTIGATE | Q20: CLOSED | R20: 46308 | S20: CGK
A21: 46261 | B21: WG 05 | C21: PK-LBS | D21: NID008054 | E21: REF ICT 18962 BACKREST SEAT 4-29 CD BAD CONDITION | F21: CBM | K21: INVESTIGATE | L21: ID | M21: B737 | N21: CGK | O21: 46308 | P21: NEW FINDING. PLEASE INVESTIGATE | Q21: CLOSED | R21: 46308 | S21: CGK
A22: 46261 | B22: WG 05 | C22: PK-LBS | D22: NID008055 | E22: REF ICT 18961 SEAT POCKET 12A 12C NOT PROPER | F22: CBM | K22: INVESTIGATE | L22: ID | M22: B737 | N22: CGK | O22: 46308 | P22: NEW FINDING. PLEASE INVESTIGATE | Q22: CLOSED | R22: 46308 | S22: CGK
A23: 46261 | B23: WG 05 | C23: PK-LBS | D23: NID008056 | E23: REF ICT 18960 BACKREST SEAT 28C 8C NOT PROPER | F23: CBM | K23: INVESTIGATE | L23: ID | M23: B737 | N23: CGK | O23: 46308 | P23: NEW FINDING. PLEASE INVESTIGATE | Q23: CLOSED | R23: 46308 | S23: CGK
A24: 46261 | B24: WG 05 | C24: PK-LBS | D24: NID008061 | E24: REF ICT 18953 HEADREST PILOT CO-PILOT BAD CONDITION | F24: CBM | K24: INVESTIGATE | L24: ID | M24: B737 | N24: CGK | O24: 46308 | P24: NEW FINDING. PLEASE INVESTIGATE | Q24: CLOSED | R24: 46308 | S24: CGK
A25: 46261 | B25: WG 05 | C25: PK-LBS | D25: NID014570 | E25: ARMCAP SEAT NO 11F, 12ABCDEF, 16BC, 17ABCDEF, 18ABCDEF, 19ABCDEF, 20ABCDEF, 21ABCDEF, 22ABCDEF, 23ABCDEF, 24ABCDEF, 25ABCDEF, 26ABCDEF, 27ABCDEF, 28ABCDEF, 29ABCDEF, 30ABCDEF | F25: CBM | G25: 46207 | H25: 46327 | K25: INVESTIGATE | L25: ID | M25: B737 | N25: CGK | O25: 46308 | P25: FACING OVERDUE. PLEASE INVESTIGATE/RE-INSPECT. JIKA SUDAH ADA PERBAIKAN, PLEASE CLOSED EMRO. JIKA BELUM PLEASE CLOSED DEFECT LAMA DAN REOPEN DEFECT BARU SESUAI HASIL INSPECT | Q25: CLOSED | R25: 46308 | S25: CGK
A26: 46261 | B26: WG 05 | C26: PK-LDK | D26: NID008314 | E26: FRAME WINDOW SEAT NO 30ABC CRACK | F26: CBM | K26: INVESTIGATE | L26: ID | M26: B737 | N26: CGK | O26: 46308 | P26: NEW FINDING. PLEASE INVESTIGATE | Q26: CLOSED | R26: 46308 | S26: CGK
A27: 46303 | B27: WG 01 | C27: PK-LFO | D27: NLA094712 | E27: REFF FINDING ICT19431 RECLINE NO38C 37C 29C 27D 22C 3CD 2C NOT FUNTION | F27: CBM | G27: 46303 | H27: 46423 | K27: INVESTIGATE | L27: JT | M27: B737 | N27: UPG | O27: 46308 | P27: NEW FINDING. PLEASE INVESTIGATE AND RECTIFICATION. IF NEED SPARE PARTS, PLEASE CREATE RQ IN EMRO | Q27: CLOSED | R27: 46308 | S27: UPG | T27: NLA094714
A28: 46304 | B28: WG 06 | C28: PK-LUV | D28: NID008808 | E28: REFF FINDING SRV14031,CARPET NTF AT FWD GALLEY BAD CONDITION | F28: CBM | G28: 46269 | H28: 46389 | I28: 500H6484 | J28: BATIFLEX AVM 282 OPUS MIAMI | K28: WAITING PERFORM | L28: ID | M28: A320 | N28: CGK | O28: 46308 | Q28: OPEN | S28: DJB | T28: A/C NOT RON AS PLAN_NO SPARE at DJB TO PERFORM | U28: IRR
A29: 46304 | B29: WG 07 | C29: PK-LUW | D29: NID021845 | E29: FINDING QAA 18784 THE SCRSCTED ON THE UPPERFUSLAGE PAINTING | F29: PAINTING | H29: 46390 | K29: WAITING PERFORM | L29: ID | M29: A320 | N29: CGK | O29: 46308 | Q29: CLOSED | S29: CGK
A30: 46261 | B30: WG 08 | C30: PK-SAA | D30: NSAJ016789 | E30: DAILY RON CHECK FAIRING SEAT NO. 2BF, 3AF, 4AF FOUND CRACK | F30: CBM | G30: 46304 | H30: 46424 | I30: F0432709 | J30: CENTRAL SPREADER FAIRING, NO RECLINE | K30: WAITING PERFORM | L30: IU | M30: A320 | N30: CGK | O30: 46308 | P30: AVAIL K1 | Q30: CLOSED | R30: 46308 | S30: CGK
A31: 46261 | B31: WG 08 | C31: PK-SAI | D31: NSAJ006021 | E31: REF FINDING ICT 19713 HEADTRACK PEEL OFF NO. 2 ABC | F31: PAINTING | G31: 46303 | H31: 46423 | K31: WAITING PERFORM | L31: IU | M31: A320 | N31: CGK | O31: 46308 | Q31: OPEN | S31: LOP | T31: AIRCRAFT NOT RON AS PLAN DJA | U31: IRR
A32: 46261 | B32: WG 09 | C32: PK-SJH | D32: NSAJ021413 | E32: TOILET SEAT LAV "A" CRACK | F32: CBM | I32: A425400461-600 | J32: SEAT ASSY | K32: WAITING PERFORM | L32: IU | M32: A320 | N32: SUB | O32: 46308 | P32: AVAIL AT S1 | Q32: CLOSED | R32: 46308 | S32: SUB
A33: 46304 | B33: WG 02 | C33: PK-LOQ | D33: NLA070784 | E33: INSPECTION NO 18905 FOUND WINDOW R/H SUNVISOR MISSING | F33: CBM | H33: 46418 | I33: 170-14460-990 | J33: SUNSHADE ASSY NO. 2 WINDOW R/H SIDE | K33: WAITING PERFORM | L33: JT | M33: B737 | N33: DPS | O33: 46308 | P33: AVAIL K5 | Q33: CLOSED | R33: 46308 | S33: DPS
A34: 46287 | B34: WG 02 | C34: PK-LOQ | D34: NLA070784 | E34: INSPECTION NO 18905 FOUND WINDOW R/H SUNVISOR MISSING | F34: CBM | G34: 46298 | H34: 46418 | I34: 170-14460-990 | J34: SUNSHADE ASSY NO. 2 WINDOW R/H SIDE | K34: WAITING PERFORM | L34: JT | M34: B737 | N34: DPS | O34: 46308 | P34: AVAIL K5 | Q34: CLOSED | R34: 46308 | S34: DPS
A35: 46261 | B35: WG 06 | C35: PK-LUP | D35: NID007366 | E35: WATER AND WASTE SYSTEM ERROR | F35: CBM | K35: INVESTIGATE | L35: ID | M35: A320 | N35: HLP | O35: 46308 | P35: NEW FINDING. PLEASE INVESTIGATE | Q35: CLOSED | R35: 46308 | S35: HLP
A36: 46287 | B36: WG 02 | C36: PK-LJI | D36: NLA081718 | E36: REFF NSRDIL NO NLA081718 ESCUTCHION ARMCAP AND SCREW S/N 38A AND 39DF FOUND MISSING | F36: CBM | G36: 46298 | H36: 46418 | I36: 1010206-301BHU | J36: ESCUTCHEON, BLANK | K36: WAITING PERFORM | L36: JT | M36: B737 | N36: SUB | O36: 46308 | P36: AVAIL S1 | Q36: OPEN | S36: KNO | T36: AC NOT RON AS PLAN DJA | U36: IRR
A37: 46287 | B37: WG 01 | C37: PK-LJQ | D37: NLA074512 | E37: DURING DAILY RON CHECK SEAT NUMBERING 1-3ABC, 3DEF FOUND BAD CONDITION | F37: CBM | G37: 46289 | H37: 46409 | I37: LT11-11-PLC-0307 | J37: SEAT NUMBERING NO. 2 ABC | K37: WAITING PERFORM | L37: JT | M37: B737 | N37: CGK | O37: 46308 | P37: AVAIL K22 | Q37: CLOSED | R37: 46308 | S37: CGK
A38: 46287 | B38: WG 01 | C38: PK-LJQ | D38: NLA074512 | E38: DURING DAILY RON CHECK SEAT NUMBERING 1-3ABC, 3DEF FOUND BAD CONDITION | F38: CBM | G38: 46289 | H38: 46409 | I38: LT11-11-PLC-0308 | J38: SEAT NUMBERING NO. 3 ABC | K38: WAITING PERFORM | L38: JT | M38: B737 | N38: CGK | O38: 46308 | P38: AVAIL S1 TO.2627002 K22 | Q38: CLOSED | R38: 46308 | S38: CGK
A39: 46287 | B39: WG 01 | C39: PK-LJQ | D39: NLA074512 | E39: DURING DAILY RON CHECK SEAT NUMBERING 1-3ABC, 3DEF FOUND BAD CONDITION | F39: CBM | G39: 46289 | H39: 46409 | I39: LT11-11-PLC-0371 | J39: SEAT NUMBERING NO. 3 DEF | K39: WAITING PERFORM | L39: JT | M39: B737 | N39: CGK | O39: 46308 | P39: AVAIL K22 | Q39: CLOSED | R39: 46308 | S39: CGK
A40: 46287 | B40: WG 01 | C40: PK-LJQ | D40: NLA074518 | E40: PLACARD ARROW DIRECTION STATION 4R BAD CONDITION | F40: CBM | G40: 46301 | H40: 46421 | I40: LT11-11-PLC-01421 | J40: PLACARD EMERGENCY USED ONLY (HANYA DIPAKAI DALAM KEADAAN DARURAT) | K40: WAITING PERFORM | L40: JT | M40: B737 | N40: CGK | O40: 46308 | P40: AVAIL K22 | Q40: OPEN | S40: CGK | T40: PLACARD NOT COMPLETED I NEED THIS TOO PN:LT11-11-PLC-01422 1EA | U40: WTP
A41: 46287 | B41: WG 01 | C41: PK-LJQ | D41: NLA087489 | E41: PLACARD SEAT NUMBER 3ABCDEF, 1 ABC,2 ABC BAD CONDITION | F41: CBM | G41: 46236 | H41: 46356 | I41: LT11-11-PLC-0307 | J41: SEAT NUMBERING NO. 2 ABC | K41: WAITING PERFORM | L41: JT | M41: B737 | N41: CGK | O41: 46308 | P41: AVAIL K22 | Q41: CLOSED | R41: 46308 | S41: CGK
A42: 46276 | B42: WG 07 | C42: PK-LUZ | D42: NBA004979 | E42: REFF FINDING SRV N0.12168, PLACARD "CLOSE & DOOR " AT PARTITION FTRONT SEAT 1C BAD CONDITION | F42: CBM | G42: 46247 | H42: 46327 | K42: INVESTIGATE | L42: ID | M42: A320 | N42: BTH | O42: 46308 | P42: NEW 1210 | Q42: CLOSED | S42: BTH
A43: 46261 | B43: WG 08 | C43: PK-SAL | D43: NSAJ013039 | E43: REPLACE ALL BRIEFING GUIDE FOR FA @ALL FA SEATS D/T ALL THE CARDS IN BAD CONDITION | F43: CBM | I43: SAJ-DO-03-DCOC-18-R0 | J43: BRIEFING GUIDE FOR FA ISSUED 01, REVISION 0 | K43: WAITING PERFORM | L43: IU | M43: A320 | N43: KNO | O43: 46308 | P43: TO.2626743 | Q43: CLOSED | R43: 46308 | S43: KNO
A44: 46303 | B44: WG 02 | C44: PK-LHY | D44: NLA075267 | E44: DURING DAILY SNUBBER HEADRACK 1BC 4-5ABC 15-16DEF FOUND NOT FUNCTION | F44: CBM | G44: 46229 | H44: 46349 | I44: SP23988 | J44: CONTROL | K44: WAITING PERFORM | L44: JT | M44: B737 | N44: KNO | O44: 46308 | P44: AVAIL K1 TP 2626674 // K7: | Q44: OPEN | S44: PDG | T44: NOT RON KNO | U44: IRR
A45: 46261 | B45: WG 09 | C45: PK-STG | D45: NSAJ001440 | E45: PLACARD HOW TO USE TO OPEN OVERWING TRAY TABLE 15 F NOT AVAILABLE | F45: CBM | G45: 46303 | H45: 46423 | I45: LT11-11-PLC-01731 | J45: EMERGENCY OPENING R | K45: WAITING PERFORM | L45: IU | M45: A320 | N45: LOP | O45: 46308 | P45: TO.2626672/L2 | Q45: CLOSED | R45: 46308
A46: 46261 | B46: WG 08 | C46: PK-SAV | D46: NSAJ013182 | E46: PLEASE INSTALL PLACARD JANGAN MEMBAWA BARANG BAWA'AN /PLEASE DO NOT BRING YOUR BELONGINGS | F46: CBM | G46: 46306 | H46: 46486 | I46: LT11-11-PLC-02904 | J46: DILARANG MEMBAWA BARANG BAWAAN | K46: WAITING PERFORM | L46: IU | M46: A320 | N46: BPN | O46: 46308 | P46: TO.2626682/b9 | Q46: OPEN | S46: CGK | T46: AC NOT RON AS PLAN DJA | U46: IRR
A47: 46304 | B47: WG 09 | C47: PK-SJS | D47: NSAJ036961 | E47: PART OF TOILET BOWL BROKEN | F47: CBM | H47: 46422 | I47: A425400461-712 | J47: TOILET SEATER | K47: WAITING PERFORM | L47: IU | M47: A320 | N47: CGK | O47: 46308 | Q47: CLOSED | R47: 46308 | S47: CGK
A48: 46304 | B48: WG 09 | C48: PK-SJT | D48: NSAJ017140 | E48: RON CHECK SHROUD ASSY LAV LD FOUND CRACK | F48: CBM | G48: 46294 | H48: 46414 | I48: D2547090000400 | J48: SHROUD ASSY-TOILET | K48: WAITING PERFORM | L48: IU | M48: A320 | N48: CGK | O48: 46308 | P48: SPART AVAIL EX REPAIR DI DELTA IRREG | Q48: OPEN | S48: PKU | T48: RON PKU | U48: IRR
A49: 46261 | B49: WG 07 | C49: PK-LUG | D49: NBA032141 | E49: AIP AT FWD FA STATION IS BAD CONDITION | F49: CBM | G49: 46219 | H49: 46339 | K49: INVESTIGATE | L49: ID | M49: A320 | N49: HLP | O49: 46308 | P49: FACING OVERDUE. PLEASE INVESTIGATE/RE-INSPECT. JIKA SUDAH ADA PERBAIKAN, PLEASE CLOSED EMRO. JIKA BELUM PLEASE CLOSED DEFECT LAMA DAN REOPEN DEFECT BARU SESUAI HASIL INSPECT | Q49: CLOSED | R49: 46308 | S49: HLP | T49: REOPEN TO NSRDIL NID016227
A50: 46261 | B50: WG 07 | C50: PK-LUG | D50: NBA032141 | E50: AIP AT FWD FA STATION IS BAD CONDITION | F50: CBM | G50: 46219 | H50: 46339 | K50: INVESTIGATE | L50: ID | M50: A320 | N50: HLP | O50: 46308 | P50: FACING OVERDUE. PLEASE INVESTIGATE/RE-INSPECT. JIKA SUDAH ADA PERBAIKAN, PLEASE CLOSED EMRO. JIKA BELUM PLEASE CLOSED DEFECT LAMA DAN REOPEN DEFECT BARU SESUAI HASIL INSPECT | Q50: CLOSED | R50: 46308 | S50: HLP | T50: REOPEN TO NSRDIL NID016227
A51: 46261 | B51: WG 05 | C51: PK-LBW | D51: NID008538 | E51: CARPET AISLE ROW 20 UNTIL 23 BAD CONDITION | F51: CBM | K51: INVESTIGATE | L51: ID | M51: B737 | N51: SUB | O51: 46308 | P51: NEW FINDING. PLEASE INVESTIGATE | Q51: CLOSED | R51: 46308 | S51: SUB | T51: REOPEN TO NSRDI NID008546
A52: 46301 | B52: WG 13 | C52: PK-LES | D52: NLA081873 | E52: REF NSRDIL NO. NLA081871 WATER TAP AT G1A FOUND INOP | F52: CBM | G52: 46302 | H52: 46422 | I52: GLS25-013-0000 | J52: SPIGOT | K52: WAITING PERFORM | L52: JT | M52: A330 | N52: SUB | O52: 46308 | P52: AVAIL S1 : 1 EA | Q52: OPEN | T52: A/C NOT RON SUB | U52: IRR
A53: 46261 | B53: WG 07 | C53: PK-LUF | D53: NID008695 | E53: OVEN NO. 512 ERROR | F53: CBM | K53: INVESTIGATE | L53: ID | M53: A320 | N53: PLM | O53: 46308 | P53: NEW FINDING. PLEASE INVESTIGATE | Q53: CLOSED | R53: 46308 | S53: PLM
A54: 46261 | B54: WG 09 | C54: PK-SJI | D54: NSAJ037463 | E54: REFF FINDING INSPECTION 19692 LAVATORY E CLOSET NO PLACARD PLEASE SIT & DONT SQUAT ON TOILET BOWL | F54: CBM | I54: LT11-11-PLC-0635 | J54: PLACARD "PLEASE SIT AND DON'T SQUAT ON THE TOILET BOWL" | K54: WAITING PERFORM | L54: IU | M54: A320 | N54: SUB | O54: 46308 | P54: reff TO 2626697 | Q54: CLOSED | R54: 46308 | S54: SUB
A55: 46261 | B55: WG 09 | C55: PK-SJI | D55: NSAJ037464 | E55: REFF FINDING INSPECTION 14691 LAVATORY A CLOSET NO PLACARD PLEASE SIT & DONT SQUAD ON TOILET BOWL | F55: CBM | I55: LT11-11-PLC-0635 | J55: PLACARD "PLEASE SIT AND DON'T SQUAT ON THE TOILET BOWL" | K55: WAITING PERFORM | L55: IU | M55: A320 | N55: SUB | O55: 46308 | P55: reff TO 2626697 | Q55: CLOSED | R55: 46308 | S55: SUB
A56: 46287 | B56: WG 01 | C56: PK-LKQ | D56: NLA076598 | E56: DURING RON CHECK SNUBBER OVHD BIN NO 9DEF, 18-19DEF, 22-23DEF, 28-29DEF & 30-31ABC FOUND BROKEN | F56: CBM | G56: 46177 | H56: 46267 | I56: SP23988 | J56: CONTROL | K56: WAITING PERFORM | L56: JT | M56: B737 | N56: SUB | O56: 46308 | P56: AVAIL K1 TP 2626702 // S1 | Q56: OPEN | S56: UPG | T56: A/C NOT RON SUB | U56: IRR
A57: 46261 | B57: WG 07 | C57: PK-LAJ | D57: NID004502 | E57: DRESS COVER JUMP SEAT FA 3 BAD CONDITION | F57: CBM | K57: INVESTIGATE | L57: ID | M57: A320 | N57: UPG | O57: 46308 | P57: NEW FINDING. PLEASE INVESTIGATE | Q57: CLOSED | S57: UPG | T57: NID004508
A58: 46303 | B58: WG 02 | C58: PK-LFY | D58: NLA082638 | E58: LATCH COMPARTMENT L/V FA 4 HARD TO OPEN | F58: CBM | G58: 46300 | H58: 46420 | I58: SAM222-18 | J58: LATCH ASSY | K58: WAITING PERFORM | L58: JT | M58: B737 | N58: SUB | O58: 46308 | P58: AVAIL K1 TO 2626573 // S1 | Q58: CLOSED | R58: 46308 | S58: SUB
A59: 46304 | B59: WG 10 | C59: PK-WGT | D59: NWA0005215 | E59: SRV 12374 BOTTOM COVER FA JUMPSEAT FWD BAD CONDITION | F59: CBM | G59: 46269 | H59: 46389 | K59: INVESTIGATE | L59: IW | M59: ATR72 | N59: DJJ | O59: 46308 | P59: PLEASE INVESTIGATE AND RECTIFICATION. IF NEED SPARE PARTS, PLEASE CREATE RQ IN EMRO | Q59: OPEN | S59: NBX
A60: 46304 | B60: WG 11 | C60: PK-WGO | D60: NWA015627 | E60: DURING DBI FOUND ARMREST S/N 5C,7C,9D BAD CONDITION | F60: CBM | I60: ASP07851A281 | J60: ARMCAP ARMREST | K60: WAITING PERFORM | L60: IW | M60: ATR72 | N60: NBX | O60: 46308 | P60: PART AVAIL AT N2 | Q60: OPEN | S60: NBX
A61: 46304 | B61: WG 10 | C61: PK-WJR | D61: NWA010365 | E61: REF FIND ING ICT 19245 BACKREST COVER JUMPSEAT AT FA1 BAD CONDITION | F61: CBM | G61: 46290 | H61: 46410 | I61: BT-F0436480, BT-F0436506, BT-F0436475, BT-F0436473, BT-F0436479, | J61: BOTTOM COVER REAR, BACKREST LOWER COVER REAR, BOTTOM COVER FWD, BACKREST LOWER COVER FWD, BACKREST UPPER COVER, | K61: WAITING PERFORM | L61: IW | M61: ATR72 | N61: SOQ | O61: 46308 | P61: AVAIL AT S4 | Q61: OPEN | S61: SOQ
A62: 46304 | B62: WG 12 | C62: PK-WHS | D62: NWA038489 | E62: REFF FINDING ICT18419. COVER PHOTOLUMINESCHENT NO.1 LH FOUND CRACK | F62: CBM | G62: 46288 | H62: 46408 | K62: INVESTIGATE | L62: IW | M62: ATR72 | N62: MOF | O62: 46308 | P62: PLEASE INVESTIGATE AND RECTIFICATION. IF NEED SPARE PARTS, PLEASE CREATE RQ IN EMRO | Q62: OPEN | S62: MOF

Sheet ALL FINDING
A1: 46308 | D1: ALL GROUP LEADER CABIN MAINTENANCE PLEASE CANTUMKAN REFF DOC NUMBER DI KOLOM REMARKS
A2: DATE | B2: AOC | C2: REG | D2: DOC TYPE | E2: FINDING NO | F2: DEFECT DESCRIPTION | G2: ACTION TAKEN | H2: STATION | I2: STATUS FINDING | J2: STATUS DOC | K2: REMARKS REF NO CML/NSRDI/DMI/AFML | L2: PICTURES
A3: 46308 | B3: ID | C3: PK-LUK | D3: INSPECTION | E3: 19439 | F3: PK-LUK Seat Track Cover: 6F, 27F, 28C, 28D, Found missing. Inserted NSRDI No. NID016995 | I3: OPEN | J3: OPEN
A4: 46308 | B4: JT | C4: PK-LKQ | D4: QAA | E4: 18802 | F4: (A01-G) FO Aft window shade missing | I4: OPEN | J4: OPEN
A5: 46308 | B5: JT | C5: PK-LKQ | D5: QAA | E5: 18803 | F5: (A01-18) Capt side seat in poor condition | I5: OPEN | J5: OPEN
A6: 46308 | B6: JT | C6: PK-LHR | D6: QAA | E6: 18892 | F6: Ceilling cover by tape at row 28 | I6: OPEN | J6: OPEN
A7: 46308 | B7: JT | C7: PK-LHR | D7: QAA | E7: 18893 | F7: LD lavatory toilet seat crack. | I7: OPEN | J7: OPEN
A8: 46308 | B8: JT | C8: PK-LHR | D8: QAA | E8: 18894 | F8: Over head bin hydrolock inop | I8: OPEN | J8: OPEN
A9: 46308 | B9: JT | C9: PK-LKV | D9: INSPECTION | E9: 18845 | F9: PK-LKV FOUND FWD AND AFT LAVATORY SIGN NOT ILLUMINATE | I9: OPEN | J9: OPEN
A10: 46308 | B10: JT | C10: PK-LKV | D10: INSPECTION | E10: 18847 | F10: FOUND POT COFFE MAKER AT FWD GALEY NOT INSTALLED | I10: OPEN | J10: OPEN
A11: 46308 | B11: ID | C11: PK-BKF | D11: INSPECTION | E11: 18645 | F11: BACKREST COVER TORN AT OBSERVER SEAT | I11: OPEN | J11: OPEN
A12: 46308 | B12: ID | C12: PK-BKF | D12: INSPECTION | E12: 18647 | F12: PANEL COVER BROKEN AT SEAT NO 4C | I12: OPEN | J12: OPEN
A13: 46308 | B13: ID | C13: PK-BKF | D13: INSPECTION | E13: 18648 | F13: PANEL COVER SEAT UNPROPER AT SEAT NO 4D | I13: OPEN | J13: OPEN
A14: 46308 | B14: ID | C14: PK-BKF | D14: INSPECTION | E14: 18650 | F14: SEAT CANT RECLINE AT SEAT NO 26 C & D | I14: OPEN | J14: OPEN
... A29: 46308 | B29: JT | C29: PK-LHR | D29: QAA | E29: 18681 | F29: A/C EXTERIOR FOUND DIRTY | I29: OPEN | J29: OPEN
A30: 46308 | B30: ID | C30: PK-BKF | D30: INSPECTION | E30: 18656 | F30: HINGE TOILET SEAT BROKEN AT LAVATORY A | H30: CGK | I30: CLOSED | J30: CLOSED | K30: B141632/NID014243
A31: 46308 | B31: ID | C31: PK-BKF | D31: INSPECTION | E31: 18658 | F31: FILTER WASHBESIN MISSING AT LAVATORY D&E | H31: CGK | I31: CLOSED | J31: OPEN | K31: CLOSED LAV D B141628 / OPEN NSRDIL LAV E NID021496
A32: 46308 | B32: ID | C32: PK-BKF | D32: INSPECTION | E32: 18649 | F32: SPRING BUCKLE SEAT BROKEN AT SEAT NO 12E | H32: CGK | I32: CLOSED | J32: OPEN | K32: NID021497
A33: 46308 | B33: ID | C33: PK-BKF | D33: INSPECTION | E33: 18643 | F33: SEAT COVER BOTTOM BROKEN AT CAPTAIN SEAT | H33: CGK | I33: CLOSED | J33: OPEN | K33: NID021498
A34: 46308 | B34: ID | C34: PK-BKF | D34: INSPECTION | E34: 18644 | F34: SEAT COVER BOTTOM BROKEN AT OBSERVER SEAT | H34: CGK | I34: CLOSED | J34: OPEN | K34: NID021499
A35: 46308 | B35: ID | C35: PK-BKF | D35: INSPECTION | E35: 18646 | F35: BACKREST BROKEN AT SEAT NO 20E | H35: CGK | I35: CLOSED | J35: OPEN | K35: NID021500
A36: 46308 | B36: IU | C36: PK-STF | D36: QAA | E36: 19107 | F36: A01-18 (HARNESS FO SIDE WAS BAD CONDITION | H36: CGK | I36: CLOSED | J36: OPEN | K36: NSAJ016987
A37: 46308 | B37: IU | C37: PK-SJT | D37: INSPECTION | E37: 19254 | F37: LOWER MIRROR ERRODED IN LAVATORY D | H37: PKU | I37: CLOSED | J37: OPEN | K37: NSAJ017144
A38: 46308 | B38: IU | C38: PK-SJT | D38: INSPECTION | E38: 19253 | F38: COVER WATER FILTER WASH BASIN MISSING IN LAVATORY A | H38: PKU | I38: CLOSED | J38: OPEN | K38: NSAJ017145
A39: 46308 | B39: IU | C39: PK-SJT | D39: INSPECTION | E39: 19251 | F39: NO PLACARD "PLEASE SEAT & DON'T SQUAT ON TOILET BOWL IN TOILET D & E | H39: PKU | I39: CLOSED | J39: OPEN | K39: NSAJ017146
A40: 46308 | B40: IU | C40: PK-STF | D40: QAA | E40: 19084 | F40: A01-M-G FO aft window shade missing~~~~~~~~~~~~~~~~~ | H40: CGK | I40: CLOSED | J40: OPEN | K40: NSAJ024327
A41: 46308 | B41: IU | C41: PK-STF | D41: QAA | E41: 19085 | F41: A01-M-G (SUN VISOR CAPTAIN SIDE WAS BAD CONDITION) | H41: CGK | I41: CLOSED | J41: OPEN | K41: NSAJ024328
... A51: 46308 | B51: IU | C51: PK-SJT | D51: INSPECTION | E51: 19252 | F51: COVER SEAT TRACK MISSING AT ROW 31FED | H51: PKU | I51: CLOSED | J51: CLOSED | K51: S126555
A52: 46308 | B52: IU | C52: PK-SJI | D52: INSPECTION | E52: 18930 | F52: TAIL SECTION IS DIRTY | I52: OPEN | J52: OPEN

Sheet UNPLANNED WO
A1: 46307
A2: DATE | B2: AOC | C2: REG | D2: DOC TYPE | E2: NO. DOC | F2: DEFFECT DESCRIPTION | G2: STATUS MATERIAL | H2: STA | I2: STATUS | J2: REMARKS
A3: 46307 | B3: BATIK AIR | C3: PK-LUG | D3: WO | E3: 2347420 | F3: ALL BUSINESS SEAT DRESS COVER | H3: CGK | I3: CLOSED
A4: 46308 | B4: SUPER AIR JET | C4: PK-SAP | D4: WO | E4: 2353023 | F4: PLEASE REMOVE BALLAST UNIT PN 3250-81 QTY 1EA FOR SUPPORT PK-SJO DMI DUE C1 | H4: CGK | I4: CLOSED
A5: 46308 | B5: SUPER AIR JET | C5: PK-SAP | D5: WO | E5: 2353085 | F5: REMOVE PART LAMP | H5: CGK | I5: CLOSED
A6: 46308 | B6: BATIK AIR | C6: PK-LUG | D6: NSRDIL | E6: NBA032141 | F6: RE OPEN TO NSRDIL NID016227 | H6: HLP | I6: CLOSED
A7: 46308 | B7: BATIK AIR | C7: PK-LUP | D7: NSRDIL | E7: NID007366 | F7: WATER AND WASTE SYSTEM EROR | H7: HLP | I7: CLOSED
A8: 46308 | B8: BATIK AIR | C8: PK-BKF | D8: NSRDIL | E8: NID014243 | F8: DURING DAILY CHECK COVER TOILET AT LAV A FOUND CRACK | H8: CGK | I8: CLOSED
A9: 46308 | B9: BATIK AIR | C9: PK-LUG | D9: NSRDIL | E9: NID016225 | F9: PLACARD LAW STEATMENT AT 2F,3DF FOND MISSING | H9: HLP | I9: CLOSED
A10: 46307 | B10: LION AIR | C10: PK-LKQ | D10: NSRDIL | E10: NLA080275 | F10: PLEASE ADD SPARE SAFETY CARD AND PLACARD INOP | H10: UPG | I10: CLOSED
A11: 46307 | B11: LION AIR | C11: PK-LSO | D11: NSRDIL | E11: NLA085962 | F11: SPARE SAFETY CARD NEW REVISION NOT AVAILABLE | H11: UPG | I11: CLOSED
A12: 46308 | B12: LION AIR | C12: PK-LRI | D12: NSRDIL | E12: NLA094757 | F12: ONE OF O2 MASK FOR SAFETY DEMO WITH NO RESERVOIR BAG | H12: CGK | I12: CLOSED
A13: 46308 | B13: SUPER AIR JET | C13: PK-SJO | D13: NSRDIL | E13: NSAJ013064 | F13: ENTRY LIGHT AT AFT STATION ( 4R ) FOUND NOT ILLUMINATE | H13: CGK | I13: CLOSED
A14: 46308 | B14: SUPER AIR JET | C14: PK-SAO | D14: NSRDIL | E14: NSAJ021308 | F14: BEVERAGE MAKER AT G1 LOW WATER | H14: SUB | I14: CLOSED
A15: 46308 | B15: SUPER AIR JET | C15: PK-SAO | D15: NSRDIL | E15: NSAJ021310 | F15: SRV NO. 10234 DURING PERFORMED WO INTERIOR CABIN INSPECTION , ROLLER BLIND AT (AFT LH &RH) MISSING | H15: SUB | I15: CLOSED
A16: 46307 | B16: WINGS AIR | C16: PK-WJJ | D16: NSRDIL | E16: NWA 007750 | F16: HOT JUG NO.2 INOP | H16: UPG | I16: CLOSED
A17: 46307 | B17: WINGS AIR | C17: PK-WFU | D17: NSRDIL | E17: NWA008801 | F17: CONTROL COLUMN RUBBER GRIP CAPT SIDE (LH) AND FO SIDE (RH) MISSING. | H17: UPG | I17: CLOSED
A18: 46308 | B18: WINGS AIR | C18: PK-WFU | D18: NSRDIL | E18: NWA023500 | F18: ACCESS TO CARGO DOOR AT FWD IS LIKELY TO FALL WHENEVER IMPACT | H18: UPG | I18: CLOSED

Sheet UNPLANNED NSRDI
A1: REFRESH DATE | B1: WG | C1: AC REG | D1: NSRDI | E1: FINDING DESCRIPTION | F1: CATEGORY | G1: REPORT DATE | H1: DUE DATE | I1: PART NUMBER | J1: PART DESCRIPTION | K1: DEFER | L1: AOC | M1: TYPE | N1: PLAN STA | O1: PLAN DATE | P1: REMARKS | Q1: STATUS | R1: CLOSE DATE | S1: ACT STA | T1: REASON OPEN | U1: CODE OPEN
A2: 46296 | B2: WG 09 | C2: PK-SJZ | D2: NSAJ013298 | E2: ONE OF HANDLE PBE AT FWD STATION NOT AVAILABLE | F2: CBM | G2: 46227 | L2: IU | M2: A320 | N2: SOC | P2: REFF AMM 25-62-21 PERFOMED RECTIFIED ONE OF HANDLE PBE AT FWD STATION D/T NOT AVAILABLE HAS BEEN C/O, RESULT GOOD & SECURE | Q2: CLOSED | R2: 46296 | S2: SOC
A3: 46296 | C3: PK-SAW | D3: NSAJ006240 | E3: PLACARD LAW STATEMENT AT SEAT NO : 12ABC,DEF NOT AVAILABLE | F3: CBM | L3: IU | M3: A320 | N3: SUB | P3: PERFORMED INSTALL PLACARD LAW STATEMENT AT SEAT NO : 12ABC,DEF D/T NOT AVAILABLE | Q3: CLOSED | R3: 46296 | S3: SUB
A4: 46296 | C4: PK-LEU | D4: NLA090060 | E4: WATER HEATER FWD G1A NO.2 AND FWD GIF NO.2 CAN'T OPERATE AND WATER NOT HOT | F4: CBM | L4: JT | M4: A330 | N4: SUB | P4: PERFORMED REPLACED WATER HEATER FWD G1A NO.2 AND FWD GIF NO.2 D/T CAN'T OPERATE AND WATER NOT HOT , RESULT GOOD AND WATER HEATER G1F NO.1 ACTUAL ON GROUND NORMAL | Q4: CLOSED | R4: 46296 | S4: SUB
A5: 46296 | B5: WG 09 | C5: PK-STH | D5: NSAJ015475 | E5: EXTENSION SEAT BELT NOT MATCH WITH LOPA (-2EA) | F5: CBM | G5: 46273 | L5: IU | M5: A320 | N5: PLM | P5: I.A.W AMM ATA 25-21-00 PERFORM COMPLETED EXTENSION SEAT BELT DUE TO NOT MATCH WITH LOPA ( MINUS 2 EA ) | Q5: CLOSED | R5: 46296 | S5: PLM
A6: 46296 | B6: WG 09 | C6: PK-STH | D6: NSAJ015484 | E6: TOTAL QUANTITY OF EXTENSION SEAT BELT ON AIRCRAFT NOT MATCH ACCORDING TO THE LOPA 4EA ACTUAL 2EA | F6: CBM | G6: 46295 | L6: IU | M6: A320 | N6: PLM | P6: I.A.W AMM ATA 25-21-00 PERFORM COMPLETED EXTENSION SEAT BELT DUE TO NOT MATCH WITH LOPA ( MINUS 2 EA ) | Q6: CLOSED | R6: 46296 | S6: PLM
A7: O1-Oct-26 | C7: PK-LUG | D7: NLA016220 | E7: PLEASE ADDE PLACARD INOP | F7: CBM | L7: ID | M7: A320 | N7: UPG | P7: PERFORM ADDED PLACARD INOP AT BOOK CML QT,5EA | Q7: CLOSED | R7: 46296 | S7: UPG
A8: 46296 | C8: PK-WFS | D8: NWA026272 | E8: LOCK LATCH ASSY ACCES DOOR TO CARGO | F8: CBM | L8: IW | M8: ATR72 | N8: LOP | P8: PERFORMED RECTIFIED LOCK LATCH ASSY ACCES DOOR TO CARGO C/O OPS TEST RESULT GOOD | Q8: CLOSED | R8: 46296 | S8: LOP
A9: 46296 | C9: PK-WFS | D9: NWA008446 | E9: LOCK LATCH ASSY ACCES DOOR TO CARGO | F9: CBM | L9: IW | M9: ATR72 | N9: LOP | P9: PERFORMED RECTIFIED LOCK LATCH ASSY ACCES DOOR TO CARGO C/O OPS TEST RESULT GOOD | Q9: CLOSED | R9: 46296 | S9: LOP
A10: 46296 | C10: PK-WFS | D10: NWA026275 | E10: COVER BACKREST JUMPSEAT FA 1 BAD CONDITON | F10: CBM | L10: IW | M10: ATR72 | N10: LOP | P10: PERFORMED REPLACED COVER BACKREST JUMPSEAT FA 1 D/T BAD CONDITON C/O | Q10: CLOSED | R10: 46296 | S10: LOP
A11: 46296 | C11: PK-WGR | D11: NWA038896 | E11: CARGO NET AFT D/T BAD CONDITION ( DIRTY ) | F11: CBM | L11: IW | M11: ATR72 | N11: LOP | P11: PERFORMED CLEAN UP CARGO NET AFT D/T BAD CONDITION ( DIRTY ) HAS BEEN C/O | Q11: CLOSED | R11: 46296 | S11: LOP
A12: 46296 | C12: PK-LJI | D12: NLA081701 | E12: WINDOW SHUTER SEAT 20-21ABC D/T BAD CONDITION | F12: CBM | L12: JT | M12: B737NG | N12: LOP | P12: PERFORMED ADSJUSMENT AND CLEAN UP WINDOW SHUTER SEAT 20-21ABC D/T BAD CONDITION C/O RESULT GOOD AND NORMALY | Q12: CLOSED | R12: 46296 | S12: LOP
A13: 46296 | C13: PK-SAV | D13: NSAJ013166 | E13: BONDING CABLE AT RH & LH NLG D/T BROKEN | F13: CBM | L13: IU | M13: A320 | N13: LOP | P13: PERFORMED CHECK ACTUAL FOUND BONDING CABLE AT RH & LH NLG D/T BROKEN C/O RESULT NEWS AND GOOD CONDITION | Q13: CLOSED | R13: 46296 | S13: LOP
A14: 46296 | C14: PK-LFY | D14: NLA082613 | E14: PK-LSY SRV 12440 SEATER LE BAD CONDITION | F14: CBM | L14: JT | M14: B739 | P14: PERFORMED REPLACED SEATER LAVATORY LE D/T BAD CONDITION | Q14: CLOSED | R14: 46296 | S14: CGK
A15: 46296 | C15: PK-LOJ | D15: NLA084116 | E15: PERFROMED RECTIFIED SPRING AT LATCH COMPARTMENT NO406 AFT GALLEY DUE TO CANT LOCK HAS BEEN DONE | F15: CBM | L15: JT | M15: B738 | P15: PERFORMED RECTIFIED SPRING AT LATCH COMPARTMENT NO 406 AFT GALLEY D/T CANT LOCK | Q15: CLOSED | R15: 46296 | S15: CGK
A16: 46296 | C16: PK-SJT | D16: NSAJ017107 | E16: REFF TO NSDRIL NSAJ017106 LATCH WASTE COMPARTMENT AT G1 MISSING | F16: CBM | L16: IU | M16: A320 | P16: REOPEN TO PAGE NO NSAJ017142 | Q16: CLOSED | R16: 46296 | S16: CGK
A17: 46296 | C17: PK-SAS | D17: NSAJ007109 | E17: REF FINDING ICT 18258AND 18259 SEATER TOILET LAV AT LD LE FOUND CRACK | F17: CBM | L17: IU | M17: A320 | P17: PERFORMED REPLACED SEATER LAVATORY LD,LE DUE TO CRACK. RESULT GOOD CONDITION | Q17: CLOSED | R17: 46296 | S17: CGK
A18: 46296 | C18: PK-SAO | D18: NSAJ021351 | E18: OXYGEN MASK FOR DEMO KIT AT FWD CABIN FOUND BAD CONDITION | F18: CBM | L18: IU | M18: A320 | P18: PERFORMED REPLACED OXYGEN MASK FOR DEMO KIT AT FWD CABIN DUE TO BAD CONDITION. RESULT GOOD CONDITION | Q18: CLOSED | R18: 46296 | S18: CGK
A19: 46296 | C19: PK-SJI | D19: NSAJ037458 | E19: PERFORMED COMPLATED VACANT OCCUPIED SING AT LAVATORY LD HAS BEEN CLOSED RESULT GOOD | F19: CBM | L19: IU | M19: A320 | P19: PERFORMED REPLACED COVER ESCUTCHION VACANT/OCCUPIED AT LAVATORY LD | Q19: CLOSED | R19: 46296 | S19: CGK
A20: 46296 | C20: PK-WFT | D20: NWA 006459 | E20: REFF FINDING ICT NO. 15010 : HYD ACCUMULATOR SIGHT GLASS FOUND BLUR. | F20: CBM | L20: IW | M20: ATR72 | P20: REF AMM:25-00-00 RE OPEN NSRDIL NWA006478 HYD ACCUMULATOR SIGHT GLASS FOUND BLUR | Q20: CLOSED | R20: 46296 | S20: KNO
A21: 46297 | B21: WG 08 | C21: PK-SGC | D21: NSAJ008176 | E21: DURING DAILY CHECK AIRFI AT AFT STATION NOT AVAILABLE | F21: CBM | I21: DSD.IU.999.0819 | J21: AIRFI BOX FOR SUPER AIR JET | L21: IU | M21: A320 | N21: SOC | P21: PERFORMED COMPLETED AIRFI BOX AT AFT STATION HAS BEEN CARRIED OUT | Q21: CLOSED | R21: 46297 | S21: SOC
A22: 46297 | B22: WG 07 | C22: PK-LAO | D22: NBA047692 | E22: CARPET BATIFLEX AT LAV A & LAV E BAD CONDITION | F22: CBM | I22: 497B6490 | J22: CARPET BATIFLEX | L22: ID | M22: A320 | N22: SOC | P22: REOPEN TO NSRDI NID012356 | Q22: CLOSED | R22: 46297 | S22: SOC
A23: 46297 | B23: WG 07 | C23: PK-LAO | D23: NBA047695 | E23: PEEL OFF ON VERSTAB AND FUSELAGE (NEED PAINTING) | F23: CBM | L23: ID | M23: A320 | N23: SOC | P23: REOPEN TO NSRDI NID012357 | Q23: CLOSED | R23: 46297 | S23: SOC
A24: 46297 | B24: WG 07 | C24: PK-LAO | D24: NID012351 | E24: PLACARD CREW L/V FO FOUND MISSING | F24: CBM | I24: LT11-11-PLC-0078 | J24: PLACARD CREW LIFE VEST | L24: ID | M24: A320 | N24: SOC | P24: PERFORMED INSTALL PLACARD CREW LIFE VEST FO HAS BEEN CARRIED OUT | Q24: CLOSED | R24: 46297 | S24: SOC
A25: 46297 | C25: PK-LUP | D25: NID007357 | E25: 1 RED TAB LIFE VEST DEMO KIT NOT AVAIL | F25: CBM | L25: ID | M25: A320 | N25: HLP | P25: PERFORMED REPLACED DEMO LIFE VEST AT AFT HAS BEEN C/O | Q25: CLOSED | R25: 46297 | S25: HLP
A26: 46297 | B26: WG10 | C26: PK-WGH | D26: NWA023013 | E26: MIRROR AT LAVATORY FOUND BAD CONDITION | F26: CBM | L26: IW | M26: ATR72 | N26: AMQ | P26: PERFORMED REOPEN TO NSRDI PAGE NO.NWA023029 | Q26: CLOSED | R26: 46297 | S26: AMQ
A27: 46297 | B27: WG10 | C27: PK-WGH | D27: NWA023019 | E27: LATCH LOCK-UNLOCK LAVATORY DOOR IS MISSING AND HARD TO CLOSING AND OPENING THE DOOR | F27: CBM | G27: 46194 | L27: IW | M27: ATR72 | N27: AMQ | P27: PERFORMED RECTIFICATION LATCH LOCK-UNLOCK AND TRACK LAVATORY DOOR ,HAS BEEN C/O | Q27: CLOSED | R27: 46297 | S27: AMQ
A28: 46297 | B28: WG10 | C28: PK-WGH | D28: NWA023020 | E28: SMOKE BARIER CUTAIN VELCRO IN BAD CONDITION | F28: CBM | G28: 46194 | L28: IW | M28: ATR72 | N28: AMQ | P28: PERFORMED REPLACE VELCRO CURTAIN ANTI SMOKE D/T BAD CONDITION, HAS BEEN C/O | Q28: CLOSED | R28: 46297 | S28: AMQ
A29: 46297 | C29: PK-WFK | D29: NWA003363 | E29: HEADRACK SEAT NO. 10AC IS BROKEN | F29: CBM | L29: IW | M29: ATR72 | N29: UPG | P29: TRANSFER TO NSRDI NO NWA003381 | Q29: CLOSED | R29: 46297 | S29: =_xludf.IFNA(IFS(COUNTIFS('[1]List AC'!$A:$A,$C29)>0,'[1]List AC'!$A$2,COUNTIFS('[1]List AC'!$B:$B,$C29)>0,'[1]List AC'!$B$2,COUNTIFS('[1]List AC'!$C:$C,$C29)>0,'[1]List AC'!$C$2,COUNTIFS('[1]List AC'!$D:$D,$C29)>0,'[1]List AC'!$D$2,COUNTIFS('[1]List AC'!$E:$E,$C29)>0,'[1]List AC'!$E$2,COUNTIFS('[1]List AC'!$F:$F,$C29)>0,'[1]List AC'!$F$2,COUNTIFS('[1]List AC'!$G:$G,$C29)>0,'[1]List AC'!$G$2,COUNTIFS('[1]List AC'!$H:$H,$C29)>0,'[1]List AC'!$H$2,COUNTIFS('[1]List AC'!$I:$I,$C29)>0,'[1]List AC'!$I$2,COUNTIFS('[1]List AC'!$J:$J,$C29)>0,'[1]List AC'!$J$2,COUNTIFS('[1]List AC'!$K:$K,$C29)>0,'[1]List AC'!$K$2,COUNTIFS('[1]List AC'!$L:$L,$C29)>0,'[1]List AC'!$L$2,COUNTIFS('[1]List AC'!$Q:$Q,$C29)>0,'[1]List AC'!$Q$2,COUNTIFS('[1]List AC'!$M:$M,$C29)>0,'[1]List AC'!$M$2,COUNTIFS('[1]List AC'!$N:$N,$C29)>0,'[1]List AC'!$N$2,COUNTIFS('[1]List AC'!$O:$O,$C29)>0,'[1]List AC'!$O$2,COUNTIFS('[1]List AC'!$P:$P,$C29)>0,'[1]List AC'!$P$2,COUNTIFS('[1]List AC'!$R:$R,$C29)>0,'[1]List AC'!$R$2,COUNTIFS('[1]List AC'!$S:$S,$C29)>0,'[1]List AC'!$S$2,COUNTIFS('[1]List AC'!$T:$T,$C29)>0,'[1]List AC'!$T$2,COUNTIFS('[1]List AC'!$U:$U,$C29)>0,'[1]List AC'!$U$2,COUNTIFS('[1]List AC'!$V:$V,$C29)>0,'[1]List AC'!$V$2,COUNTIFS('[1]List AC'!$W:$W,$C29)>0,'[1]List AC'!$W$2,COUNTIFS('[1]List AC'!$X:$X,$C29)>0,'[1]List AC'!$X$2,COUNTIFS('[1]List AC'!$Y:$Y,$C29)>0,'[1]List AC'!$Y$2,COUNTIFS('[1]List AC'!$Z:$Z,$C29)>0,'[1]List AC'!$Z$2,COUNTIFS('[1]List AC'!$AA:$AA,$C29)>0,'[1]List AC'!$AA$2,COUNTIFS('[1]List AC'!$AB:$AB,$C29)>0,'[1]List AC'!$AB$2,COUNTIFS('[1]List AC'!$AC:$AC,$C29)>0,'[1]List AC'!$AC$2,COUNTIFS('[1]List AC'!$AD:$AD,$C29)>0,'[1]List AC'!$AD$2,COUNTIFS('[1]List AC'!$AE:$AE,$C29)>0,'[1]List AC'!$AE$2,COUNTIFS('[1]List AC'!$AF:$AF,$C29)>0,'[1]List AC'!$AF$2,COUNTIFS('[1]List AC'!$AG:$AG,$C29)>0,'[1]List AC'!$AG$2,COUNTIFS('[1]List AC'!$AH:$AH,$C29)>0,'[1]List AC'!$AH$2,COUNTIFS('[1]List AC'!$AI:$AI,$C29)>0,'[1]List AC'!$AI$2,COUNTIFS('[1]List AC'!$AJ:$AJ,$C29)>0,'[1]List AC'!$AJ$2,COUNTIFS('[1]List AC'!$AK:$AK,$C29)>0,'[1]List AC'!$AK$2,COUNTIFS('[1]List AC'!$AL:$AL,$C29)>0,'[1]List AC'!$AL$2,COUNTIFS('[1]List AC'!$AM:$AM,$C29)>0,'[1]List AC'!$AM$2,COUNTIFS('[1]List AC'!$AN:$AN,$C29)>0,'[1]List AC'!$AN$2,COUNTIFS('[1]List AC'!$AO:$AO,$C29)>0,'[1]List AC'!$AO$2,COUNTIFS('[1]List AC'!$AP:$AP,$C29)>0,'[1]List AC'!$AP$2,COUNTIFS('[1]List AC'!$AQ:$AQ,$C29)>0,'[1]List AC'!$AQ$2,COUNTIFS('[1]List AC'!$AR:$AR,$C29)>0,'[1]List AC'!$AR$2,COUNTIFS('[1]List AC'!$AS:$AS,$C29)>0,'[1]List AC'!$AS$2,COUNTIFS('[1]List AC'!$AT:$AT,$C29)>0,'[1]List AC'!$AT$2,COUNTIFS('[1]List AC'!$AU:$AU,$C29)>0,'[1]List AC'!$AU$2,COUNTIFS('[1]List AC'!$AV:$AV,$C29)>0,'[1]List AC'!$AV$2,COUNTIFS('[1]List AC'!$AW:$AW,$C29)>0,'[1]List AC'!$AW$2,COUNTIFS('[1]List AC'!$AX:$AX,$C29)>0,'[1]List AC'!$AX$2,COUNTIFS('[1]List AC'!$AY:$AY,$C29)>0,'[1]List AC'!$AY$2,COUNTIFS('[1]List AC'!$AZ:$AZ,$C29)>0,'[1]List AC'!$AZ$2,COUNTIFS('[1]List AC'!$BA:$BA,$C29)>0,'[1]List AC'!$BA$2,COUNTIFS('[1]List AC'!$BB:$BB,$C29)>0,'[1]List AC'!$BB$2,COUNTIFS('[1]List AC'!$BC:$BC,$C29)>0,'[1]List AC'!$BC$2,COUNTIFS('[1]List AC'!$BD:$BD,$C29)>0,'[1]List AC'!$BD$2),"") -> #NAME?
A30: 46297 | C30: PK-LET | D30: NLA089304 | E30: PART OF FA SEAT IR N 1L BROKEN | F30: CBM | L30: JT | M30: A330 | N30: UPG | P30: PERFORM REPAIR PART OF FA SEAT IR N 1L HAS BEEN DONE | Q30: CLOSED | R30: 46297 | S30: =_xludf.IFNA(IFS(COUNTIFS('[1]List AC'!$A:$A,$C30)>0,'[1]List AC'!$A$2,COUNTIFS('[1]List AC'!$B:$B,$C30)>0,'[1]List AC'!$B$2,COUNTIFS('[1]List AC'!$C:$C,$C30)>0,'[1]List AC'!$C$2,COUNTIFS('[1]List AC'!$D:$D,$C30)>0,'[1]List AC'!$D$2,COUNTIFS('[1]List AC'!$E:$E,$C30)>0,'[1]List AC'!$E$2,COUNTIFS('[1]List AC'!$F:$F,$C30)>0,'[1]List AC'!$F$2,COUNTIFS('[1]List AC'!$G:$G,$C30)>0,'[1]List AC'!$G$2,COUNTIFS('[1]List AC'!$H:$H,$C30)>0,'[1]List AC'!$H$2,COUNTIFS('[1]List AC'!$I:$I,$C30)>0,'[1]List AC'!$I$2,COUNTIFS('[1]List AC'!$J:$J,$C30)>0,'[1]List AC'!$J$2,COUNTIFS('[1]List AC'!$K:$K,$C30)>0,'[1]List AC'!$K$2,COUNTIFS('[1]List AC'!$L:$L,$C30)>0,'[1]List AC'!$L$2,COUNTIFS('[1]List AC'!$Q:$Q,$C30)>0,'[1]List AC'!$Q$2,COUNTIFS('[1]List AC'!$M:$M,$C30)>0,'[1]List AC'!$M$2,COUNTIFS('[1]List AC'!$N:$N,$C30)>0,'[1]List AC'!$N$2,COUNTIFS('[1]List AC'!$O:$O,$C30)>0,'[1]List AC'!$O$2,COUNTIFS('[1]List AC'!$P:$P,$C30)>0,'[1]List AC'!$P$2,COUNTIFS('[1]List AC'!$R:$R,$C30)>0,'[1]List AC'!$R$2,COUNTIFS('[1]List AC'!$S:$S,$C30)>0,'[1]List AC'!$S$2,COUNTIFS('[1]List AC'!$T:$T,$C30)>0,'[1]List AC'!$T$2,COUNTIFS('[1]List AC'!$U:$U,$C30)>0,'[1]List AC'!$U$2,COUNTIFS('[1]List AC'!$V:$V,$C30)>0,'[1]List AC'!$V$2,COUNTIFS('[1]List AC'!$W:$W,$C30)>0,'[1]List AC'!$W$2,COUNTIFS('[1]List AC'!$X:$X,$C30)>0,'[1]List AC'!$X$2,COUNTIFS('[1]List AC'!$Y:$Y,$C30)>0,'[1]List AC'!$Y$2,COUNTIFS('[1]List AC'!$Z:$Z,$C30)>0,'[1]List AC'!$Z$2,COUNTIFS('[1]List AC'!$AA:$AA,$C30)>0,'[1]List AC'!$AA$2,COUNTIFS('[1]List AC'!$AB:$AB,$C30)>0,'[1]List AC'!$AB$2,COUNTIFS('[1]List AC'!$AC:$AC,$C30)>0,'[1]List AC'!$AC$2,COUNTIFS('[1]List AC'!$AD:$AD,$C30)>0,'[1]List AC'!$AD$2,COUNTIFS('[1]List AC'!$AE:$AE,$C30)>0,'[1]List AC'!$AE$2,COUNTIFS('[1]List AC'!$AF:$AF,$C30)>0,'[1]List AC'!$AF$2,COUNTIFS('[1]List AC'!$AG:$AG,$C30)>0,'[1]List AC'!$AG$2,COUNTIFS('[1]List AC'!$AH:$AH,$C30)>0,'[1]List AC'!$AH$2,COUNTIFS('[1]List AC'!$AI:$AI,$C30)>0,'[1]List AC'!$AI$2,COUNTIFS('[1]List AC'!$AJ:$AJ,$C30)>0,'[1]List AC'!$AJ$2,COUNTIFS('[1]List AC'!$AK:$AK,$C30)>0,'[1]List AC'!$AK$2,COUNTIFS('[1]List AC'!$AL:$AL,$C30)>0,'[1]List AC'!$AL$2,COUNTIFS('[1]List AC'!$AM:$AM,$C30)>0,'[1]List AC'!$AM$2,COUNTIFS('[1]List AC'!$AN:$AN,$C30)>0,'[1]List AC'!$AN$2,COUNTIFS('[1]List AC'!$AO:$AO,$C30)>0,'[1]List AC'!$AO$2,COUNTIFS('[1]List AC'!$AP:$AP,$C30)>0,'[1]List AC'!$AP$2,COUNTIFS('[1]List AC'!$AQ:$AQ,$C30)>0,'[1]List AC'!$AQ$2,COUNTIFS('[1]List AC'!$AR:$AR,$C30)>0,'[1]List AC'!$AR$2,COUNTIFS('[1]List AC'!$AS:$AS,$C30)>0,'[1]List AC'!$AS$2,COUNTIFS('[1]List AC'!$AT:$AT,$C30)>0,'[1]List AC'!$AT$2,COUNTIFS('[1]List AC'!$AU:$AU,$C30)>0,'[1]List AC'!$AU$2,COUNTIFS('[1]List AC'!$AV:$AV,$C30)>0,'[1]List AC'!$AV$2,COUNTIFS('[1]List AC'!$AW:$AW,$C30)>0,'[1]List AC'!$AW$2,COUNTIFS('[1]List AC'!$AX:$AX,$C30)>0,'[1]List AC'!$AX$2,COUNTIFS('[1]List AC'!$AY:$AY,$C30)>0,'[1]List AC'!$AY$2,COUNTIFS('[1]List AC'!$AZ:$AZ,$C30)>0,'[1]List AC'!$AZ$2,COUNTIFS('[1]List AC'!$BA:$BA,$C30)>0,'[1]List AC'!$BA$2,COUNTIFS('[1]List AC'!$BB:$BB,$C30)>0,'[1]List AC'!$BB$2,COUNTIFS('[1]List AC'!$BC:$BC,$C30)>0,'[1]List AC'!$BC$2,COUNTIFS('[1]List AC'!$BD:$BD,$C30)>0,'[1]List AC'!$BD$2),"") -> #NAME?
A31: 46297 | B31: WG 03 | C31: PK-LQY | D31: NLA084197 | E31: FAUCET LAVATORY LD CONT FLOW | F31: CBM | L31: JT | M31: B737 | N31: UPG | P31: PERFORM RECTIFICATION FAUCET LAVATORY LD C/O, OPS TEST RESULT GOOD | Q31: CLOSED | R31: 46297 | S31: =_xludf.IFNA(IFS(COUNTIFS('[1]List AC'!$A:$A,$C31)>0,'[1]List AC'!$A$2,COUNTIFS('[1]List AC'!$B:$B,$C31)>0,'[1]List AC'!$B$2,COUNTIFS('[1]List AC'!$C:$C,$C31)>0,'[1]List AC'!$C$2,COUNTIFS('[1]List AC'!$D:$D,$C31)>0,'[1]List AC'!$D$2,COUNTIFS('[1]List AC'!$E:$E,$C31)>0,'[1]List AC'!$E$2,COUNTIFS('[1]List AC'!$F:$F,$C31)>0,'[1]List AC'!$F$2,COUNTIFS('[1]List AC'!$G:$G,$C31)>0,'[1]List AC'!$G$2,COUNTIFS('[1]List AC'!$H:$H,$C31)>0,'[1]List AC'!$H$2,COUNTIFS('[1]List AC'!$I:$I,$C31)>0,'[1]List AC'!$I$2,COUNTIFS('[1]List AC'!$J:$J,$C31)>0,'[1]List AC'!$J$2,COUNTIFS('[1]List AC'!$K:$K,$C31)>0,'[1]List AC'!$K$2,COUNTIFS('[1]List AC'!$L:$L,$C31)>0,'[1]List AC'!$L$2,COUNTIFS('[1]List AC'!$Q:$Q,$C31)>0,'[1]List AC'!$Q$2,COUNTIFS('[1]List AC'!$M:$M,$C31)>0,'[1]List AC'!$M$2,COUNTIFS('[1]List AC'!$N:$N,$C31)>0,'[1]List AC'!$N$2,COUNTIFS('[1]List AC'!$O:$O,$C31)>0,'[1]List AC'!$O$2,COUNTIFS('[1]List AC'!$P:$P,$C31)>0,'[1]List AC'!$P$2,COUNTIFS('[1]List AC'!$R:$R,$C31)>0,'[1]List AC'!$R$2,COUNTIFS('[1]List AC'!$S:$S,$C31)>0,'[1]List AC'!$S$2,COUNTIFS('[1]List AC'!$T:$T,$C31)>0,'[1]List AC'!$T$2,COUNTIFS('[1]List AC'!$U:$U,$C31)>0,'[1]List AC'!$U$2,COUNTIFS('[1]List AC'!$V:$V,$C31)>0,'[1]List AC'!$V$2,COUNTIFS('[1]List AC'!$W:$W,$C31)>0,'[1]List AC'!$W$2,COUNTIFS('[1]List AC'!$X:$X,$C31)>0,'[1]List AC'!$X$2,COUNTIFS('[1]List AC'!$Y:$Y,$C31)>0,'[1]List AC'!$Y$2,COUNTIFS('[1]List AC'!$Z:$Z,$C31)>0,'[1]List AC'!$Z$2,COUNTIFS('[1]List AC'!$AA:$AA,$C31)>0,'[1]List AC'!$AA$2,COUNTIFS('[1]List AC'!$AB:$AB,$C31)>0,'[1]List AC'!$AB$2,COUNTIFS('[1]List AC'!$AC:$AC,$C31)>0,'[1]List AC'!$AC$2,COUNTIFS('[1]List AC'!$AD:$AD,$C31)>0,'[1]List AC'!$AD$2,COUNTIFS('[1]List AC'!$AE:$AE,$C31)>0,'[1]List AC'!$AE$2,COUNTIFS('[1]List AC'!$AF:$AF,$C31)>0,'[1]List AC'!$AF$2,COUNTIFS('[1]List AC'!$AG:$AG,$C31)>0,'[1]List AC'!$AG$2,COUNTIFS('[1]List AC'!$AH:$AH,$C31)>0,'[1]List AC'!$AH$2,COUNTIFS('[1]List AC'!$AI:$AI,$C31)>0,'[1]List AC'!$AI$2,COUNTIFS('[1]List AC'!$AJ:$AJ,$C31)>0,'[1]List AC'!$AJ$2,COUNTIFS('[1]List AC'!$AK:$AK,$C31)>0,'[1]List AC'!$AK$2,COUNTIFS('[1]List AC'!$AL:$AL,$C31)>0,'[1]List AC'!$AL$2,COUNTIFS('[1]List AC'!$AM:$AM,$C31)>0,'[1]List AC'!$AM$2,COUNTIFS('[1]List AC'!$AN:$AN,$C31)>0,'[1]List AC'!$AN$2,COUNTIFS('[1]List AC'!$AO:$AO,$C31)>0,'[1]List AC'!$AO$2,COUNTIFS('[1]List AC'!$AP:$AP,$C31)>0,'[1]List AC'!$AP$2,COUNTIFS('[1]List AC'!$AQ:$AQ,$C31)>0,'[1]List AC'!$AQ$2,COUNTIFS('[1]List AC'!$AR:$AR,$C31)>0,'[1]List AC'!$AR$2,COUNTIFS('[1]List AC'!$AS:$AS,$C31)>0,'[1]List AC'!$AS$2,COUNTIFS('[1]List AC'!$AT:$AT,$C31)>0,'[1]List AC'!$AT$2,COUNTIFS('[1]List AC'!$AU:$AU,$C31)>0,'[1]List AC'!$AU$2,COUNTIFS('[1]List AC'!$AV:$AV,$C31)>0,'[1]List AC'!$AV$2,COUNTIFS('[1]List AC'!$AW:$AW,$C31)>0,'[1]List AC'!$AW$2,COUNTIFS('[1]List AC'!$AX:$AX,$C31)>0,'[1]List AC'!$AX$2,COUNTIFS('[1]List AC'!$AY:$AY,$C31)>0,'[1]List AC'!$AY$2,COUNTIFS('[1]List AC'!$AZ:$AZ,$C31)>0,'[1]List AC'!$AZ$2,COUNTIFS('[1]List AC'!$BA:$BA,$C31)>0,'[1]List AC'!$BA$2,COUNTIFS('[1]List AC'!$BB:$BB,$C31)>0,'[1]List AC'!$BB$2,COUNTIFS('[1]List AC'!$BC:$BC,$C31)>0,'[1]List AC'!$BC$2,COUNTIFS('[1]List AC'!$BD:$BD,$C31)>0,'[1]List AC'!$BD$2),"") -> #NAME?
A32: 46297 | C32: PK-SJD | D32: NSAJ022632 | E32: CAUTION ON FAP DRAINMAST FAIL, CHECK WASTE WATER OVER FLOW AFT | F32: CBM | L32: IU | M32: A320 | N32: SUB | P32: PERFORM THE CIDS 1 TEST DRAINMAST SYSTEM RESULT TEST NO FAULTS AND DRAINMAST SYSTEM OK | Q32: CLOSED | R32: 46297 | S32: SUB
A33: 46297 | C33: PK-WGP | D33: NWA020862 | E33: SEAT NO. 9F,17C AND 19C ALWAYS RECLINE. | F33: CBM | L33: IW | M33: ATR72 | N33: LOP | P33: AFTER ADJUSTMENT JACK RECLINE SEAT NO. 9F,17C,19C STILL ALWAYS RECLINE, TRANSFERRED TO NSRDI NO: NWA020869 | Q33: CLOSED | R33: 46297 | S33: LOP
A34: 46297 | C34: PK-WGP | D34: NWA020866 | E34: FOUND TRAYTABLE SEAT NO 6C BROKEN | F34: CBM | L34: IW | M34: ATR72 | N34: LOP | P34: AFTER ADJUSTMENT JACK RECLINE SEAT NO. 1C STILL ALWAYS RECLINE, TRANSFERRED TO NSRDI NO: NWA020869 | Q34: CLOSED | R34: 46297 | S34: LOP
A35: 46297 | C35: PK-LQZ | D35: NLA083796 | E35: LAMP MIRROR LIGHT LAVATORY LD NOT ILL | F35: CBM | L35: JT | M35: B737 | N35: UPG | P35: PERFORM CHECK REPOSITION TUBE LAMP MIRROR LIGHT LAVATORY LD IS DONE RESULT GOOD | Q35: CLOSED | R35: 46297 | S35: =_xludf.IFNA(IFS(COUNTIFS('[1]List AC'!$A:$A,$C35)>0,'[1]List AC'!$A$2,COUNTIFS('[1]List AC'!$B:$B,$C35)>0,'[1]List AC'!$B$2,COUNTIFS('[1]List AC'!$C:$C,$C35)>0,'[1]List AC'!$C$2,COUNTIFS('[1]List AC'!$D:$D,$C35)>0,'[1]List AC'!$D$2,COUNTIFS('[1]List AC'!$E:$E,$C35)>0,'[1]List AC'!$E$2,COUNTIFS('[1]List AC'!$F:$F,$C35)>0,'[1]List AC'!$F$2,COUNTIFS('[1]List AC'!$G:$G,$C35)>0,'[1]List AC'!$G$2,COUNTIFS('[1]List AC'!$H:$H,$C35)>0,'[1]List AC'!$H$2,COUNTIFS('[1]List AC'!$I:$I,$C35)>0,'[1]List AC'!$I$2,COUNTIFS('[1]List AC'!$J:$J,$C35)>0,'[1]List AC'!$J$2,COUNTIFS('[1]List AC'!$K:$K,$C35)>0,'[1]List AC'!$K$2,COUNTIFS('[1]List AC'!$L:$L,$C35)>0,'[1]List AC'!$L$2,COUNTIFS('[1]List AC'!$Q:$Q,$C35)>0,'[1]List AC'!$Q$2,COUNTIFS('[1]List AC'!$M:$M,$C35)>0,'[1]List AC'!$M$2,COUNTIFS('[1]List AC'!$N:$N,$C35)>0,'[1]List AC'!$N$2,COUNTIFS('[1]List AC'!$O:$O,$C35)>0,'[1]List AC'!$O$2,COUNTIFS('[1]List AC'!$P:$P,$C35)>0,'[1]List AC'!$P$2,COUNTIFS('[1]List AC'!$R:$R,$C35)>0,'[1]List AC'!$R$2,COUNTIFS('[1]List AC'!$S:$S,$C35)>0,'[1]List AC'!$S$2,COUNTIFS('[1]List AC'!$T:$T,$C35)>0,'[1]List AC'!$T$2,COUNTIFS('[1]List AC'!$U:$U,$C35)>0,'[1]List AC'!$U$2,COUNTIFS('[1]List AC'!$V:$V,$C35)>0,'[1]List AC'!$V$2,COUNTIFS('[1]List AC'!$W:$W,$C35)>0,'[1]List AC'!$W$2,COUNTIFS('[1]List AC'!$X:$X,$C35)>0,'[1]List AC'!$X$2,COUNTIFS('[1]List AC'!$Y:$Y,$C35)>0,'[1]List AC'!$Y$2,COUNTIFS('[1]List AC'!$Z:$Z,$C35)>0,'[1]List AC'!$Z$2,COUNTIFS('[1]List AC'!$AA:$AA,$C35)>0,'[1]List AC'!$AA$2,COUNTIFS('[1]List AC'!$AB:$AB,$C35)>0,'[1]List AC'!$AB$2,COUNTIFS('[1]List AC'!$AC:$AC,$C35)>0,'[1]List AC'!$AC$2,COUNTIFS('[1]List AC'!$AD:$AD,$C35)>0,'[1]List AC'!$AD$2,COUNTIFS('[1]List AC'!$AE:$AE,$C35)>0,'[1]List AC'!$AE$2,COUNTIFS('[1]List AC'!$AF:$AF,$C35)>0,'[1]List AC'!$AF$2,COUNTIFS('[1]List AC'!$AG:$AG,$C35)>0,'[1]List AC'!$AG$2,COUNTIFS('[1]List AC'!$AH:$AH,$C35)>0,'[1]List AC'!$AH$2,COUNTIFS('[1]List AC'!$AI:$AI,$C35)>0,'[1]List AC'!$AI$2,COUNTIFS('[1]List AC'!$AJ:$AJ,$C35)>0,'[1]List AC'!$AJ$2,COUNTIFS('[1]List AC'!$AK:$AK,$C35)>0,'[1]List AC'!$AK$2,COUNTIFS('[1]List AC'!$AL:$AL,$C35)>0,'[1]List AC'!$AL$2,COUNTIFS('[1]List AC'!$AM:$AM,$C35)>0,'[1]List AC'!$AM$2,COUNTIFS('[1]List AC'!$AN:$AN,$C35)>0,'[1]List AC'!$AN$2,COUNTIFS('[1]List AC'!$AO:$AO,$C35)>0,'[1]List AC'!$AO$2,COUNTIFS('[1]List AC'!$AP:$AP,$C35)>0,'[1]List AC'!$AP$2,COUNTIFS('[1]List AC'!$AQ:$AQ,$C35)>0,'[1]List AC'!$AQ$2,COUNTIFS('[1]List AC'!$AR:$AR,$C35)>0,'[1]List AC'!$AR$2,COUNTIFS('[1]List AC'!$AS:$AS,$C35)>0,'[1]List AC'!$AS$2,COUNTIFS('[1]List AC'!$AT:$AT,$C35)>0,'[1]List AC'!$AT$2,COUNTIFS('[1]List AC'!$AU:$AU,$C35)>0,'[1]List AC'!$AU$2,COUNTIFS('[1]List AC'!$AV:$AV,$C35)>0,'[1]List AC'!$AV$2,COUNTIFS('[1]List AC'!$AW:$AW,$C35)>0,'[1]List AC'!$AW$2,COUNTIFS('[1]List AC'!$AX:$AX,$C35)>0,'[1]List AC'!$AX$2,COUNTIFS('[1]List AC'!$AY:$AY,$C35)>0,'[1]List AC'!$AY$2,COUNTIFS('[1]List AC'!$AZ:$AZ,$C35)>0,'[1]List AC'!$AZ$2,COUNTIFS('[1]List AC'!$BA:$BA,$C35)>0,'[1]List AC'!$BA$2,COUNTIFS('[1]List AC'!$BB:$BB,$C35)>0,'[1]List AC'!$BB$2,COUNTIFS('[1]List AC'!$BC:$BC,$C35)>0,'[1]List AC'!$BC$2,COUNTIFS('[1]List AC'!$BD:$BD,$C35)>0,'[1]List AC'!$BD$2),"") -> #NAME?
A36: 46297 | C36: PK-LSK | D36: NLA075933 | E36: REF NSRDI NLA075933 PLEASE ADD SAFETY CARD DUE TO SPARE. PERFORMED COMPLETED SAFETY CARD QTY: 20EA FOR SPARE. C/O | F36: CBM | L36: JT | M36: B737 | N36: SUB | P36: REF NSRDI NLA075933 PLEASE ADD SAFETY CARD DUE TO SPARE. PERFORMED COMPLETED SAFETY CARD QTY: 20EA FOR SPARE. C/O | Q36: CLOSED | R36: 46297 | S36: SUB
A37: 46297 | C37: PK-LOI | D37: NLA071337 | E37: PERFORM RECTIFIED FAUCET LAVATORY LA, RESULT TEST GOOD NOT LEAKING | F37: CBM | L37: JT | M37: B737 | N37: SUB | P37: PERFORM RECTIFIED FAUCET LAVATORY LA, RESULT TEST GOOD NOT LEAKING | Q37: CLOSED | R37: 46297 | S37: SUB
A38: 46297 | C38: PK-SJH | D38: NSAJ013397 | E38: PERFORMED INSTALL PLACARD AT ENG #1 LH SIDE DUE TO MISSING | F38: CBM | L38: IU | M38: A320 | N38: SUB | P38: PERFORMED INSTALL PLACARD AT ENG #1 LH SIDE DUE TO MISSING | Q38: CLOSED | R38: 46297 | S38: SUB
A39: 46297 | C39: PK-LDK | D39: NID008309 | E39: PERFORMED REPLACEMENT SEAT BELT PAX NO.15ABC. DUE TO TORN. HASBEEN DONE | F39: CBM | L39: ID | M39: B738 | P39: PERFORMED REPLACEMENT SEAT BELT NO 15ABC D/T TORN ,RESULT GOOD | Q39: CLOSED | R39: 46297 | S39: CGK
A40: 46297 | C40: PK-BKT | D40: NBA032840 | E40: COVER PRESSURE GAUGE SLIDERAFT AT DOOR 4R IS MISSING | F40: CBM | L40: ID | M40: A320 | P40: REOPEN TO NSRDI NO NBA032843 | Q40: CLOSED | R40: 46297 | S40: CGK
A41: 46297 | C41: PK-BGZ | D41: NID014934 | E41: REFF NSRDI: NID014906, WINDOW SHADE AT SEAT ROW NO.4A, 6A, 9A, 10F, 11F & 24F OS FOUND BAD CONDITION/CRACK. | F41: CBM | L41: ID | M41: B738 | P41: REOPEN TO NSRDI NO NSRDI NO NID014937 | Q41: CLOSED | R41: 46297 | S41: CGK
A42: 46297 | C42: PK-LHY | D42: NLA075289 | E42: LAVATORY LA NOT ILL | F42: CBM | L42: JT | M42: B737 | P42: PERFORMED REPLACED TL MIRRORLIGHT AT LAV LA D/T NOT ILLUMINATE | Q42: CLOSED | R42: 46297 | S42: CGK
A43: 46297 | C43: PK-LHY | D43: NLA082166 | E43: PLACARD OPEN BUKA AT 1R,5R BAD CONDITION | F43: CBM | L43: JT | M43: B737 | P43: PERFORMED REPLACED PLACARD OPEN AT DOOR 1R & 5R D/T BAD CONDITION | Q43: CLOSED | R43: 46297 | S43: CGK
A44: 46297 | C44: PK-LHY | D44: NLA075292 | E44: MIRROR LIGHT AT LD & LE STILL NOT ILLUMINATE | F44: CBM | L44: JT | M44: B737 | P44: PERFORMED REPLACED TL MIRRORLIGHT AT LAV LD & LE D/T NOT ILLUMINATE | Q44: CLOSED | R44: 46297 | S44: CGK
A45: 46297 | C45: PK-SJF | D45: NSAJ035950 | E45: PERFORMED REOPEN TO NSRDIL NO. NSAJ026799. WAITING PART PN:VE64-10-126-50 | F45: CBM | L45: IU | M45: A320 | P45: PERFORMED REOPEN TO NSRDIL NO. NSAJ026799. NEED PN: VE64-10-126-50 LATCH ASSY . | Q45: CLOSED | R45: 46297 | S45: CGK
A46: 46297 | C46: PK-STQ | D46: NSAJ004347 | E46: DURING DAILY CHECK AIRFI BOX AFT STATION NOT AVAILABLE | F46: CBM | L46: IU | M46: A320 | P46: PERFORMED INSTALL AIRFI BOX POST AFT STATION. HASBEEN DONE | Q46: CLOSED | R46: 46297 | S46: CGK
A47: 46297 | C47: PK-SJI | D47: NSAJ037475 | E47: COVER ARM REST FOUND CRACK @ NO. 32B | F47: CBM | L47: IU | M47: A320 | P47: PERFROMED REPLACED COVER ARMREST AT SEAT NO 32B DUE TO CRACK HAS BEEN GOOD | Q47: CLOSED | R47: 46297 | S47: CGK
A48: 46297 | C48: PK-SAO | D48: NSAJ012523 | E48: FINDING NO.SRV11485 RUBBER PEDESTAL CAPTAIN AND COPILOT BAD CONDITION | F48: CBM | L48: IU | M48: A320 | P48: REOPEN TO NSRDI NO NSAJ021317 | Q48: CLOSED | R48: 46297 | S48: CGK
A49: 46297 | C49: PK-SAO | D49: NSAJ012518 | E49: WATER TAP AT G5 LEAKING | F49: CBM | L49: IU | M49: A320 | P49: REOPEN TO NSRDI NO NSAJ021318 | Q49: CLOSED | R49: 46297 | S49: CGK
A50: 46297 | C50: PK-SGA | D50: NSAJ007415 | E50: REFF NSAJ007480 FINDING SRV NO. 7794 BUTTON AT ARMREST R/H PILOT SEAT MISSING | F50: CBM | L50: IU | M50: A320 | P50: REOPEN TO NSRD NO NSAJ007445 | Q50: CLOSED | R50: 46297 | S50: CGK
... A56: 46297 | C56: PK-SJJ | D56: NSAJ017033 | E56: REF NSRDIL NO. NSAJ010196 SRV 7674 " LIST BUTTON TOILET FLUSH FOUND BROKEN AT LE " | F56: CBM | L56: IU | M56: A320 | P56: REOPEN TO NSRDI NO NSAJ024416 | Q56: CLOSED | R56: 46297 | S56: CGK
A57: 46298 | C57: PK-SJZ | D57: NSAJ013803 | E57: COVER EXIT IDENTIFIER 4L MISSING | F57: CBM | G57: 46298 | J57: COVER EXIT | L57: IU | M57: A320 | Q57: CLOSED | R57: 46298 | S57: SRG
A58: 46298 | B58: WG 07 | C58: PK-LAO | D58: NID012358 | E58: REFF.FINDING ICT 18586 FWD CARPET GALLEY BATIFLEX FOUND THIN | F58: CBM | G58: 46298 | L58: IU | M58: A320 | P58: PERFORMED REINSTALL AND REPOSITION FWD CARPET GALLEY BATIFLEX HAS BEEN CARRIED OUT | Q58: CLOSED | R58: 46298 | S58: SOC
A59: 46298 | B59: WG 03 | C59: PK-LQY | D59: NLA084187 | E59: REF SRV 12683 1EA DEMO SEATBELT FWD FOUND BAD CONDITION | F59: CBM | G59: 46268 | I59: 2006-6-011-8011 | J59: SEAT BELT EXTENSION | K59: WAITING PERFORM | L59: JT | M59: B737 | O59: 46298 | Q59: CLOSED | R59: 46298 | S59: =_xludf.IFNA(IFS(COUNTIFS('[1]List AC'!$A:$A,$C59)>0,'[1]List AC'!$A$2,COUNTIFS('[1]List AC'!$B:$B,$C59)>0,'[1]List AC'!$B$2,COUNTIFS('[1]List AC'!$C:$C,$C59)>0,'[1]List AC'!$C$2,COUNTIFS('[1]List AC'!$D:$D,$C59)>0,'[1]List AC'!$D$2,COUNTIFS('[1]List AC'!$E:$E,$C59)>0,'[1]List AC'!$E$2,COUNTIFS('[1]List AC'!$F:$F,$C59)>0,'[1]List AC'!$F$2,COUNTIFS('[1]List AC'!$G:$G,$C59)>0,'[1]List AC'!$G$2,COUNTIFS('[1]List AC'!$H:$H,$C59)>0,'[1]List AC'!$H$2,COUNTIFS('[1]List AC'!$I:$I,$C59)>0,'[1]List AC'!$I$2,COUNTIFS('[1]List AC'!$J:$J,$C59)>0,'[1]List AC'!$J$2,COUNTIFS('[1]List AC'!$K:$K,$C59)>0,'[1]List AC'!$K$2,COUNTIFS('[1]List AC'!$L:$L,$C59)>0,'[1]List AC'!$L$2,COUNTIFS('[1]List AC'!$Q:$Q,$C59)>0,'[1]List AC'!$Q$2,COUNTIFS('[1]List AC'!$M:$M,$C59)>0,'[1]List AC'!$M$2,COUNTIFS('[1]List AC'!$N:$N,$C59)>0,'[1]List AC'!$N$2,COUNTIFS('[1]List AC'!$O:$O,$C59)>0,'[1]List AC'!$O$2,COUNTIFS('[1]List AC'!$P:$P,$C59)>0,'[1]List AC'!$P$2,COUNTIFS('[1]List AC'!$R:$R,$C59)>0,'[1]List AC'!$R$2,COUNTIFS('[1]List AC'!$S:$S,$C59)>0,'[1]List AC'!$S$2,COUNTIFS('[1]List AC'!$T:$T,$C59)>0,'[1]List AC'!$T$2,COUNTIFS('[1]List AC'!$U:$U,$C59)>0,'[1]List AC'!$U$2,COUNTIFS('[1]List AC'!$V:$V,$C59)>0,'[1]List AC'!$V$2,COUNTIFS('[1]List AC'!$W:$W,$C59)>0,'[1]List AC'!$W$2,COUNTIFS('[1]List AC'!$X:$X,$C59)>0,'[1]List AC'!$X$2,COUNTIFS('[1]List AC'!$Y:$Y,$C59)>0,'[1]List AC'!$Y$2,COUNTIFS('[1]List AC'!$Z:$Z,$C59)>0,'[1]List AC'!$Z$2,COUNTIFS('[1]List AC'!$AA:$AA,$C59)>0,'[1]List AC'!$AA$2,COUNTIFS('[1]List AC'!$AB:$AB,$C59)>0,'[1]List AC'!$AB$2,COUNTIFS('[1]List AC'!$AC:$AC,$C59)>0,'[1]List AC'!$AC$2,COUNTIFS('[1]List AC'!$AD:$AD,$C59)>0,'[1]List AC'!$AD$2,COUNTIFS('[1]List AC'!$AE:$AE,$C59)>0,'[1]List AC'!$AE$2,COUNTIFS('[1]List AC'!$AF:$AF,$C59)>0,'[1]List AC'!$AF$2,COUNTIFS('[1]List AC'!$AG:$AG,$C59)>0,'[1]List AC'!$AG$2,COUNTIFS('[1]List AC'!$AH:$AH,$C59)>0,'[1]List AC'!$AH$2,COUNTIFS('[1]List AC'!$AI:$AI,$C59)>0,'[1]List AC'!$AI$2,COUNTIFS('[1]List AC'!$AJ:$AJ,$C59)>0,'[1]List AC'!$AJ$2,COUNTIFS('[1]List AC'!$AK:$AK,$C59)>0,'[1]List AC'!$AK$2,COUNTIFS('[1]List AC'!$AL:$AL,$C59)>0,'[1]List AC'!$AL$2,COUNTIFS('[1]List AC'!$AM:$AM,$C59)>0,'[1]List AC'!$AM$2,COUNTIFS('[1]List AC'!$AN:$AN,$C59)>0,'[1]List AC'!$AN$2,COUNTIFS('[1]List AC'!$AO:$AO,$C59)>0,'[1]List AC'!$AO$2,COUNTIFS('[1]List AC'!$AP:$AP,$C59)>0,'[1]List AC'!$AP$2,COUNTIFS('[1]List AC'!$AQ:$AQ,$C59)>0,'[1]List AC'!$AQ$2,COUNTIFS('[1]List AC'!$AR:$AR,$C59)>0,'[1]List AC'!$AR$2,COUNTIFS('[1]List AC'!$AS:$AS,$C59)>0,'[1]List AC'!$AS$2,COUNTIFS('[1]List AC'!$AT:$AT,$C59)>0,'[1]List AC'!$AT$2,COUNTIFS('[1]List AC'!$AU:$AU,$C59)>0,'[1]List AC'!$AU$2,COUNTIFS('[1]List AC'!$AV:$AV,$C59)>0,'[1]List AC'!$AV$2,COUNTIFS('[1]List AC'!$AW:$AW,$C59)>0,'[1]List AC'!$AW$2,COUNTIFS('[1]List AC'!$AX:$AX,$C59)>0,'[1]List AC'!$AX$2,COUNTIFS('[1]List AC'!$AY:$AY,$C59)>0,'[1]List AC'!$AY$2,COUNTIFS('[1]List AC'!$AZ:$AZ,$C59)>0,'[1]List AC'!$AZ$2,COUNTIFS('[1]List AC'!$BA:$BA,$C59)>0,'[1]List AC'!$BA$2,COUNTIFS('[1]List AC'!$BB:$BB,$C59)>0,'[1]List AC'!$BB$2,COUNTIFS('[1]List AC'!$BC:$BC,$C59)>0,'[1]List AC'!$BC$2,COUNTIFS('[1]List AC'!$BD:$BD,$C59)>0,'[1]List AC'!$BD$2),"") -> #NAME?
A60: 46298 | B60: WG 08 | C60: PK-SGB | D60: SAJ020577 | E60: SPEAKER FWD GALLEY NOT WORKING | F60: CBM | L60: IU | M60: A320 | O60: 46298 | P60: REFF NSRDIL SAJ020577 PERFORM RECTIFIED SPEAKER FWD GALLEY D/T NOT WORKING C/O, OPS TEST RESULT GOOD | Q60: CLOSED | R60: 46298 | S60: =_xludf.IFNA(IFS(COUNTIFS('[1]List AC'!$A:$A,$C60)>0,'[1]List AC'!$A$2,COUNTIFS('[1]List AC'!$B:$B,$C60)>0,'[1]List AC'!$B$2,COUNTIFS('[1]List AC'!$C:$C,$C60)>0,'[1]List AC'!$C$2,COUNTIFS('[1]List AC'!$D:$D,$C60)>0,'[1]List AC'!$D$2,COUNTIFS('[1]List AC'!$E:$E,$C60)>0,'[1]List AC'!$E$2,COUNTIFS('[1]List AC'!$F:$F,$C60)>0,'[1]List AC'!$F$2,COUNTIFS('[1]List AC'!$G:$G,$C60)>0,'[1]List AC'!$G$2,COUNTIFS('[1]List AC'!$H:$H,$C60)>0,'[1]List AC'!$H$2,COUNTIFS('[1]List AC'!$I:$I,$C60)>0,'[1]List AC'!$I$2,COUNTIFS('[1]List AC'!$J:$J,$C60)>0,'[1]List AC'!$J$2,COUNTIFS('[1]List AC'!$K:$K,$C60)>0,'[1]List AC'!$K$2,COUNTIFS('[1]List AC'!$L:$L,$C60)>0,'[1]List AC'!$L$2,COUNTIFS('[1]List AC'!$Q:$Q,$C60)>0,'[1]List AC'!$Q$2,COUNTIFS('[1]List AC'!$M:$M,$C60)>0,'[1]List AC'!$M$2,COUNTIFS('[1]List AC'!$N:$N,$C60)>0,'[1]List AC'!$N$2,COUNTIFS('[1]List AC'!$O:$O,$C60)>0,'[1]List AC'!$O$2,COUNTIFS('[1]List AC'!$P:$P,$C60)>0,'[1]List AC'!$P$2,COUNTIFS('[1]List AC'!$R:$R,$C60)>0,'[1]List AC'!$R$2,COUNTIFS('[1]List AC'!$S:$S,$C60)>0,'[1]List AC'!$S$2,COUNTIFS('[1]List AC'!$T:$T,$C60)>0,'[1]List AC'!$T$2,COUNTIFS('[1]List AC'!$U:$U,$C60)>0,'[1]List AC'!$U$2,COUNTIFS('[1]List AC'!$V:$V,$C60)>0,'[1]List AC'!$V$2,COUNTIFS('[1]List AC'!$W:$W,$C60)>0,'[1]List AC'!$W$2,COUNTIFS('[1]List AC'!$X:$X,$C60)>0,'[1]List AC'!$X$2,COUNTIFS('[1]List AC'!$Y:$Y,$C60)>0,'[1]List AC'!$Y$2,COUNTIFS('[1]List AC'!$Z:$Z,$C60)>0,'[1]List AC'!$Z$2,COUNTIFS('[1]List AC'!$AA:$AA,$C60)>0,'[1]List AC'!$AA$2,COUNTIFS('[1]List AC'!$AB:$AB,$C60)>0,'[1]List AC'!$AB$2,COUNTIFS('[1]List AC'!$AC:$AC,$C60)>0,'[1]List AC'!$AC$2,COUNTIFS('[1]List AC'!$AD:$AD,$C60)>0,'[1]List AC'!$AD$2,COUNTIFS('[1]List AC'!$AE:$AE,$C60)>0,'[1]List AC'!$AE$2,COUNTIFS('[1]List AC'!$AF:$AF,$C60)>0,'[1]List AC'!$AF$2,COUNTIFS('[1]List AC'!$AG:$AG,$C60)>0,'[1]List AC'!$AG$2,COUNTIFS('[1]List AC'!$AH:$AH,$C60)>0,'[1]List AC'!$AH$2,COUNTIFS('[1]List AC'!$AI:$AI,$C60)>0,'[1]List AC'!$AI$2,COUNTIFS('[1]List AC'!$AJ:$AJ,$C60)>0,'[1]List AC'!$AJ$2,COUNTIFS('[1]List AC'!$AK:$AK,$C60)>0,'[1]List AC'!$AK$2,COUNTIFS('[1]List AC'!$AL:$AL,$C60)>0,'[1]List AC'!$AL$2,COUNTIFS('[1]List AC'!$AM:$AM,$C60)>0,'[1]List AC'!$AM$2,COUNTIFS('[1]List AC'!$AN:$AN,$C60)>0,'[1]List AC'!$AN$2,COUNTIFS('[1]List AC'!$AO:$AO,$C60)>0,'[1]List AC'!$AO$2,COUNTIFS('[1]List AC'!$AP:$AP,$C60)>0,'[1]List AC'!$AP$2,COUNTIFS('[1]List AC'!$AQ:$AQ,$C60)>0,'[1]List AC'!$AQ$2,COUNTIFS('[1]List AC'!$AR:$AR,$C60)>0,'[1]List AC'!$AR$2,COUNTIFS('[1]List AC'!$AS:$AS,$C60)>0,'[1]List AC'!$AS$2,COUNTIFS('[1]List AC'!$AT:$AT,$C60)>0,'[1]List AC'!$AT$2,COUNTIFS('[1]List AC'!$AU:$AU,$C60)>0,'[1]List AC'!$AU$2,COUNTIFS('[1]List AC'!$AV:$AV,$C60)>0,'[1]List AC'!$AV$2,COUNTIFS('[1]List AC'!$AW:$AW,$C60)>0,'[1]List AC'!$AW$2,COUNTIFS('[1]List AC'!$AX:$AX,$C60)>0,'[1]List AC'!$AX$2,COUNTIFS('[1]List AC'!$AY:$AY,$C60)>0,'[1]List AC'!$AY$2,COUNTIFS('[1]List AC'!$AZ:$AZ,$C60)>0,'[1]List AC'!$AZ$2,COUNTIFS('[1]List AC'!$BA:$BA,$C60)>0,'[1]List AC'!$BA$2,COUNTIFS('[1]List AC'!$BB:$BB,$C60)>0,'[1]List AC'!$BB$2,COUNTIFS('[1]List AC'!$BC:$BC,$C60)>0,'[1]List AC'!$BC$2,COUNTIFS('[1]List AC'!$BD:$BD,$C60)>0,'[1]List AC'!$BD$2),"") -> #NAME?
A61: 46298 | C61: PK-BGZ | D61: NID014925 | E61: ALL LAV LIGHT CAN'T BRIGHT | F61: CBM | G61: 46298 | I61: 5113 CW | L61: ID | M61: B738 | P61: PERFORMED REPLACED ALL LAMP LAVATORY HAS BEEN C/O. RESULT ILLUMINATE | Q61: CLOSED | R61: 46298 | S61: SUB
A62: 46298 | C62: PK-WFK | D62: NWA003378 | E62: STRAP MEGAPHONE MISSING | F62: CBM | G62: 46268 | L62: IW | M62: ATR72 | O62: 46298 | P62: PERFORM COMPLETED STRAP MEGAPHONE C/O | Q62: CLOSED | R62: 46298 | S62: =_xludf.IFNA(IFS(COUNTIFS('[1]List AC'!$A:$A,$C62)>0,'[1]List AC'!$A$2,COUNTIFS('[1]List AC'!$B:$B,$C62)>0,'[1]List AC'!$B$2,COUNTIFS('[1]List AC'!$C:$C,$C62)>0,'[1]List AC'!$C$2,COUNTIFS('[1]List AC'!$D:$D,$C62)>0,'[1]List AC'!$D$2,COUNTIFS('[1]List AC'!$E:$E,$C62)>0,'[1]List AC'!$E$2,COUNTIFS('[1]List AC'!$F:$F,$C62)>0,'[1]List AC'!$F$2,COUNTIFS('[1]List AC'!$G:$G,$C62)>0,'[1]List AC'!$G$2,COUNTIFS('[1]List AC'!$H:$H,$C62)>0,'[1]List AC'!$H$2,COUNTIFS('[1]List AC'!$I:$I,$C62)>0,'[1]List AC'!$I$2,COUNTIFS('[1]List AC'!$J:$J,$C62)>0,'[1]List AC'!$J$2,COUNTIFS('[1]List AC'!$K:$K,$C62)>0,'[1]List AC'!$K$2,COUNTIFS('[1]List AC'!$L:$L,$C62)>0,'[1]List AC'!$L$2,COUNTIFS('[1]List AC'!$Q:$Q,$C62)>0,'[1]List AC'!$Q$2,COUNTIFS('[1]List AC'!$M:$M,$C62)>0,'[1]List AC'!$M$2,COUNTIFS('[1]List AC'!$N:$N,$C62)>0,'[1]List AC'!$N$2,COUNTIFS('[1]List AC'!$O:$O,$C62)>0,'[1]List AC'!$O$2,COUNTIFS('[1]List AC'!$P:$P,$C62)>0,'[1]List AC'!$P$2,COUNTIFS('[1]List AC'!$R:$R,$C62)>0,'[1]List AC'!$R$2,COUNTIFS('[1]List AC'!$S:$S,$C62)>0,'[1]List AC'!$S$2,COUNTIFS('[1]List AC'!$T:$T,$C62)>0,'[1]List AC'!$T$2,COUNTIFS('[1]List AC'!$U:$U,$C62)>0,'[1]List AC'!$U$2,COUNTIFS('[1]List AC'!$V:$V,$C62)>0,'[1]List AC'!$V$2,COUNTIFS('[1]List AC'!$W:$W,$C62)>0,'[1]List AC'!$W$2,COUNTIFS('[1]List AC'!$X:$X,$C62)>0,'[1]List AC'!$X$2,COUNTIFS('[1]List AC'!$Y:$Y,$C62)>0,'[1]List AC'!$Y$2,COUNTIFS('[1]List AC'!$Z:$Z,$C62)>0,'[1]List AC'!$Z$2,COUNTIFS('[1]List AC'!$AA:$AA,$C62)>0,'[1]List AC'!$AA$2,COUNTIFS('[1]List AC'!$AB:$AB,$C62)>0,'[1]List AC'!$AB$2,COUNTIFS('[1]List AC'!$AC:$AC,$C62)>0,'[1]List AC'!$AC$2,COUNTIFS('[1]List AC'!$AD:$AD,$C62)>0,'[1]List AC'!$AD$2,COUNTIFS('[1]List AC'!$AE:$AE,$C62)>0,'[1]List AC'!$AE$2,COUNTIFS('[1]List AC'!$AF:$AF,$C62)>0,'[1]List AC'!$AF$2,COUNTIFS('[1]List AC'!$AG:$AG,$C62)>0,'[1]List AC'!$AG$2,COUNTIFS('[1]List AC'!$AH:$AH,$C62)>0,'[1]List AC'!$AH$2,COUNTIFS('[1]List AC'!$AI:$AI,$C62)>0,'[1]List AC'!$AI$2,COUNTIFS('[1]List AC'!$AJ:$AJ,$C62)>0,'[1]List AC'!$AJ$2,COUNTIFS('[1]List AC'!$AK:$AK,$C62)>0,'[1]List AC'!$AK$2,COUNTIFS('[1]List AC'!$AL:$AL,$C62)>0,'[1]List AC'!$AL$2,COUNTIFS('[1]List AC'!$AM:$AM,$C62)>0,'[1]List AC'!$AM$2,COUNTIFS('[1]List AC'!$AN:$AN,$C62)>0,'[1]List AC'!$AN$2,COUNTIFS('[1]List AC'!$AO:$AO,$C62)>0,'[1]List AC'!$AO$2,COUNTIFS('[1]List AC'!$AP:$AP,$C62)>0,'[1]List AC'!$AP$2,COUNTIFS('[1]List AC'!$AQ:$AQ,$C62)>0,'[1]List AC'!$AQ$2,COUNTIFS('[1]List AC'!$AR:$AR,$C62)>0,'[1]List AC'!$AR$2,COUNTIFS('[1]List AC'!$AS:$AS,$C62)>0,'[1]List AC'!$AS$2,COUNTIFS('[1]List AC'!$AT:$AT,$C62)>0,'[1]List AC'!$AT$2,COUNTIFS('[1]List AC'!$AU:$AU,$C62)>0,'[1]List AC'!$AU$2,COUNTIFS('[1]List AC'!$AV:$AV,$C62)>0,'[1]List AC'!$AV$2,COUNTIFS('[1]List AC'!$AW:$AW,$C62)>0,'[1]List AC'!$AW$2,COUNTIFS('[1]List AC'!$AX:$AX,$C62)>0,'[1]List AC'!$AX$2,COUNTIFS('[1]List AC'!$AY:$AY,$C62)>0,'[1]List AC'!$AY$2,COUNTIFS('[1]List AC'!$AZ:$AZ,$C62)>0,'[1]List AC'!$AZ$2,COUNTIFS('[1]List AC'!$BA:$BA,$C62)>0,'[1]List AC'!$BA$2,COUNTIFS('[1]List AC'!$BB:$BB,$C62)>0,'[1]List AC'!$BB$2,COUNTIFS('[1]List AC'!$BC:$BC,$C62)>0,'[1]List AC'!$BC$2,COUNTIFS('[1]List AC'!$BD:$BD,$C62)>0,'[1]List AC'!$BD$2),"") -> #NAME?
A63: 46298 | C63: PK-WKF | D63: NWA010097 | E63: DURING A-CHECK FOUND BACKSHELL AT SN 4F,8D,10D,15D,16D BROKEN (CRACK) | F63: CBM | G63: 46268 | L63: IW | M63: ATR72 | O63: 46298 | P63: REOPEN TO NSRDI NO NWA015907 | Q63: CLOSED | R63: 46298 | S63: =_xludf.IFNA(IFS(COUNTIFS('[1]List AC'!$A:$A,$C63)>0,'[1]List AC'!$A$2,COUNTIFS('[1]List AC'!$B:$B,$C63)>0,'[1]List AC'!$B$2,COUNTIFS('[1]List AC'!$C:$C,$C63)>0,'[1]List AC'!$C$2,COUNTIFS('[1]List AC'!$D:$D,$C63)>0,'[1]List AC'!$D$2,COUNTIFS('[1]List AC'!$E:$E,$C63)>0,'[1]List AC'!$E$2,COUNTIFS('[1]List AC'!$F:$F,$C63)>0,'[1]List AC'!$F$2,COUNTIFS('[1]List AC'!$G:$G,$C63)>0,'[1]List AC'!$G$2,COUNTIFS('[1]List AC'!$H:$H,$C63)>0,'[1]List AC'!$H$2,COUNTIFS('[1]List AC'!$I:$I,$C63)>0,'[1]List AC'!$I$2,COUNTIFS('[1]List AC'!$J:$J,$C63)>0,'[1]List AC'!$J$2,COUNTIFS('[1]List AC'!$K:$K,$C63)>0,'[1]List AC'!$K$2,COUNTIFS('[1]List AC'!$L:$L,$C63)>0,'[1]List AC'!$L$2,COUNTIFS('[1]List AC'!$Q:$Q,$C63)>0,'[1]List AC'!$Q$2,COUNTIFS('[1]List AC'!$M:$M,$C63)>0,'[1]List AC'!$M$2,COUNTIFS('[1]List AC'!$N:$N,$C63)>0,'[1]List AC'!$N$2,COUNTIFS('[1]List AC'!$O:$O,$C63)>0,'[1]List AC'!$O$2,COUNTIFS('[1]List AC'!$P:$P,$C63)>0,'[1]List AC'!$P$2,COUNTIFS('[1]List AC'!$R:$R,$C63)>0,'[1]List AC'!$R$2,COUNTIFS('[1]List AC'!$S:$S,$C63)>0,'[1]List AC'!$S$2,COUNTIFS('[1]List AC'!$T:$T,$C63)>0,'[1]List AC'!$T$2,COUNTIFS('[1]List AC'!$U:$U,$C63)>0,'[1]List AC'!$U$2,COUNTIFS('[1]List AC'!$V:$V,$C63)>0,'[1]List AC'!$V$2,COUNTIFS('[1]List AC'!$W:$W,$C63)>0,'[1]List AC'!$W$2,COUNTIFS('[1]List AC'!$X:$X,$C63)>0,'[1]List AC'!$X$2,COUNTIFS('[1]List AC'!$Y:$Y,$C63)>0,'[1]List AC'!$Y$2,COUNTIFS('[1]List AC'!$Z:$Z,$C63)>0,'[1]List AC'!$Z$2,COUNTIFS('[1]List AC'!$AA:$AA,$C63)>0,'[1]List AC'!$AA$2,COUNTIFS('[1]List AC'!$AB:$AB,$C63)>0,'[1]List AC'!$AB$2,COUNTIFS('[1]List AC'!$AC:$AC,$C63)>0,'[1]List AC'!$AC$2,COUNTIFS('[1]List AC'!$AD:$AD,$C63)>0,'[1]List AC'!$AD$2,COUNTIFS('[1]List AC'!$AE:$AE,$C63)>0,'[1]List AC'!$AE$2,COUNTIFS('[1]List AC'!$AF:$AF,$C63)>0,'[1]List AC'!$AF$2,COUNTIFS('[1]List AC'!$AG:$AG,$C63)>0,'[1]List AC'!$AG$2,COUNTIFS('[1]List AC'!$AH:$AH,$C63)>0,'[1]List AC'!$AH$2,COUNTIFS('[1]List AC'!$AI:$AI,$C63)>0,'[1]List AC'!$AI$2,COUNTIFS('[1]List AC'!$AJ:$AJ,$C63)>0,'[1]List AC'!$AJ$2,COUNTIFS('[1]List AC'!$AK:$AK,$C63)>0,'[1]List AC'!$AK$2,COUNTIFS('[1]List AC'!$AL:$AL,$C63)>0,'[1]List AC'!$AL$2,COUNTIFS('[1]List AC'!$AM:$AM,$C63)>0,'[1]List AC'!$AM$2,COUNTIFS('[1]List AC'!$AN:$AN,$C63)>0,'[1]List AC'!$AN$2,COUNTIFS('[1]List AC'!$AO:$AO,$C63)>0,'[1]List AC'!$AO$2,COUNTIFS('[1]List AC'!$AP:$AP,$C63)>0,'[1]List AC'!$AP$2,COUNTIFS('[1]List AC'!$AQ:$AQ,$C63)>0,'[1]List AC'!$AQ$2,COUNTIFS('[1]List AC'!$AR:$AR,$C63)>0,'[1]List AC'!$AR$2,COUNTIFS('[1]List AC'!$AS:$AS,$C63)>0,'[1]List AC'!$AS$2,COUNTIFS('[1]List AC'!$AT:$AT,$C63)>0,'[1]List AC'!$AT$2,COUNTIFS('[1]List AC'!$AU:$AU,$C63)>0,'[1]List AC'!$AU$2,COUNTIFS('[1]List AC'!$AV:$AV,$C63)>0,'[1]List AC'!$AV$2,COUNTIFS('[1]List AC'!$AW:$AW,$C63)>0,'[1]List AC'!$AW$2,COUNTIFS('[1]List AC'!$AX:$AX,$C63)>0,'[1]List AC'!$AX$2,COUNTIFS('[1]List AC'!$AY:$AY,$C63)>0,'[1]List AC'!$AY$2,COUNTIFS('[1]List AC'!$AZ:$AZ,$C63)>0,'[1]List AC'!$AZ$2,COUNTIFS('[1]List AC'!$BA:$BA,$C63)>0,'[1]List AC'!$BA$2,COUNTIFS('[1]List AC'!$BB:$BB,$C63)>0,'[1]List AC'!$BB$2,COUNTIFS('[1]List AC'!$BC:$BC,$C63)>0,'[1]List AC'!$BC$2,COUNTIFS('[1]List AC'!$BD:$BD,$C63)>0,'[1]List AC'!$BD$2),"") -> #NAME?
A64: 46298 | C64: PK-WKF | D64: NWA010095 | E64: REFF NSRDIL NO.NWA010071 EMER ROTATION PLATE ON DOOR CALL PANEL IS MISSING | F64: CBM | G64: 46268 | L64: IW | M64: ATR72 | O64: 46298 | P64: REOPEN TO NSRDI NO NWA015905 | Q64: CLOSED | R64: 46298 | S64: =_xludf.IFNA(IFS(COUNTIFS('[1]List AC'!$A:$A,$C64)>0,'[1]List AC'!$A$2,COUNTIFS('[1]List AC'!$B:$B,$C64)>0,'[1]List AC'!$B$2,COUNTIFS('[1]List AC'!$C:$C,$C64)>0,'[1]List AC'!$C$2,COUNTIFS('[1]List AC'!$D:$D,$C64)>0,'[1]List AC'!$D$2,COUNTIFS('[1]List AC'!$E:$E,$C64)>0,'[1]List AC'!$E$2,COUNTIFS('[1]List AC'!$F:$F,$C64)>0,'[1]List AC'!$F$2,COUNTIFS('[1]List AC'!$G:$G,$C64)>0,'[1]List AC'!$G$2,COUNTIFS('[1]List AC'!$H:$H,$C64)>0,'[1]List AC'!$H$2,COUNTIFS('[1]List AC'!$I:$I,$C64)>0,'[1]List AC'!$I$2,COUNTIFS('[1]List AC'!$J:$J,$C64)>0,'[1]List AC'!$J$2,COUNTIFS('[1]List AC'!$K:$K,$C64)>0,'[1]List AC'!$K$2,COUNTIFS('[1]List AC'!$L:$L,$C64)>0,'[1]List AC'!$L$2,COUNTIFS('[1]List AC'!$Q:$Q,$C64)>0,'[1]List AC'!$Q$2,COUNTIFS('[1]List AC'!$M:$M,$C64)>0,'[1]List AC'!$M$2,COUNTIFS('[1]List AC'!$N:$N,$C64)>0,'[1]List AC'!$N$2,COUNTIFS('[1]List AC'!$O:$O,$C64)>0,'[1]List AC'!$O$2,COUNTIFS('[1]List AC'!$P:$P,$C64)>0,'[1]List AC'!$P$2,COUNTIFS('[1]List AC'!$R:$R,$C64)>0,'[1]List AC'!$R$2,COUNTIFS('[1]List AC'!$S:$S,$C64)>0,'[1]List AC'!$S$2,COUNTIFS('[1]List AC'!$T:$T,$C64)>0,'[1]List AC'!$T$2,COUNTIFS('[1]List AC'!$U:$U,$C64)>0,'[1]List AC'!$U$2,COUNTIFS('[1]List AC'!$V:$V,$C64)>0,'[1]List AC'!$V$2,COUNTIFS('[1]List AC'!$W:$W,$C64)>0,'[1]List AC'!$W$2,COUNTIFS('[1]List AC'!$X:$X,$C64)>0,'[1]List AC'!$X$2,COUNTIFS('[1]List AC'!$Y:$Y,$C64)>0,'[1]List AC'!$Y$2,COUNTIFS('[1]List AC'!$Z:$Z,$C64)>0,'[1]List AC'!$Z$2,COUNTIFS('[1]List AC'!$AA:$AA,$C64)>0,'[1]List AC'!$AA$2,COUNTIFS('[1]List AC'!$AB:$AB,$C64)>0,'[1]List AC'!$AB$2,COUNTIFS('[1]List AC'!$AC:$AC,$C64)>0,'[1]List AC'!$AC$2,COUNTIFS('[1]List AC'!$AD:$AD,$C64)>0,'[1]List AC'!$AD$2,COUNTIFS('[1]List AC'!$AE:$AE,$C64)>0,'[1]List AC'!$AE$2,COUNTIFS('[1]List AC'!$AF:$AF,$C64)>0,'[1]List AC'!$AF$2,COUNTIFS('[1]List AC'!$AG:$AG,$C64)>0,'[1]List AC'!$AG$2,COUNTIFS('[1]List AC'!$AH:$AH,$C64)>0,'[1]List AC'!$AH$2,COUNTIFS('[1]List AC'!$AI:$AI,$C64)>0,'[1]List AC'!$AI$2,COUNTIFS('[1]List AC'!$AJ:$AJ,$C64)>0,'[1]List AC'!$AJ$2,COUNTIFS('[1]List AC'!$AK:$AK,$C64)>0,'[1]List AC'!$AK$2,COUNTIFS('[1]List AC'!$AL:$AL,$C64)>0,'[1]List AC'!$AL$2,COUNTIFS('[1]List AC'!$AM:$AM,$C64)>0,'[1]List AC'!$AM$2,COUNTIFS('[1]List AC'!$AN:$AN,$C64)>0,'[1]List AC'!$AN$2,COUNTIFS('[1]List AC'!$AO:$AO,$C64)>0,'[1]List AC'!$AO$2,COUNTIFS('[1]List AC'!$AP:$AP,$C64)>0,'[1]List AC'!$AP$2,COUNTIFS('[1]List AC'!$AQ:$AQ,$C64)>0,'[1]List AC'!$AQ$2,COUNTIFS('[1]List AC'!$AR:$AR,$C64)>0,'[1]List AC'!$AR$2,COUNTIFS('[1]List AC'!$AS:$AS,$C64)>0,'[1]List AC'!$AS$2,COUNTIFS('[1]List AC'!$AT:$AT,$C64)>0,'[1]List AC'!$AT$2,COUNTIFS('[1]List AC'!$AU:$AU,$C64)>0,'[1]List AC'!$AU$2,COUNTIFS('[1]List AC'!$AV:$AV,$C64)>0,'[1]List AC'!$AV$2,COUNTIFS('[1]List AC'!$AW:$AW,$C64)>0,'[1]List AC'!$AW$2,COUNTIFS('[1]List AC'!$AX:$AX,$C64)>0,'[1]List AC'!$AX$2,COUNTIFS('[1]List AC'!$AY:$AY,$C64)>0,'[1]List AC'!$AY$2,COUNTIFS('[1]List AC'!$AZ:$AZ,$C64)>0,'[1]List AC'!$AZ$2,COUNTIFS('[1]List AC'!$BA:$BA,$C64)>0,'[1]List AC'!$BA$2,COUNTIFS('[1]List AC'!$BB:$BB,$C64)>0,'[1]List AC'!$BB$2,COUNTIFS('[1]List AC'!$BC:$BC,$C64)>0,'[1]List AC'!$BC$2,COUNTIFS('[1]List AC'!$BD:$BD,$C64)>0,'[1]List AC'!$BD$2),"") -> #NAME?
A65: 46298 | C65: PK-WKF | D65: NWA010096 | E65: DURING A-CHECK FOUND SEAT 5C,11F,12D NOT RECLINE | F65: CBM | G65: 46268 | L65: IW | M65: ATR72 | O65: 46298 | P65: REOPEN TO NSRDI NON NWA010096 | Q65: CLOSED | R65: 46298 | S65: =_xludf.IFNA(IFS(COUNTIFS('[1]List AC'!$A:$A,$C65)>0,'[1]List AC'!$A$2,COUNTIFS('[1]List AC'!$B:$B,$C65)>0,'[1]List AC'!$B$2,COUNTIFS('[1]List AC'!$C:$C,$C65)>0,'[1]List AC'!$C$2,COUNTIFS('[1]List AC'!$D:$D,$C65)>0,'[1]List AC'!$D$2,COUNTIFS('[1]List AC'!$E:$E,$C65)>0,'[1]List AC'!$E$2,COUNTIFS('[1]List AC'!$F:$F,$C65)>0,'[1]List AC'!$F$2,COUNTIFS('[1]List AC'!$G:$G,$C65)>0,'[1]List AC'!$G$2,COUNTIFS('[1]List AC'!$H:$H,$C65)>0,'[1]List AC'!$H$2,COUNTIFS('[1]List AC'!$I:$I,$C65)>0,'[1]List AC'!$I$2,COUNTIFS('[1]List AC'!$J:$J,$C65)>0,'[1]List AC'!$J$2,COUNTIFS('[1]List AC'!$K:$K,$C65)>0,'[1]List AC'!$K$2,COUNTIFS('[1]List AC'!$L:$L,$C65)>0,'[1]List AC'!$L$2,COUNTIFS('[1]List AC'!$Q:$Q,$C65)>0,'[1]List AC'!$Q$2,COUNTIFS('[1]List AC'!$M:$M,$C65)>0,'[1]List AC'!$M$2,COUNTIFS('[1]List AC'!$N:$N,$C65)>0,'[1]List AC'!$N$2,COUNTIFS('[1]List AC'!$O:$O,$C65)>0,'[1]List AC'!$O$2,COUNTIFS('[1]List AC'!$P:$P,$C65)>0,'[1]List AC'!$P$2,COUNTIFS('[1]List AC'!$R:$R,$C65)>0,'[1]List AC'!$R$2,COUNTIFS('[1]List AC'!$S:$S,$C65)>0,'[1]List AC'!$S$2,COUNTIFS('[1]List AC'!$T:$T,$C65)>0,'[1]List AC'!$T$2,COUNTIFS('[1]List AC'!$U:$U,$C65)>0,'[1]List AC'!$U$2,COUNTIFS('[1]List AC'!$V:$V,$C65)>0,'[1]List AC'!$V$2,COUNTIFS('[1]List AC'!$W:$W,$C65)>0,'[1]List AC'!$W$2,COUNTIFS('[1]List AC'!$X:$X,$C65)>0,'[1]List AC'!$X$2,COUNTIFS('[1]List AC'!$Y:$Y,$C65)>0,'[1]List AC'!$Y$2,COUNTIFS('[1]List AC'!$Z:$Z,$C65)>0,'[1]List AC'!$Z$2,COUNTIFS('[1]List AC'!$AA:$AA,$C65)>0,'[1]List AC'!$AA$2,COUNTIFS('[1]List AC'!$AB:$AB,$C65)>0,'[1]List AC'!$AB$2,COUNTIFS('[1]List AC'!$AC:$AC,$C65)>0,'[1]List AC'!$AC$2,COUNTIFS('[1]List AC'!$AD:$AD,$C65)>0,'[1]List AC'!$AD$2,COUNTIFS('[1]List AC'!$AE:$AE,$C65)>0,'[1]List AC'!$AE$2,COUNTIFS('[1]List AC'!$AF:$AF,$C65)>0,'[1]List AC'!$AF$2,COUNTIFS('[1]List AC'!$AG:$AG,$C65)>0,'[1]List AC'!$AG$2,COUNTIFS('[1]List AC'!$AH:$AH,$C65)>0,'[1]List AC'!$AH$2,COUNTIFS('[1]List AC'!$AI:$AI,$C65)>0,'[1]List AC'!$AI$2,COUNTIFS('[1]List AC'!$AJ:$AJ,$C65)>0,'[1]List AC'!$AJ$2,COUNTIFS('[1]List AC'!$AK:$AK,$C65)>0,'[1]List AC'!$AK$2,COUNTIFS('[1]List AC'!$AL:$AL,$C65)>0,'[1]List AC'!$AL$2,COUNTIFS('[1]List AC'!$AM:$AM,$C65)>0,'[1]List AC'!$AM$2,COUNTIFS('[1]List AC'!$AN:$AN,$C65)>0,'[1]List AC'!$AN$2,COUNTIFS('[1]List AC'!$AO:$AO,$C65)>0,'[1]List AC'!$AO$2,COUNTIFS('[1]List AC'!$AP:$AP,$C65)>0,'[1]List AC'!$AP$2,COUNTIFS('[1]List AC'!$AQ:$AQ,$C65)>0,'[1]List AC'!$AQ$2,COUNTIFS('[1]List AC'!$AR:$AR,$C65)>0,'[1]List AC'!$AR$2,COUNTIFS('[1]List AC'!$AS:$AS,$C65)>0,'[1]List AC'!$AS$2,COUNTIFS('[1]List AC'!$AT:$AT,$C65)>0,'[1]List AC'!$AT$2,COUNTIFS('[1]List AC'!$AU:$AU,$C65)>0,'[1]List AC'!$AU$2,COUNTIFS('[1]List AC'!$AV:$AV,$C65)>0,'[1]List AC'!$AV$2,COUNTIFS('[1]List AC'!$AW:$AW,$C65)>0,'[1]List AC'!$AW$2,COUNTIFS('[1]List AC'!$AX:$AX,$C65)>0,'[1]List AC'!$AX$2,COUNTIFS('[1]List AC'!$AY:$AY,$C65)>0,'[1]List AC'!$AY$2,COUNTIFS('[1]List AC'!$AZ:$AZ,$C65)>0,'[1]List AC'!$AZ$2,COUNTIFS('[1]List AC'!$BA:$BA,$C65)>0,'[1]List AC'!$BA$2,COUNTIFS('[1]List AC'!$BB:$BB,$C65)>0,'[1]List AC'!$BB$2,COUNTIFS('[1]List AC'!$BC:$BC,$C65)>0,'[1]List AC'!$BC$2,COUNTIFS('[1]List AC'!$BD:$BD,$C65)>0,'[1]List AC'!$BD$2),"") -> #NAME?
A66: 46298 | B66: WG 09 | C66: PK-STS | D66: NSAJ017404 | E66: PANEL ASSY CLAMPING NO 32ABC MISSING | F66: CBM | G66: 27-Sept-26 | L66: IU | M66: A320 | P66: I.A.W AMM ATA : 25-13-00 PERFORM COMPLETED PANEL PSU ASSY CLAMPING SN. 32ABC DUE TO MISSING HAS BEEN C/O. RESULT GOOD CONDITION | Q66: CLOSED | R66: 46298 | S66: PLM
A67: 46298 | C67: PK-WGP | D67: NWA020871 | E67: MISSING ONE INFANT SEAT BELT | F67: CBM | G67: 46268 | L67: IW | M67: ATR72 | P67: PERFORM COMPLETED ONE SPARE SEAT BELT D/T MISSING | Q67: CLOSED | R67: 46298 | S67: LOP
A68: 46298 | B68: WG10 | C68: PK-WJS | D68: NWA003106 | E68: BACK SEAL AT SEAT NO.1C,4A,5A,6AC,2C,16C,15D,17AC,12DF,8C,8F,7A FOUND CRACK | F68: CBM | G68: 46283 | L68: IW | M68: ATR72 | P68: PERFORMED REOPEN TO NSRDI PAGE NO.NWA003111 | Q68: CLOSED | R68: 46298 | S68: AMQ
A69: 46298 | B69: WG10 | C69: PK-WJS | D69: NWA003109 | E69: DURING ACHECK BACK SEAL S/N 3F,16DF,18DF,19DF FOUND CRACK | F69: CBM | G69: 46288 | L69: IW | M69: ATR72 | P69: PERFORMED REOPEN TO NSRDI PAGE NO.NWA003111 | Q69: CLOSED | R69: 46298 | S69: AMQ
A70: 46298 | C70: PK-LJI | D70: NLA081713 | E70: REFF NSRDI NO. NLA070819 ESCUTCHION ARMCAP S/N36E , 37A , 39ADF MISSING. NEED PN : 101206-301BHU & MS35206-226 | F70: CBM | G70: 46268 | L70: JT | M70: B737 | P70: ACTUAL CHECK ESCUTCHION AND S/N 36E COMPLETED, PERFORM INSTALL ESCUTHION AND SCREW ARMCAP S/N 37A AND 39A C/O, ESCUTHION ARMCAP AND CREW 38A 39DF TRANSFER O NSRDIL NO NLA081718 | Q70: CLOSED | R70: 46298 | S70: MDC
A71: 46298 | C71: PK-LOQ | D71: NLA070770 | E71: REFF FINDING QAA 17785 DO NOT HAVE PLACARD POWER BANK ALL SEATS | F71: CBM | L71: JT | M71: B737 | P71: PERFORM INSTALLATION PLACARD DO NOT USE POWERBANK AT ALL SEAT TABLE QTY 189EA, RESULT GOOD | Q71: CLOSED | R71: 46298 | S71: SUB
A72: 46298 | C72: PK-LFW | D72: NLA076911 | E72: PLEASE ADD SPARE SAFETY CARD | F72: CBM | L72: JT | M72: B737 | P72: REOPEN TO NSRDIL NLA082508 | Q72: CLOSED | R72: 46298 | S72: SUB
A73: 46298 | C73: PK-WFK | D73: NWA003383 | E73: REOPEN TO NSRDI NO NWA003385 | F73: CBM | L73: IW | M73: ATR72 | P73: REOPEN TO NSRDI NO NWA003385 | Q73: CLOSED | R73: 46298 | S73: UPG
A74: 46298 | C74: PK-WFT | D74: NWA006475 | E74: PERFORMED REPLACEMENT HOOK HEADRACK S/N 12 AC DUE TO BROKEN OPS RESULT GOOD | F74: CBM | L74: IW | M74: ATR72 | P74: PERFORMED REPLACEMENT HOOK HEADRACK S/N 12 AC DUE TO BROKEN OPS RESULT GOOD | Q74: CLOSED | R74: 46298 | S74: KNO
A75: 46298 | C75: PK-LQS | D75: NLA071283 | E75: CARPET FLOOR AT FWD GALLEY BAD CONDITION & SLIPPERY | F75: CBM | L75: JT | M75: B737 | Q75: CLOSED | R75: 46299 | S75: PKU
A76: 46299 | B76: WG 08 | C76: PK-SGD | D76: NSAJ008211 | E76: WINDOW SHUTTER 12DEF MISSING | F76: CBM | G76: 46298 | L76: IU | M76: A320 | N76: SOC | P76: PEROFRMED COMPLETED WINDOW SHUTTER 12DEF HAS BEEN CARRIED OUT | Q76: CLOSED | R76: 46299 | S76: SOC
A77: 46299 | B77: WG 04 | C77: PK-LHS | D77: NLA088412 | E77: AISLE CARPET NO 18ABCDEF TORN | F77: CBM | G77: 46177 | L77: JT | M77: B737 | N77: PLM | P77: PERFORMED REOPEN NSRDIL NO : NLA074201 RQ 1125313 | Q77: CLOSED | R77: 46299 | S77: PLM
A78: 46299 | B78: WG 10 | C78: PK-WJS | D78: NWA003104 | E78: PLEASE PROVIDE " RED COVER " FOR TAIL PROP | F78: CBM | G78: 46282 | L78: IW | M78: ATR72-600 | N78: AMQ | P78: PERFORMED INSTAL " RED COVER" FOR TAIL PROP. HAS BEEN C/O | Q78: CLOSED | R78: 46299 | S78: AMQ
A79: 46299 | C79: PK-LKH | D79: NLA091198 | E79: BATTERY FOR LIF VEST DEMO MISSING AT FWD | F79: CBM | L79: JT | M79: B737 | N79: SUB | P79: PERFORMED INSTALL BATTRE LIFE VEST FOR DEMO AT FWD CABIN D/T MISSING, RESULT GOOD | Q79: CLOSED | R79: 46299 | S79: SUB
A80: 46299 | C80: PK-SJF | D80: NSAJ026800 | E80: EXTENSION SEATBELT SPARE NOT MATCH WITH INFANT SEATBELT | F80: CBM | L80: IU | M80: A320 | N80: SUB | P80: PERFORMED INSPECTION CHECK SPARE EXTENSION SEAT BELT FOUND MATCH WITH SEAT BELT ON PASSENGER SEAT | Q80: CLOSED | R80: 46299 | S80: SUB
A81: 46299 | C81: PK-SAW | D81: NSAJ006241 | E81: PLACARD LAW STATEMENT TRAY TABLE SEAT NO : 15ABCDEF (OVERWING) NOT AVAILABLE | F81: CBM | L81: IU | M81: A320 | N81: SUB | P81: PERFORMED COMPLETED PLACARD LAW STATEMENT AT SEAT 15ABCDEF DUE TO NOT AVAILABLE , RESULT GOOD | Q81: CLOSED | R81: 46299 | S81: SUB
A82: 46299 | C82: PK-SJZ | D82: NSJA013816 | E82: INSTAL PLACARD ENGINE FIREX DORECTION #1 | F82: PAINTING | L82: IU | M82: A320 | N82: CGK | Q82: CLOSED | R82: CLOSED | S82: CGK
A83: 46299 | C83: PK-SJM | D83: NSAJ030936 | E83: COVER EMERGENCY LIGHT SIGN AT MID EXIT 12DEF BAD CONDITION | F83: CBM | L83: IU | M83: A320 | N83: CGK | P83: PERFORM REPLACED COVER EMERGENCY EXIT LIGHT AT MID EXIT 12DEF DT BAD. RESULT OK | Q83: CLOSED | R83: CLOSED | S83: CGK
A84: 46299 | C84: PK-BKR | D84: NID024107 | E84: AMM 52-70-00 ACTUAL CHECKED COVER GLASS ARM DISARMED AT DOOR 1R, 1L, 4L ALREADY COMPLETED D/T MISSING, HAS BEEN C/O | F84: CBM | L84: ID | M84: A320 | N84: HLP | P84: AMM 52-70-00 ACTUAL CHECKED COVER GLASS ARM DISARMED AT DOOR 1R, 1L, 4L ALREADY COMPLETED D/T MISSING, HAS BEEN C/O | Q84: CLOSED | R84: CLOSED | S84: HLP
A85: 46299 | C85: PK-BKR | D85: NID024124 | E85: AMM 52-70-00 PERFORMED COMPLETED COVER GLASS DOOR LOCKING INDICATION AT DOOR 1L D/T MISSING. HAS BEEN C/O | F85: CBM | L85: ID | M85: A320 | N85: HLP | P85: AMM 52-70-00 PERFORMED COMPLETED COVER GLASS DOOR LOCKING INDICATION AT DOOR 1L D/T MISSING. HAS BEEN C/O | Q85: CLOSED | R85: CLOSED | S85: HLP
A86: 46299 | C86: PK-LUQ | D86: NBA050891 | E86: ADD PLACARD INOP | F86: CBM | L86: ID | M86: A320 | N86: CGK | P86: PERFORM ADD PLACARD INOP 5 EA | Q86: CLOSED | R86: CLOSED | S86: CGK
A87: 46299 | C87: PK-WJS | D87: NWA003106 | E87: ONE SCREW AT TISSU COMPARTMENT LAVATORY IS MISSING PLEASE CHECK AND REPAIR | F87: CBM | L87: IW | M87: ATR72-600 | N87: AMQ | P87: PERFORMED REOPEN TO NSRDI PAGE NO.NWA003111 | Q87: CLOSED | R87: CLOSED | S87: AMQ
A88: 46299 | C88: PK-WJS | D88: NWA003109 | E88: DURING ACHECK BACKSHELL S/N 3F,16DF,18DF,19DF FOUND CRACK | F88: CBM | L88: IW | M88: ATR72-600 | N88: AMQ | P88: PERFORMED REOPEN TO NSRDI PAGE NO.NWA003111 | Q88: CLOSED | R88: CLOSED | S88: AMQ
A89: 46299 | C89: PK-LAO | D89: NID012357 | E89: REFF NDSRI NBA047695 PPO ON VERSTAB AND FUSELAGE (NEED PAINTING) | F89: CBM | L89: ID | M89: A320 | N89: SOC | P89: REOPEN TO NSRDI NID012359 PAINT PEEL OFF ON VERSTAB AND FUSELAGE ( NEED PAINTING ) | Q89: CLOSED | R89: CLOSED | S89: SOC
A90: 46299 | C90: PK-WFV | D90: NWA006357 | E90: MISSING COVER EMER PUSH BUTTON AT COCKPIT DOOR PANEL | F90: CBM | L90: IW | M90: ATR72-600 | N90: BPN | P90: PERFORMED CHECK ACTUAL ROPE CURTAIN AT ENTERANCE DOOR AVAILABLE | Q90: CLOSED | R90: CLOSED | S90: BPN
A91: 46299 | C91: PK-SGD | D91: NSAJ008210 | E91: CURTAIN POS FWD GALLEY BAD CONDITION | F91: CBM | L91: IU | M91: A320 | N91: SRG | P91: PERFORM REPLACE CURTAIN AT FWD GALLEY D/T DIRTY AND TORN, HAS BEEN C/O | Q91: CLOSED | R91: CLOSED | S91: SRG
A92: 46299 | C92: PK-LUF | D92: NID008686 | E92: FOUND RED WARNING FLAG 4L NOT AVAILABLE | F92: CBM | L92: ID | M92: A320 | N92: HLP | P92: FOUND RED WARNING FLAG 4L NOT AVAILABLE | Q92: CLOSED | R92: CLOSED | S92: HLP
A93: 46299 | C93: PK-LUJ | D93: NID016968 | E93: REFF NARDI NID002020 C-CLASS ARMCAP SEAT NO 1ACDF,2ACD,3ACD BAD CONDITION | F93: CBM | L93: ID | M93: A320 | N93: SUB | P93: REFF NARDI NID002020 C-CLASS ARMCAP SEAT NO 1ACDF,2ACD,3ACD BAD CONDITION | Q93: CLOSED | R93: CLOSED | S93: SUB
A94: 46299 | C94: PK-BLB | D94: NID021260 | E94: COVER DOOR LOCKING INDICATOR 1R MISSING | F94: CBM | L94: ID | M94: A320 | N94: UPG | P94: COVER DOOR LOCKING INDICATOR 1R MISSING | Q94: CLOSED | R94: CLOSED | S94: UPG
... A100: 46299 | C100: PK-LOR | D100: NLA087221 | E100: SEAT TRACK COVER NO.17CDE,18CD FOUND BROKEN | F100: CBM | L100: JT | M100: B737 | N100: CGK | P100: SEAT TRACK COVER NO.17CDE,18CD FOUND BROKEN | Q100: CLOSED | R100: CLOSED | S100: CGK
A101: 46300 | C101: PK-WHF | D101: NWA015888 | E101: DURING DAILY CHECK INSPECTION FOUND PROTECTION EQUIPMENT MISSING | F101: CBM | G101: 46166 | L101: IW | M101: ATR 72 600 | N101: KNO | P101: RE OPEN NSRDIL PAGE NO.NWA006264 | Q101: CLOSED | R101: 46300 | S101: KNO
A102: 46300 | C102: PK-WHF | D102: NWA015892 | E102: PLEASE CHANGE OXY MASK AT FA 1 & FA 2 | F102: CBM | G102: 46169 | L102: IW | M102: ATR 72 600 | N102: KNO | P102: RE OPEN NSRDIL PAGE NO.NWA006266 | Q102: CLOSED | R102: 46300 | S102: KNO
A103: 46300 | C103: PK-WHF | D103: NWA015889 | E103: LETTER VACANT & OCCOPIED AT LAVATORY NOT CLEAR | F103: CBM | G103: 46169 | L103: IW | M103: ATR 72 600 | N103: KNO | P103: RE OPEN NSRDIL PAGE NO.NWA006265 | Q103: Closed | R103: 46300 | S103: KNO
A104: 46300 | C104: PK-LRF | D104: NLA084480 | E104: REF FINDING ICT NO.19355 PLACARD UU PENERBANGAN BAD CONDITION NO.6ABD,7BDF,8AF,9BF,10AEF,11ABE,12ABCF,15BCD,16EG,17ABEF,18ABCDEF,22DE,23ABCDE,24ABF,25ABCE,26BEF,27A,28BF,29ACEF,30A,33C,34AABCF35B,36E,37E | F104: CBM | G104: 46295 | L104: JT | M104: B737 9 M | N104: CGK | P104: REPLACED PLACARAD UU PENERBANGAN QTU 68 EA D/T BAD CONDITION | Q104: CLOSED | R104: 46297 | S104: CGK
A105: 46300 | C105: PK-SJH | D105: NSAJ021410 | E105: ONE OF OXYGEN MASK DEMO KIT AFT STATION BAD CONDITION | F105: CBM | G105: 46297 | L105: IU | M105: A320 | N105: SRG | P105: PERFORM REPLACE ONE OXYGEN MASK DEMO KIT AT AFT STATION HAS BEEN C/O | Q105: CLOSED | R105: 46300 | S105: SRG
A106: 46300 | C106: PK-SJH | D106: NSAJ021411 | E106: SEAT TRACK COVER NOP 16F,25C,25D FOUND MISSING | F106: CBM | G106: 46297 | L106: IU | M106: A320 | N106: SRG | P106: PERFORM COMPLETED SEAT TRACK COVER NO 16F,25C,25D HAS BEEN C/O | Q106: CLOSED | R106: 46300 | S106: SRG
A107: 46300 | C107: PK-WGP | D107: NWA020854 | E107: WINDOW SHUTTER SEAT 2DF BAD CONDITION | F107: CBM | G107: 46300 | L107: IW | M107: ATR 72 600 | N107: LOP | P107: REOPEN TO NSRDI NWA020873 | Q107: CLOSED | R107: 46300 | S107: LOP
A108: 46300 | C108: PK-WGP | D108: NWA020868 | E108: REFF NSRDI NWA020851. WINDOW SHUTTER SEAT 10F MISSING | F108: CBM | G108: 46300 | L108: IW | M108: ATR 72 600 | N108: LOP | P108: REOPEN TO NSRDI NWA020873 | Q108: CLOSED | R108: 46300 | S108: LOP
A109: 46300 | C109: PK-WFV | D109: NWA0006360 | E109: BRACKET POB FA1 IS BAD CONDITION | F109: CBM | G109: 46300 | L109: IW | M109: ATR 72 600 | N109: BPN | P109: REOPEN TO NSRDI NWA006373 | Q109: CLOSED | R109: 46300 | S109: BPN
A110: 46300 | C110: PK-WGV | D110: NWA 006138 | E110: SEAT NO. 4C ALWAYS RECLINE | F110: CBM | G110: 46300 | L110: IW | M110: ATR 72 600 | N110: BPN | P110: REOPEN TO NSRDI NWA006138 | Q110: CLOSED | R110: 46300 | S110: BPN
...

Sheet DAILY REPORT
A1: DATE | B1: OPERATOR | C1: A/C TYPE | D1: A/C REG | E1: A/C Status | F1: STA | G1: SHIFT | H1: TASK TYPE | I1: DOC TYPE | J1: STATUS | K1: NO.DOC | L1: ACTION TAKEN / REASON | M1: START PERFORM | N1: FINISH PERFORM | O1: MP 1 | P1: MP 2 | Q1: MP 3 | R1: MP 4 | S1: MP 5 | T1: Total MP | U1: Individual MHRS | V1: Actual MHRS
A2: 46307 | B2: WINGS AIR | C2: ATR-72 | D2: PK-WHS | E2: RON | F2: KOE | G2: MALAM | H2: DBI | I2: CML | J2: CLOSED | K2: C036366 | L2: BEAUTIFICATION INSPECTION DAILY HAS BEEN PERFORMED | M2: 17.4 | N2: 18.4 | O2: TERA KANAF | P2: HAMSAH RIADI
A3: 46307 | B3: WINGS AIR | C3: ATR-72 | D3: PK-WHS | E3: RON | F3: KOE | G3: MALAM | H3: DBI | I3: CML | J3: CLOSED | K3: C036367 | L3: PERFORMED RECTIFICATION COVER SIDE SEAT 1C D/T BAD CONDITION,RESULT GOOD | M3: 18.5 | N3: 19.2 | O3: TERA KANAF | P3: HAMSAH RIADI
A4: 46307 | B4: WINGS AIR | C4: ATR-72 | D4: PK-WHS | E4: RON | F4: KOE | G4: MALAM | H4: DBI | I4: CML | J4: CLOSED | K4: C036368 | L4: PERFORMED INSTALL ODOUR HAS BEEN CO | M4: 19.3 | N4: 20 | O4: TERA KANAF | P4: HAMSAH RIADI
A5: 46307 | B5: WINGS AIR | C5: ATR-72 | D5: PK-WHS | E5: RON | F5: KOE | G5: MALAM | H5: DBI | I5: CML | J5: CLOSED | K5: C036369 | L5: PERFORMED RECTIFICATION LATCH AT COMPARTMENT GALLEY,OPT TEST RESULT GOOD | M5: 20.1 | N5: 21.1 | O5: TERA KANAF | P5: HAMSAH RIADI
A6: 46307 | B6: LION AIR | C6: BOIENG | D6: PK-LFY | E6: RON | F6: KOE | G6: MALAM | H6: DBI | I6: CML | J6: CLOSED | K6: E0428021 | L6: PERFORMED DAILY CHECK BEAUTIFICATION INSPECTION HAS BEEN PERFORMED | M6: 21.2 | N6: 22.2 | O6: TERA KANAF | P6: HAMSAH RIADI
A7: 46307 | B7: BATIK AIR | C7: A320 | D7: PK-BKT | E7: RON | F7: KOE | G7: MALAM | H7: DBI | I7: CML | J7: CLOSED | K7: B143671 | L7: PERFORMED DAILY CHECK BEAUTIFICATION INSPECTION HAS BEEN PERFORMED | M7: 22.3 | N7: 23.3 | O7: TERA KANAF | P7: HAMSAH RIADI
A8: 46307 | B8: BATIK AIR | C8: A320 | D8: PK-BKT | E8: RON | F8: KOE | G8: MALAM | H8: DBI | I8: CML | J8: CLOSED | K8: B143670 | L8: ALREADY TRANSFER TO NSRDIL NO 032845 | M8: 23.4 | N8: 0.1 | O8: TERA KANAF | P8: HAMSAH RIADI
A9: 46307 | B9: LION AIR | C9: B737-900 | D9: PK-LGL | E9: RON | F9: BTH | G9: MALAM | H9: UNSCHEDULE | I9: CML | J9: CLOSED | K9: E0461238 | L9: REF T/C DBI PERFORMED DAILY BEAUTIFICATION INSP CHECK HAS DONE | M9: 0.75 | N9: 0.79166667 | O9: JEFRI SArsa
A10: 46307 | B10: LION AIR | C10: B737-800 | D10: PK-LOI | E10: RON | F10: BTH | G10: MALAM | H10: UNSCHEDULE | I10: CML | J10: CLOSED | K10: E0433249 | L10: REFF AMM 25-00-00 PERFORMED ADD NEW CML BOOK HAS DONE | M10: 0.79861111 | N10: 0.80902778 | O10: JEFRI SArsa
A11: 46307 | B11: LION AIR | C11: B737-800 | D11: PK-LOI | E11: RON | F11: BTH | G11: MALAM | H11: UNSCHEDULE | I11: CML | J11: CLOSED | K11: E0433250 | L11: REF T/C DBI PERFORMED DAILY BEAUTIFICATION INSP CHECK HAS DONE | M11: 0.80902778 | N11: 0.85069444 | O11: JEFRI SArsa
A12: 46307 | B12: BATIK AIR | C12: A320 | D12: PK-LUZ | E12: RON | F12: BTH | G12: MALAM | H12: UNSCHEDULE | I12: CML | J12: CLOSED | K12: B131146 | L12: REFF AMM 25-00-00 PERFORMED REPOSATION BATTERY AND CLEAN UP FLASHLIGHT HAS BEEN C/O OP'S TEST GOOD | M12: 0.85555556 | N12: 0.87013889 | O12: JEFRI SArsa
A13: 46307 | B13: BATIK AIR | C13: A320 | D13: PK-LUZ | E13: RON | F13: BTH | G13: MALAM | H13: UNSCHEDULE | I13: CML | J13: CLOSED | K13: B131148 | L13: REFF AMM 25-00-00 PERFORMED INSTALATION AIRFI BOX AT AFT CABIN HAS DONE | M13: 0.91319444 | N13: 0.93125 | O13: JEFRI SArsa
A14: 46307 | B14: BATIK AIR | C14: A320 | D14: PK-LUZ | E14: RON | F14: BTH | G14: MALAM | H14: UNSCHEDULE | I14: CML | J14: CLOSED | K14: B131149 | L14: REF T/C DBI PERFORMED DAILY BEAUTIFICATION INSP CHECK HAS DONE | M14: 0.93055556 | N14: 0.97222222 | O14: JEFRI SArsa
A15: 46307 | B15: BATIK AIR | C15: A320 | D15: PK-BKO | E15: LONG TRANSIT | F15: SRG | G15: PAGI | H15: UNSCHEDULE | I15: CML | J15: CLOSED | K15: B146672 | L15: PERFORMED REINSTALL SEAT TRACK COVER SN 6A-220 HAS BEEN CO | M15: 0.4375 | N15: 0.45833333 | O15: ANDI RAHMAN
A16: 46307 | B16: BATIK AIR | C16: A320 | D16: PK-BKO | E16: LONG TRANSIT | F16: SRG | G16: PAGI | H16: UNSCHEDULE | I16: CML | J16: CLOSED | K16: B146673 | L16: PERFORMED REPOSITION AND RECTIFIED VELCRO SEAT POCKET SN 5C,10C, RESULT GOOD | M16: 0.45833333 | N16: 0.47916667 | O16: TRI CAHYO
A17: 46307 | B17: BATIK AIR | C17: A320 | D17: PK-BKO | E17: LONG TRANSIT | F17: SRG | G17: PAGI | H17: UNSCHEDULE | I17: CML | J17: CLOSED | K17: B146674 | L17: PERFORMED RECTIFIED VELCRO BACKREST COVER FO RESULT GOOD | M17: 0.47916667 | N17: 0.5 | O17: TRI CAHYO
A18: 46307 | B18: BATIK AIR | C18: A320 | D18: PK-BKO | E18: LONG TRANSIT | F18: SRG | G18: PAGI | H18: UNSCHEDULE | I18: CML | J18: CLOSED | K18: B146675 | L18: PERFORMED ADJUSMENT SPRING FLAPPER DOOR WASTE LAVATORY D OPS TEST RESULT GOOD | M18: 0.47916667 | N18: 0.5 | O18: ANDI RAHMAN
A19: 46307 | B19: SUPER AIR JET | C19: A320 | D19: PK-STF | E19: RON | F19: SRG | G19: PAGI | H19: UNSCHEDULE | I19: CML | J19: CLOSED | K19: S125114 | L19: PERFORMED RECTIFIED ( RESERVOIR BAG ) O2 MASK FOR DEMO KIT AFT STATION RESULT GOOD | M19: 0.625 | N19: 0.64583333 | O19: ANDI RAHMAN | P19: ANDI RAHMAN
A20: 46307 | B20: SUPER AIR JET | C20: A320 | D20: PK-STF | E20: RON | F20: SRG | G20: PAGI | H20: DBI | I20: CML | J20: CLOSED | K20: S125115 | L20: PERFORM CLEAN UP FILTER WASH BASIN ALL LAVATORY HAS BEEN CO | M20: 0.64583333 | N20: 0.66666667 | O20: ANDI RAHMAN | P20: TRI CAHYO
A21: 46307 | B21: SUPER AIR JET | C21: A320 | D21: PK-STF | E21: RON | F21: SRG | G21: PAGI | H21: DBI | I21: CML | J21: CLOSED | K21: S125116 | L21: PERFORM REPOSITION AND RETIGHTENED SCREW ARMCAP SN 7F RESULT GOOD | M21: 0.66666667 | N21: 0.6875 | O21: TRI CAHYO
A22: 46307 | B22: SUPER AIR JET | C22: A320 | D22: PK-STF | E22: RON | F22: SRG | G22: PAGI | H22: DBI | I22: CML | J22: CLOSED | K22: S125117 | L22: PERFORMED DAILY CHECK BEAUTIFICATION INSPECTION HAS BEEN C/O | M22: 0.6875 | N22: 0.77083333 | O22: TRI CAHYO | P22: ANDI RAHMAN
A23: 46307 | B23: SUPER AIR JET | C23: A320 | D23: PK-SJD | E23: RON | F23: SRG | G23: PAGI | H23: UNSCHEDULE | I23: CML | J23: CLOSED | K23: S121473 | L23: PERFORMED REPOSITION PUSH BUTTON READING LIGHT S/N:10A OPS TEST RESULT NORMALLY | M23: 0.77083333 | N23: 0.79166667 | O23: ANDI RAHMAN | P23: TRI CAHYO
A24: 46307 | B24: SUPER AIR JET | C24: A320 | D24: PK-SJD | E24: RON | F24: SRG | G24: PAGI | H24: UNSCHEDULE | I24: CML | J24: CLOSED | K24: S121474 | L24: PERFORMED RECONECT FCU LAVATORY E OPS TEST RESULT NORMALLY | M24: 0.77083333 | N24: 0.79166667 | O24: TRI CAHYO | P24: ANDI RAHMAN
A25: 46307 | B25: SUPER AIR JET | C25: A320 | D25: PK-SJD | E25: RON | F25: SRG | G25: PAGI | H25: UNSCHEDULE | I25: CML | J25: CLOSED | K25: S121476 | L25: PERFORMED REMOVE AND RECHARGING AIRFI POS FWD AND AFT CABIN HAS BEEN C/O SN: 193,187 | M25: 0.79166667 | N25: 0.8125 | O25: ANDI RAHMAN
A26: 46307 | B26: SUPER AIR JET | C26: A320 | D26: PK-SJD | E26: RON | F26: SRG | G26: PAGI | H26: DBI | I26: CML | J26: CLOSED | K26: S121475 | L26: PERFORMED DAILY CHECK BEAUTIFICATION INSPECTION HAS BEEN C/O | M26: 0.83333333 | N26: 0.91666667 | O26: TRI CAHYO | P26: ANDI RAHMAN
A27: 46307 | B27: BATIK AIR | C27: A320 | D27: PK-BKV | E27: RON | F27: SRG | G27: PAGI | H27: UNSCHEDULE | I27: CML | J27: CLOSED | K27: B141702 | L27: PERFORMED REMOVED AND RECHARGING AIRFI AT FWD CABIN SN 644 | M27: 0.91666667 | N27: 0.9375 | O27: ANDI RAHMAN
A28: 46307 | B28: BATIK AIR | C28: A320 | D28: PK-BKV | E28: RON | F28: SRG | G28: PAGI | H28: DBI | I28: CML | J28: CLOSED | K28: B141703 | L28: PERFORMED CLEAN UP FILTER OF WASHBASIN ALL LAVATORY HAS BEEN C/O | M28: 0.91666667 | N28: 0.9375 | O28: TRI CAHYO
A29: 46307 | B29: BATIK AIR | C29: A320 | D29: PK-BKV | E29: RON | F29: SRG | G29: PAGI | H29: DBI | I29: CML | J29: CLOSED | K29: B141704 | L29: PERFORMED COMPLETED VAIDITY TAG ADULT LIFE VEST AT AFT CABIN D/T MISSING | M29: 0.9375 | N29: 0.95833333 | O29: ANDI RAHMAN
A30: 46307 | B30: BATIK AIR | C30: A320 | D30: PK-BKV | E30: RON | F30: SRG | G30: PAGI | H30: DBI | I30: CML | J30: CLOSED | K30: B141705 | L30: PERFORMED DAILY CHECK BEAUTIFICATION INSPECTION HAS BEEN C/O | M30: 0.95833333 | N30: 0 | O30: TRI CAHYO | P30: ANDI RAHMAN
A31: 46307 | B31: LION AIR | C31: B737-900ER | D31: PK-LHY | E31: TRANSIT | F31: PDG | G31: MALAM | H31: UNSCEDULE | I31: CML | J31: CLOSED | K31: E0433318 | L31: IAW AMM 25-00-00 PERFORMED COMPLATED CABIN SPRAY FOR FLIGHT INTER | M31: 0.43055556 | N31: 0.45486111 | O31: AFRI WENDI
A32: 46307 | B32: LION AIR | C32: A330 | D32: PK-LEF | E32: TRANSIT | F32: PDG | G32: MALAM | H32: UNSCEDULE | I32: CML | J32: CLOSED | K32: E0464141 | L32: IAW AMM 25-00-00 PERFORMED COMPLATED CABIN SPRAY FOR FLIGHT INTER | M32: 0.46180556 | N32: 0.49305556 | O32: AFRI WENDI
A33: 46307 | B33: SUPER AIR JET | C33: A320 | D33: PK-STZ | E33: RON | F33: PDG | G33: MALAM | H33: UNSCEDULE | I33: CML | J33: CLOSED | K33: S126701 | L33: IAW AMM 33-22-00 PERFORMED REPOSITION LAMP CEILLING LIGHT NO 29ABC DUE TO NOT ILLUMINATE, RESULT TEST ILLUMINATE | M33: 0.73958333 | N33: 0.76388889 | O33: AFRI WENDI
A34: 46307 | B34: SUPER AIR JET | C34: A320 | D34: PK-STZ | E34: RON | F34: PDG | G34: MALAM | H34: UNSCEDULE | I34: CML | J34: CLOSED | K34: S126702 | L34: IAW AMM 25-00-00 PERFORMED REFILL BATRE AIRFI BOX AT AFT STATION DUE TO LOW BAT, SN : 025 | M34: 0.76458333 | N34: 0.78541667 | O34: AFRI WENDI
A35: 46307 | B35: SUPER AIR JET | C35: A320 | D35: PK-STZ | E35: RON | F35: PDG | G35: MALAM | H35: DBI | I35: CML | J35: CLOSED | K35: S126703 | L35: IAW AMM 25-00-00 PERFORMED DAILY CHECKED BEAUTIFICATION INSPECTION HAS BEEN C/O | M35: 0.78611111 | N35: 0.84861111 | O35: AFRI WENDI
A36: 46307 | B36: LION AIR | C36: B737-900ER | D36: PK-LHY | E36: RON | F36: PDG | G36: MALAM | H36: UNSCEDULE | I36: CML | J36: CLOSED | K36: E0433319 | L36: TRANSFER TO NSRDIL NLA082185 | M36: 0.88194444 | N36: 0.91319444 | O36: AFRI WENDI
A37: 46307 | B37: LION AIR | C37: B737-900ER | D37: PK-LHY | E37: RON | F37: PDG | G37: MALAM | H37: UNSCEDULE | I37: CML | J37: CLOSED | K37: E0433320 | L37: IAW AMM 33-21-00 PERFORMED REPOSITION CONNECTOR PLUG WINDOW LIGHT 2ABC DUE TO BLINKING, RESULT TEST NORMAL | M37: 0.91388889 | N37: 0.93263889 | O37: AFRI WENDI
A38: 46307 | B38: LION AIR | C38: B737-900ER | D38: PK-LHY | E38: RON | F38: PDG | G38: MALAM | H38: UNSCEDULE | I38: CML | J38: CLOSED | K38: E0433321 | L38: IAW AMM 25-25-00 PERFORMED ADJUSTMENT SPRING FLAPPER DOOR AT AFT R/H DUE TO NOT FULLY CLOSED, RESULT GOOD | M38: 0.93333333 | N38: 0.96180556 | O38: AFRI WENDI
A39: 46307 | B39: LION AIR | C39: B737-900ER | D39: PK-LHY | E39: RON | F39: PDG | G39: MALAM | H39: DBI | I39: CML | J39: CLOSED | K39: E0433322 | L39: IAW AMM 25-00-00 PERFORMED DAILY CHECKED BEAUTIFICATION INSPECTION HAS BEEN C/O | M39: 0.9625 | N39: 0.99930556 | O39: AFRI WENDI
A40: 46307 | B40: WINGS AIR | C40: ATR72-600 | D40: PK-WHR | E40: EX RON | F40: DPS | G40: PAGI | H40: UNSHCEDULE | I40: CML | J40: CLOSED | K40: C036164 | L40: PERFORMED INSTALL CARGO NETT AT FWD COMPARTMENT FOR SUPPORT CHARTER FLIGHT DPS-TQQ HAS BEEN C/O | M40: 0.29861111 | N40: 0.32638889 | O40: DEWA AGUS
A41: 46307 | B41: BATIK AIR | C41: A320 | D41: PK-BKT | E41: TRANSIT | F41: DPS | G41: PAGI | H41: UNSHCEDULE | I41: CML | J41: CLOSED | K41: B143667 | L41: PERFORMED INSTALL LIFE RAFT FOR SUPPORT FLIGHT DPS-PER AT COMPARTMENT ( 3ABC, 3DEF, 24 DEF ) HAS BEEN C/O | M41: 0.35069444 | N41: 0.37152778 | O41: DEWA AGUS
A42: 46307 | B42: BATIK AIR | C42: A320 | D42: PK-BKT | E42: TRANSIT | F42: DPS | G42: PAGI | H42: UNSHCEDULE | I42: CML | J42: CLOSED | K42: B143668 | L42: PERFORMED PREPARED , SPRAYING CARGO & COMPARTMENT FOR SUPPORT FLIGHT INTER HAS BEEN C/O | M42: 0.37222222 | N42: 0.39305556 | O42: DEWA AGUS
... A53: 46307 | B53: WINGS AIR | C53: ATR72-600 | D53: PK-WHR | E53: TRANSIT | F53: DPS | G53: PAGI | H53: UNSHCEDULE | I53: CML | J53: CLOSED | K53: C036163 | L53: PERFORMED REMOVE CARGO NET A/C CONTINUE REGULER FLIGHT HAS BEEN C/O | M53: 0.69930556 | N53: 0.72013889 | O53: DEWA AGUS
A54: 46307 | B54: BATIK AIR | C54: A320 | D54: PK-LUW | E54: LGT | F54: DPS | G54: PAGI | H54: UNSHCEDULE | I54: CML | J54: CLOSED | K54: B137579 | L54: TRANSFER TO NSRDIL NO : NID016359 | M54: 0.72222222 | N54: 0.74305556 | O54: DEWA AGUS | P54: MEIDY RAFLES SUEK
A55: 46307 | B55: WINGS AIR | C55: ATR72-600 | D55: PK-WFI | E55: RON | F55: DPS | G55: MALAM | H55: UNSHCEDULE | I55: CML | J55: CLOSED | K55: C043931 | L55: PERFORMED CHECK DAILY BEAUTIFICATION INSPECTION HAS BEEN C/O | M55: 0.77777778 | N55: 0.83333333 | O55: MEIDY RAFLES SUEK
A56: 46307 | B56: WINGS AIR | C56: ATR72-600 | D56: PK-WFI | E56: RON | F56: DPS | G56: MALAM | H56: UNSHCEDULE | I56: CML | J56: CLOSED | K56: C043932 | L56: PERFORMED RECTIFICATION COVER LAVATORY D/T LOOSE RESULT GOOD | M56: 0.83680556 | N56: 0.85069444 | O56: MEIDY RAFLES SUEK
A57: 46307 | B57: LION AIR | C57: B737-800 | D57: PK-LOQ | E57: RON | F57: DPS | G57: MALAM | H57: UNSHCEDULE | I57: CML | J57: CLOSED | K57: E0452719 | L57: PERFORMED CHECK DAILY BEAUTIFICATION INSPECTION HAS BEEN C/O | M57: 0.85416667 | N57: 0.90972222 | O57: MEIDY RAFLES SUEK
A58: 46307 | B58: LION AIR | C58: B737-800 | D58: PK-LOQ | E58: RON | F58: DPS | G58: MALAM | H58: UNSHCEDULE | I58: CML | J58: CLOSED | K58: E0452719 | L58: PERFORMED RECTIFICATION COVER WASTE CONTAINER AT G1 NOT FULLY RETRACT RESULT CLOSED PROPERLY | M58: 0.91319444 | N58: 0.92708333 | O58: MEIDY RAFLES SUEK
A59: 46307 | B59: LION AIR | C59: B737-800 | D59: PK-LOQ | E59: RON | F59: DPS | G59: MALAM | H59: UNSHCEDULE | I59: CML | J59: CLOSED | K59: E0452717 | L59: PERFORMED ACTUAL CHECK AND OPT TEST BY FAP WINDOW LIGTH S/N 5-34ABC D/T ALWASY ILLUMINATE HAS BEEN NORMALY ILLUMINATE | M59: 0.93055556 | N59: 0.94097222 | O59: MEIDY RAFLES SUEK
A60: 46307 | B60: LION AIR | C60: B737-800 | D60: PK-LOQ | E60: RON | F60: DPS | G60: MALAM | H60: UNSHCEDULE | I60: CML | J60: CLOSED | K60: E0452720 | L60: PERFORMED REPAIR AND RECTITEN CARPET SEAT ROW 15DEF WITH DOUBLE TAPE RESULT GOOD | M60: 0.94444444 | N60: 0.95486111 | O60: MEIDY RAFLES SUEK
A61: 46307 | B61: LION AIR | C61: B737-800 | D61: PK-LOQ | E61: RON | F61: DPS | G61: MALAM | H61: UNSHCEDULE | I61: CML | J61: CLOSED | K61: E0452721 | L61: PERFORMED RECTIFICATION THE METAL FRAME OF THE SEAT POCKET S/N 15C PROTUDING FROM ITS COVER RESULT PROPERLY | M61: 0.95833333 | N61: 0.97569444 | O61: MEIDY RAFLES SUEK
A62: 46307 | B62: SUPER AIR JET | C62: A320 | D62: PK-SAO | E62: RON | F62: DPS | G62: MALAM | H62: UNSHCEDULE | I62: CML | J62: CLOSED | K62: S126908 | L62: PERFORMED CHECK DAILY BEAUTIFICATION INSPECTION HAS BEEN C/O | M62: 0.97916667 | N62: 0.034722222 | O62: MEIDY RAFLES SUEK
A63: 46307 | B63: SUPER AIR JET | C63: A320 | D63: PK-SAO | E63: RON | F63: DPS | G63: MALAM | H63: UNSHCEDULE | I63: CML | J63: CLOSED | K63: S126905 | L63: PERFORMED RECTIFICATION WIRE RECLINE D/T LOOSE OPERATIONAL TEST CONTROL RECLINE S/N 19A, 28F RESULT NORMALY | M63: 0.038194444 | N63: 0.0625 | O63: MEIDY RAFLES SUEK
A64: 46307 | B64: SUPER AIR JET | C64: A320 | D64: PK-SAO | E64: RON | F64: DPS | G64: MALAM | H64: UNSHCEDULE | I64: CML | J64: CLOSED | K64: S126906 | L64: TRANSFER TO NSRDIL NO : NSAJ021321 | M64: 0.065972222 | N64: 0.079861111 | O64: MEIDY RAFLES SUEK
A65: 46307 | B65: SUPER AIR JET | C65: A320 | D65: PK-SAO | E65: RON | F65: DPS | G65: MALAM | H65: UNSHCEDULE | I65: CML | J65: CLOSED | K65: S126907 | L65: PERFORMED CLEANING OF VACUUM WASTE LINES WITH CHEMICAL CLEANING AGENT HAS BEEN C/O | M65: 0.083333333 | N65: 0.10416667 | O65: MEIDY RAFLES SUEK
A66: 46307 | B66: BATIK AIR | C66: A320 | D66: PK-LUY | E66: RON | F66: DPS | G66: MALAM | H66: UNSHCEDULE | I66: CML | J66: CLOSED | K66: B138091 | L66: PERFORMED CHECK DAILY BEAUTIFICATION INSPECTION HAS BEEN C/O | M66: 0.10763889 | N66: 0.15972222 | O66: MEIDY RAFLES SUEK
... A68: 46307 | B68: BATIK AIR | C68: A320 | D68: PK-LUY | E68: RON | F68: DPS | G68: MALAM | H68: UNSHCEDULE | I68: CML | J68: CLOSED | K68: B138089 | L68: INSERT TO NSRDL NO NBA 033582 | M68: 0.17361111 | N68: 0.18055556 | O68: MEIDY RAFLES SUEK
A69: 46307 | B69: BATIK AIR | C69: A320 | D69: PK-LAZ | E69: TRANSIT | F69: AMQ | G69: PAGI | H69: UN-SCHED | I69: CML | J69: CLOSED | K69: B147347 | L69: Performed Clean Up Filter Smoke Detector At Lavatory "LD" d/t Dirty.Has Been c/o | M69: 0.29166667 | N69: 0.3125 | O69: FERDINAND LELAPARY | P69: YANDRY PAPILAYA
A70: 46307 | B70: BATIK AIR | C70: A320 | D70: PK-LAZ | E70: TRANSIT | F70: AMQ | G70: PAGI | H70: UN-SCHED | I70: CML | J70: CLOSED | K70: B147348 | L70: Performed Refill Handsoap At Lavatory "LE" d/t Empty. Has Been c/o | M70: 0.31597222 | N70: 0.33333333 | O70: FERDINAND LELAPARY | P70: YANDRY PAPILAYA
A71: 46307 | B71: WINGS AIR | C71: ATR-72 | D71: PK-WHV | E71: RON | F71: AMQ | G71: PAGI | H71: DBI | I71: CML | J71: CLOSED | K71: C035778 | L71: Performed Completed Callington Spray At Aircraft d/t Empty. Has Been c/o | M71: 0.54166667 | N71: 0.55902778 | O71: FERDINAND LELAPARY | P71: YANDRY PAPILAYA
A72: 46307 | B72: WINGS AIR | C72: ATR-72 | D72: PK-WHV | E72: RON | F72: AMQ | G72: PAGI | H72: DBI | I72: CML | J72: CLOSED | K72: C035779 | L72: Performed Reposition And Rectified Cable Jack Recline At Seat No.19A d/t Can't Recline. Has Been c/o | M72: 0.5625 | N72: 0.58333333 | O72: FERDINAND LELAPARY | P72: YANDRY PAPILAYA
A73: 46307 | B73: WINGS AIR | C73: ATR-72 | D73: PK-WHV | E73: RON | F73: AMQ | G73: PAGI | H73: DBI | I73: CML | J73: CLOSED | K73: C035780 | L73: Performed Clean Up Cover Emergency Light At Entrance Door d/t Dirty. Has Been c/o | M73: 0.59027778 | N73: 0.61111111 | O73: FERDINAND LELAPARY | P73: YANDRY PAPILAYA
A74: 46307 | B74: WINGS AIR | C74: ATR-72 | D74: PK-WHV | E74: RON | F74: AMQ | G74: PAGI | H74: DBI | I74: CML | J74: CLOSED | K74: C035781 | L74: Performed Daily Check Beautification Inspection. c/o | M74: 0.54166667 | N74: 0.625 | O74: FERDINAND LELAPARY | P74: YANDRY PAPILAYA
A75: 46307 | B75: WINGS AIR | C75: ATR-72 | D75: PK-WJY | E75: RON | F75: AMQ | G75: PAGI | H75: DBI | I75: CML | J75: CLOSED | K75: C035932 | L75: Performed Install Placard " Latch Closing Order " At Cover ENG #1 L/H, Has Been c/o | M75: 0.64583333 | N75: 0.65972222 | O75: FERDINAND LELAPARY | P75: YANDRY PAPILAYA
A76: 46307 | B76: WINGS AIR | C76: ATR-72 | D76: PK-WJY | E76: RON | F76: AMQ | G76: PAGI | H76: DBI | I76: CML | J76: CLOSED | K76: C035933 | L76: Performed Rectification Mid Armrest Seat No.10AC d/t Bad Condition. Has Been c/o | M76: 0.66666667 | N76: 0.68402778 | O76: FERDINAND LELAPARY | P76: YANDRY PAPILAYA
A77: 46307 | B77: WINGS AIR | C77: ATR-72 | D77: PK-WJY | E77: RON | F77: AMQ | G77: PAGI | H77: DBI | I77: CML | J77: CLOSED | K77: C035934 | L77: Transfer To NSRDI Page No NWA.009792 | M77: 0.6875 | N77: 0.70138889 | O77: FERDINAND LELAPARY | P77: YANDRY PAPILAYA
A78: 46307 | B78: WINGS AIR | C78: ATR-72 | D78: PK-WJY | E78: RON | F78: AMQ | G78: PAGI | H78: DBI | I78: CML | J78: CLOSED | K78: C035935 | L78: Performed Daily Check Beautification Inspection. c/o | M78: 0.64583333 | N78: 0.72916667 | O78: FERDINAND LELAPARY | P78: YANDRY PAPILAYA
A79: 46307 | B79: LION AIR | C79: B737-900ER | D79: PK-LSW | E79: PREFLIGHT | F79: MDC | G79: PAGI | H79: UNSCHEDULE | I79: CML | J79: CLOSED | K79: E0449151 | L79: I.A.W EI B739-EI-25-080R2. THERE IS FALSE INDICATION, CAN BE USED & SERVICEABLE | M79: 0.35416667 | N79: 0.41666667 | O79: GINANJAR YUSUF
A80: 46307 | B80: SUPER AIR JET | C80: A320 | D80: PK-SGB | E80: RON | F80: MDC | G80: PAGI | H80: UNSCHEDULE | I80: CML | J80: CLOSED | K80: S126003 | L80: PERFORM RECTIFIED SEAT COVER NO 1C,3C,28D,30D,30F,31D HAS BEEN C/O | M80: 0.45833333 | N80: 0.54166667 | O80: GINANJAR YUSUF
A81: 46307 | B81: SUPER AIR JET | C81: A320 | D81: PK-SGB | E81: RON | F81: MDC | G81: PAGI | H81: DBI | I81: CML | J81: CLOSED | K81: S126004 | L81: PERFORM DAILY BEAUTIFICATION INSPECTION | M81: 0.54166667 | N81: 0.66666667 | O81: GINANJAR YUSUF
A82: 46307 | B82: LION AIR | C82: B737-900ER | D82: PK-LFW | E82: RON | F82: MDC | G82: MALAM | H82: DBI | I82: CML | J82: CLOSED | K82: E0454437 | L82: PERFORM DAILY BEAUTIFICATION INSPECTION | M82: 0.8125 | N82: 0.89583333 | O82: MUSLIADI MALIKI | P82: ISRAN PATAMANI
A83: 46307 | B83: LION AIR | C83: B737-900ER | D83: PK-LFW | E83: RON | F83: MDC | G83: MALAM | H83: UNSCHEDULE | I83: CML | J83: CLOSED | K83: E0454436 | L83: PERFORMED REPOSITION LAMP ENTRY LIGHT G1 D/T NOT ILLUMINATE C.O,RESULT ILLUMINATE | M83: 0.89583333 | N83: 0.9375 | O83: MUSLIADI MALIKI | P83: ISRAN PATAMANI
A84: 46307 | B84: LION AIR | C84: B737-900ER | D84: PK-LFW | E84: RON | F84: MDC | G84: MALAM | H84: UNSCHEDULE | I84: CML | J84: CLOSED | K84: E0454426 | L84: ALREADY INSERT TO NSRDIL PAGE NO NLA 082504 | M84: 0.9375 | N84: 0.95833333 | O84: MUSLIADI MALIKI | P84: ISRAN PATAMANI
A85: 46307 | B85: LION AIR | C85: B737-900ER | D85: PK-LFW | E85: RON | F85: MDC | G85: MALAM | H85: UNSCHEDULE | I85: CML | J85: CLOSED | K85: E0454428 | L85: ALREADY INSERT TO NSRDIL PAGE NO NLA 076920 | M85: 0.95833333 | N85: 0.97916667 | O85: MUSLIADI MALIKI | P85: ISRAN PATAMANI
A86: 46307 | B86: LION AIR | C86: B737-900ER | D86: PK-LFW | E86: RON | F86: MDC | G86: MALAM | H86: UNSCHEDULE | I86: CML | J86: CLOSED | K86: E0454429 | L86: ALREADY INSERT TO NSRDIL PAGE NO NLA 076921 | M86: 0.97916667 | N86: 0 | O86: MUSLIADI MALIKI | P86: ISRAN PATAMANI
A87: 46307 | B87: LION AIR | C87: B737-900ER | D87: PK-LFW | E87: RON | F87: MDC | G87: MALAM | H87: UNSCHEDULE | I87: CML | J87: CLOSED | K87: E0454430 | L87: ALREADY INSERT TO NSRDIL PAGE NO NLA 082517 | M87: 0 | N87: 0.020833333 | O87: MUSLIADI MALIKI | P87: ISRAN PATAMANI
A88: 46307 | B88: LION AIR | C88: B737-900ER | D88: PK-LFW | E88: RON | F88: MDC | G88: MALAM | H88: UNSCHEDULE | I88: CML | J88: CLOSED | K88: E0454431 | L88: ALREADY INSERT TO NSRDIL PAGE NO NLA 076938 | M88: 0.020833333 | N88: 0.041666667 | O88: MUSLIADI MALIKI | P88: ISRAN PATAMANI
A89: 46307 | B89: LION AIR | C89: B737-900ER | D89: PK-LFW | E89: RON | F89: MDC | G89: MALAM | H89: UNSCHEDULE | I89: CML | J89: CLOSED | K89: E0454433 | L89: PERFORMED REPOSITION CEILING LIGHT S/N 32-34 DEF C/O,OPT RESULT ILLUMINATE | M89: 0.041666667 | N89: 0.083333333 | O89: MUSLIADI MALIKI | P89: ISRAN PATAMANI
A90: 46307 | B90: LION AIR | C90: B737-900ER | D90: PK-LFW | E90: RON | F90: MDC | G90: MALAM | H90: UNSCHEDULE | I90: CML | J90: CLOSED | K90: E0454435 | L90: ALREADY INSERT TO NSRDIL PAGE NO NLA 082508 | M90: 0.083333333 | N90: 0.10416667 | O90: MUSLIADI MALIKI | P90: ISRAN PATAMANI
A91: 46307 | B91: LION AIR | C91: B737-900ER | D91: PK-LFW | E91: RON | F91: MDC | G91: MALAM | H91: UNSCHEDULE | I91: CML | J91: CLOSED | K91: E0454432 | L91: PERFORMED REPLACED BULB BREW BOTTOM INDICATOR COFFEE MAKER 407 AFT CABIN C/O,RESULT ILLUMINATE | M91: 0.10416667 | N91: 0.14583333 | O91: MUSLIADI MALIKI | P91: ISRAN PATAMANI
A92: 46307 | B92: LION AIR | C92: B737-900ER | D92: PK-LFW | E92: RON | F92: MDC | G92: MALAM | H92: UNSCHEDULE | I92: CML | J92: CLOSED | K92: E0454434 | L92: PERFORM REPLACED RECLINE BUTTOM S/N 36C D/T BROKEN C/O | M92: 0.14583333 | N92: 0.1875 | O92: MUSLIADI MALIKI | P92: ISRAN PATAMANI
A93: 46307 | B93: LION AIR | C93: B737-900ER | D93: PK-LFW | E93: RON | F93: MDC | G93: MALAM | H93: UNSCHEDULE | I93: CML | J93: CLOSED | K93: E0454427 | L93: TRANSFER TO NSRDIL PAGE NO NLA 082523 | M93: 0.1875 | N93: 0.20833333 | O93: MUSLIADI MALIKI | P93: ISRAN PATAMANI
... A98: 46307 | B98: LION AIR | C98: B737-900ER | D98: PK-LSW | E98: RON | F98: MDC | G98: MALAM | H98: UNSCHEDULE | I98: CML | J98: CLOSED | K98: E0449153 | L98: TRANSFER TO NSRDIL PAGE NO NLA 087687 | M98: 0.41666667 | N98: 0.4375 | O98: MUSLIADI MALIKI | P98: ISRAN PATAMANI
A99: 46307 | B99: BATIK AIR | C99: A320 | D99: PK-LUF | E99: LGT | F99: HLP | G99: PAGI | H99: DBI | I99: CML | J99: CLOSED | K99: B126482 | L99: REFF IAW AMM:25-26-00 .PERFORMED RECTIFIED AND COMPLETED STOPPER CURTAIN AFT STATION .DUE TO NOT PROPERLY .OP'S TEST RESULT GOOD | M99: 0.28472222 | N99: 0.30555556 | O99: 142244
A100: 46307 | B100: BATIK AIR | C100: A320 | D100: PK-LUF | E100: LGT | F100: HLP | G100: PAGI | H100: DBI | I100: CML | J100: CLOSED | K100: B126483 | L100: REFF IAW AMM:25-21-00 .PERFORMED RETIGHTENED SPRING HINGE AT OVHC SEAT NO 26DEF .DUE TO CAN'T FULLY OPEN .OP'S TEST RESULT NORMALLY | M100: 0.30555556 | N100: 0.34722222 | O100: 142244
A101: 46307 | B101: BATIK AIR | C101: A320 | D101: PK-LUF | E101: LGT | F101: HLP | G101: PAGI | H101: DBI | I101: CML | J101: CLOSED | K101: B126484 | L101: REFF IAW AMM:25-43-00 .PERFORMED RETIGHTEND BOLT NOZZLE HAND SOAP AT LAVATORY E AND D .DUE TO NOT PROPERLY .OP'S TEST RESULT NORMALLY | M101: 0.3125 | N101: 0.35416667 | O101: 142244 | P101: 83124751
A102: 46307 | B102: BATIK AIR | C102: A320 | D102: PK-LAY | E102: LGT | F102: HLP | G102: PAGI | H102: DBI | I102: CML | J102: CLOSED | K102: B147232 | L102: PERFORMED RECTIFIED OXYGEN MASK DEMO AT AFT STATION D/T NOT PROPPERLY RESULT C/O | M102: 0.36805556 | N102: 0.38888889 | O102: 145329
A103: 46307 | B103: BATIK AIR | C103: A320 | D103: PK-LAY | E103: LGT | F103: HLP | G103: PAGI | H103: DBI | I103: CML | J103: CLOSED | K103: B147233 | L103: PERFORMED RECTIFIED DOOR WASTE COMPARTEMENT AT LAV L/D D/T NOT PROPPERLY RESULT C/O | M103: 0.38194444 | N103: 0.40277778 | O103: 145329 | P103: 83124751
A104: 46307 | B104: BATIK AIR | C104: A320 | D104: PK-LAY | E104: LGT | F104: HLP | G104: PAGI | H104: DBI | I104: CML | J104: CLOSED | K104: B147234 | L104: PERFORMED ADJUSTMENT SPRING PLATE JUMP SEAT FA 4 D/T NOT FULLY RETRACT . OP'S TEST JUMPSEAT FA4 RESULT NORMALLY RETRACT | M104: 0.40277778 | N104: 0.44444444 | O104: 145329 | P104: 83124751
A105: 46307 | B105: BATIK AIR | C105: A320 | D105: PK-LUP | E105: RON | F105: HLP | G105: PAGI | H105: DBI | I105: CML | J105: CLOSED | K105: B147777 | L105: PERFORMED REPOSITION RED ARMED STICKER DOOR 1R D/T NOT AVAILIBLE RESULT C/O | M105: 0.62152778 | N105: 0.64236111 | O105: 83124751 | P105: 142244
A106: 46307 | B106: BATIK AIR | C106: A320 | D106: PK-LUP | E106: RON | F106: HLP | G106: PAGI | H106: DBI | I106: CML | J106: CLOSED | K106: B147778 | L106: AMM 44-21-00 PERFORMED REMOVE AIRFI AT FWD FOR CHARGING D/T AC RON (SN. 563 ) | M106: 0.63611111 | N106: 0.64652778 | O106: 142244
A107: 46307 | B107: BATIK AIR | C107: A320 | D107: PK-LUF | E107: LGT | F107: HLP | G107: PAGI | H107: DBI | I107: CML | J107: CLOSED | K107: B126485 | L107: PERFORM RECONNECT CABLE CONNECTOR HANDSET 4R D/T INTERPHONE NO SOUND. DO OPERATIONAL TEST INTERPHONE RESULT OPS TEST NORMALLY | M107: 0.70833333 | N107: 0.73958333 | O107: 83124751 | P107: 142244
A108: 46307 | B108: BATIK AIR | C108: A320 | D108: PK-LUF | E108: LGT | F108: HLP | G108: PAGI | H108: DBI | I108: CML | J108: CLOSED | K108: B126486 | L108: AMM 44-21-00 PERFORMED REMOVE & INSTALL AIRFI FWDT ON AIRCRAFT REMOVE : (560), INSTALL : ( SN. 600 ) | M108: 0.73263889 | N108: 0.74305556 | O108: 83124751
A109: 46307 | B109: BATIK AIR | C109: A320 | D109: PK-LUF | E109: LGT | F109: HLP | G109: PAGI | H109: DBI | I109: CML | J109: CLOSED | K109: B126487 | L109: PERFORMED RECTIFIED HEAD REST COVER S/N 3D D/T NOT PROPPERLY RESULT GOOD | M109: 0.74305556 | N109: 0.76388889 | O109: 83124751 | P109: 142244
A110: 46307 | B110: BATIK AIR | C110: A320 | D110: PK-LUP | E110: RON | F110: HLP | G110: MALAM | H110: DBI | I110: CML | J110: CLOSED | K110: B147779 | L110: REFF AMM 25, PERFORMED REPOSITION SEAT COVER AT COCKPIT AREA | M110: 0.83333333 | N110: 0.85416667 | O110: 83086304
A111: 46307 | B111: BATIK AIR | C111: A320 | D111: PK-LUP | E111: RON | F111: HLP | G111: MALAM | H111: DBI | I111: CML | J111: CLOSED | K111: B147780 | L111: REFF AMM 25, PERFORMED REINSTALL SEAT TRACK COVER AT SEAT 16 ABC | M111: 0.85416667 | N111: 0.86805556 | O111: 83086304
A112: 46307 | B112: BATIK AIR | C112: A320 | D112: PK-LUP | E112: RON | F112: HLP | G112: MALAM | H112: DBI | I112: CML | J112: CLOSED | K112: B147781 | L112: REFF AMM 25, PERFORMMED REPOSITION RUBBER LIST AT AFT GALLEY | M112: 0.86805556 | N112: 0.88888889 | O112: 83086304
A113: 46307 | B113: BATIK AIR | C113: A320 | D113: PK-LUP | E113: RON | F113: HLP | G113: MALAM | H113: DBI | I113: CML | J113: CLOSED | K113: B147782 | L113: REFF AMM 25, PERFORMED REINSTALL RUBBER SEAL AT AFT GALLEY | M113: 0.88888889 | N113: 0.90972222 | O113: 83086304
A114: 46307 | B114: BATIK AIR | C114: A320 | D114: PK-LUP | E114: RON | F114: HLP | G114: MALAM | H114: DBI | I114: CML | J114: CLOSED | K114: B147783 | L114: REFF AMM 25, PERFORMED REPOSITION LIST LOWER SIDEWALL AT ROW 3AC AND 4 DEF | M114: 0.90972222 | N114: 0.93055556 | O114: 83086304
A115: 46307 | B115: BATIK AIR | C115: A320 | D115: PK-LUP | E115: RON | F115: HLP | G115: MALAM | H115: DBI | I115: CML | J115: CLOSED | K115: B147784 | L115: REFF AMM 25, PERFORMED RECTIFIED AND REINSTALL DOOR TISSUE BOX FOR LAVATORY LE | M115: 0.93055556 | N115: 0.97222222 | O115: 83086304
...

Sheet SUMMARY COD
A1: ="DAILY REPORT CBM " & UPPER(TEXT(TODAY()-1, "D MMM YYYY")) -> DAILY REPORT CBM 13 OCT 2026
A2: NO | B2: STA | C2: DJA R01 | F2: DJA AOC ( NSRDI R01 ) | I2: DMI | L2: ALL FINDINGS CLOSED | M2: UNPLANNED WO CLOSED | N2: UNPLANNED NSRDI CLOSED | O2: UNPLANNED DMI CLOSED | P2: CML CLOSED | Q2: TOTAL CLOSED | R2: Start | S2: 46308
C3: DEPLOY | D3: CLOSED | E3: OPEN | F3: DEPLOY | G3: CLOSED | H3: OPEN | I3: DEPLOY | J3: CLOSED | K3: OPEN | R3: End | S3: 46308
A4: 1 | B4: CGK | C4: 5 | D4: 4 | E4: 1 | F4: 33 | G4: 29 | H4: 4 | I4: 5 | J4: 5 | K4: 0 | L4: 10 | M4: 3 | N4: 7 | O4: 0 | P4: 113 | Q4: 171
A5: 2 | B5: HLP | C5: 0 | D5: 0 | E5: 0 | F5: 3 | G5: 3 | H5: 0 | I5: 0 | J5: 0 | K5: 0 | L5: 0 | M5: 0 | N5: 8 | O5: 0 | P5: 29 | Q5: 40
A6: 3 | B6: SUB | C6: 5 | D6: 4 | E6: 1 | F6: 8 | G6: 5 | H6: 3 | I6: 2 | J6: 0 | K6: 2 | L6: 4 | M6: 0 | N6: 6 | O6: 0 | P6: 77 | Q6: 96
A7: 4 | B7: KNO | C7: 0 | D7: 0 | E7: 0 | F7: 2 | G7: 1 | H7: 1 | I7: 0 | J7: 0 | K7: 0 | L7: 0 | M7: 0 | N7: 0 | O7: 0 | P7: 23 | Q7: 24
A8: 5 | B8: UPG | C8: 4 | D8: 4 | E8: 0 | F8: 2 | G8: 2 | H8: 0 | I8: 2 | J8: 2 | K8: 0 | L8: 4 | M8: 0 | N8: 6 | O8: 0 | P8: 42 | Q8: 60
A9: 6 | B9: MDC | C9: 0 | D9: 0 | E9: 0 | F9: 0 | G9: 0 | H9: 0 | I9: 0 | J9: 0 | K9: 0 | L9: 0 | M9: 0 | N9: 1 | O9: 0 | P9: 11 | Q9: 12
A10: 7 | B10: BPN | C10: 0 | D10: 0 | E10: 0 | F10: 1 | G10: 0 | H10: 1 | I10: 0 | J10: 0 | K10: 0 | L10: 0 | M10: 0 | N10: 0 | O10: 0 | P10: 17 | Q10: 17
A11: 8 | B11: AMQ | C11: 0 | D11: 0 | E11: 0 | F11: 0 | G11: 0 | H11: 0 | I11: 0 | J11: 0 | K11: 0 | L11: 0 | M11: 0 | N11: 0 | O11: 0 | P11: 8 | Q11: 8
A12: 9 | B12: SRG | C12: 1 | D12: 1 | E12: 0 | F12: 0 | G12: 0 | H12: 0 | I12: 3 | J12: 3 | K12: 0 | L12: 0 | M12: 0 | N12: 0 | O12: 0 | P12: 19 | Q12: 23
A13: 10 | B13: PLM | C13: 0 | D13: 0 | E13: 0 | F13: 1 | G13: 1 | H13: 0 | I13: 0 | J13: 0 | K13: 0 | L13: 0 | M13: 0 | N13: 1 | O13: 0 | P13: 16 | Q13: 18
A14: 11 | B14: DPS | C14: 0 | D14: 0 | E14: 0 | F14: 2 | G14: 2 | H14: 0 | I14: 0 | J14: 0 | K14: 0 | L14: 0 | M14: 0 | N14: 2 | O14: 0 | P14: 20 | Q14: 24
A15: 12 | B15: KOE | C15: 3 | D15: 2 | E15: 1 | F15: 1 | G15: 0 | H15: 1 | I15: 0 | J15: 0 | K15: 0 | L15: 0 | M15: 0 | N15: 0 | O15: 0 | P15: 10 | Q15: 12
... A21: 18 | B21: PKU | C21: 0 | D21: 0 | E21: 0 | F21: 0 | G21: 0 | H21: 0 | I21: 0 | J21: 0 | K21: 0 | L21: 4 | M21: 0 | N21: 0 | O21: 0 | P21: 8 | Q21: 12
A22: TOTAL | C22: =SUM(C4:C21) -> 20 | D22: =SUM(D4:D21) -> 17 | E22: =SUM(E4:E21) -> 3 | F22: =SUM(F4:F21) -> 55 | G22: =SUM(G4:G21) -> 45 | H22: =SUM(H4:H21) -> 10 | I22: =SUM(I4:I21) -> 13 | J22: =SUM(J4:J21) -> 11 | ... Q22: =SUM(Q4:Q21) -> 583
A24: NO | B24: AOC | C24: DJA R01 | F24: DJA AOC ( NSRDI R01 ) | I24: DMI | L24: ALL FINDINGS CLOSED | M24: UNPLANNED WO CLOSED | N24: UNPLANNED NSRDI CLOSED | O24: UNPLANNED DMI CLOSED | P24: CML CLOSED | Q24: TOTAL CLOSED
C25: DEPLOY | D25: CLOSED | E25: OPEN | F25: DEPLOY | G25: CLOSED | H25: OPEN | I25: DEPLOY | J25: CLOSED | K25: OPEN
A26: 1 | B26: JT | C26: =COUNTIFS(WO!$A$3:$A30, ">="&$S$2, WO!$A$3:$A30, "<="&$S$3, WO!$I$3:$I30, $B26) -> 5 | D26: =COUNTIFS(WO!$A$3:$A30, ">="&$S$2, WO!$A$3:$A30, "<="&$S$3, WO!$I$3:$I30, $B26, WO!$N$3:$N30, "CLOSED") -> 4 | E26: =COUNTIFS(WO!$A$3:$A30, ">="&$S$2, WO!$A$3:$A30, "<="&$S$3, WO!$I$3:$I30, $B26, WO!$N$3:$N30, "OPEN") -> 1 | F26: =COUNTIFS('DJA AOC NSRDIL R01'!$L$3:$L30, $B26, 'DJA AOC NSRDIL R01'!$O$3:$O30, ">="&$S$2, 'DJA AOC NSRDIL R01'!$O$3:$O30, "<="&$S$3) -> 2 | G26: =COUNTIFS('DJA AOC NSRDIL R01'!$L$3:$L30, $B26, 'DJA AOC NSRDIL R01'!$O$3:$O30, ">="&$S$2, 'DJA AOC NSRDIL R01'!$O$3:$O30, "<="&$S$3, 'DJA AOC NSRDIL R01'!$Q$3:$Q30, "CLOSED") -> 1 | H26: =COUNTIFS('DJA AOC NSRDIL R01'!$L$3:$L30, $B26, 'DJA AOC NSRDIL R01'!$O$3:$O30, ">="&$S$2, 'DJA AOC NSRDIL R01'!$O$3:$O30, "<="&$S$3, 'DJA AOC NSRDIL R01'!$Q$3:$Q30, "OPEN") -> 1 | I26: =COUNTIFS('DMI CBM'!$X:$X, "DJA DMI", 'DMI CBM'!$Q:$Q, ">="&$S$2, 'DMI CBM'!$Q:$Q, "<="&$S$3, 'DMI CBM'!$N:$N, $B26) -> 2 | J26: =COUNTIFS('DMI CBM'!$X:$X, "DJA DMI", 'DMI CBM'!$Q:$Q, ">="&$S$2, 'DMI CBM'!$Q:$Q, "<="&$S$3, 'DMI CBM'!$N:$N, $B26, 'DMI CBM'!$G:$G, "CLOSED") -> 0 | K26: =COUNTIFS('DMI CBM'!$X:$X, "DJA DMI", 'DMI CBM'!$Q:$Q, ">="&$S$2, 'DMI CBM'!$Q:$Q, "<="&$S$3, 'DMI CBM'!$N:$N, $B26, 'DMI CBM'!$G:$G, "OPEN") -> 2 | L26: =COUNTIFS('ALL FINDING'!$A:$A, ">="&$S$2, 'ALL FINDING'!$A:$A, "<="&$S$3, 'ALL FINDING'!$B:$B, $B26, 'ALL FINDING'!$I:$I, "CLOSED") -> 0 | P26: #ERROR! | Q26: =SUM(D26, G26, J26, L26:P26) -> 5
A27: 2 | B27: ID | C27: =COUNTIFS(WO!$A$3:$A30, ">="&$S$2, WO!$A$3:$A30, "<="&$S$3, WO!$I$3:$I30, $B27) -> 7 | D27: =COUNTIFS(WO!$A$3:$A30, ">="&$S$2, WO!$A$3:$A30, "<="&$S$3, WO!$I$3:$I30, $B27, WO!$N$3:$N30, "CLOSED") -> 5 | E27: =COUNTIFS(WO!$A$3:$A30, ">="&$S$2, WO!$A$3:$A30, "<="&$S$3, WO!$I$3:$I30, $B27, WO!$N$3:$N30, "OPEN") -> 2 | F27: =COUNTIFS('DJA AOC NSRDIL R01'!$L$3:$L30, $B27, 'DJA AOC NSRDIL R01'!$O$3:$O30, ">="&$S$2, 'DJA AOC NSRDIL R01'!$O$3:$O30, "<="&$S$3) -> 24 | G27: =COUNTIFS('DJA AOC NSRDIL R01'!$L$3:$L30, $B27, 'DJA AOC NSRDIL R01'!$O$3:$O30, ">="&$S$2, 'DJA AOC NSRDIL R01'!$O$3:$O30, "<="&$S$3, 'DJA AOC NSRDIL R01'!$Q$3:$Q30, "CLOSED") -> 23 | H27: =COUNTIFS('DJA AOC NSRDIL R01'!$L$3:$L30, $B27, 'DJA AOC NSRDIL R01'!$O$3:$O30, ">="&$S$2, 'DJA AOC NSRDIL R01'!$O$3:$O30, "<="&$S$3, 'DJA AOC NSRDIL R01'!$Q$3:$Q30, "OPEN") -> 1 | I27: =COUNTIFS('DMI CBM'!$X:$X, "DJA DMI", 'DMI CBM'!$Q:$Q, ">="&$S$2, 'DMI CBM'!$Q:$Q, "<="&$S$3, 'DMI CBM'!$N:$N, $B27) -> 2 | J27: =COUNTIFS('DMI CBM'!$X:$X, "DJA DMI", 'DMI CBM'!$Q:$Q, ">="&$S$2, 'DMI CBM'!$Q:$Q, "<="&$S$3, 'DMI CBM'!$N:$N, $B27, 'DMI CBM'!$G:$G, "CLOSED") -> 2 | K27: =COUNTIFS('DMI CBM'!$X:$X, "DJA DMI", 'DMI CBM'!$Q:$Q, ">="&$S$2, 'DMI CBM'!$Q:$Q, "<="&$S$3, 'DMI CBM'!$N:$N, $B27, 'DMI CBM'!$G:$G, "OPEN") -> 0 | L27: =COUNTIFS('ALL FINDING'!$A:$A, ">="&$S$2, 'ALL FINDING'!$A:$A, "<="&$S$3, 'ALL FINDING'!$B:$B, $B27, 'ALL FINDING'!$I:$I, "CLOSED") -> 6 | Q27: =SUM(D27, G27, J27, L27:P27) -> 36
A28: 3 | B28: IU | C28: =COUNTIFS(WO!$A$3:$A30, ">="&$S$2, WO!$A$3:$A30, "<="&$S$3, WO!$I$3:$I30, $B28) -> 3 | D28: =COUNTIFS(WO!$A$3:$A30, ">="&$S$2, WO!$A$3:$A30, "<="&$S$3, WO!$I$3:$I30, $B28, WO!$N$3:$N30, "CLOSED") -> 3 | E28: =COUNTIFS(WO!$A$3:$A30, ">="&$S$2, WO!$A$3:$A30, "<="&$S$3, WO!$I$3:$I30, $B28, WO!$N$3:$N30, "OPEN") -> 0 | F28: =COUNTIFS('DJA AOC NSRDIL R01'!$L$3:$L30, $B28, 'DJA AOC NSRDIL R01'!$O$3:$O30, ">="&$S$2, 'DJA AOC NSRDIL R01'!$O$3:$O30, "<="&$S$3) -> 1 | G28: =COUNTIFS('DJA AOC NSRDIL R01'!$L$3:$L30, $B28, 'DJA AOC NSRDIL R01'!$O$3:$O30, ">="&$S$2, 'DJA AOC NSRDIL R01'!$O$3:$O30, "<="&$S$3, 'DJA AOC NSRDIL R01'!$Q$3:$Q30, "CLOSED") -> 1 | H28: =COUNTIFS('DJA AOC NSRDIL R01'!$L$3:$L30, $B28, 'DJA AOC NSRDIL R01'!$O$3:$O30, ">="&$S$2, 'DJA AOC NSRDIL R01'!$O$3:$O30, "<="&$S$3, 'DJA AOC NSRDIL R01'!$Q$3:$Q30, "OPEN") -> 0 | I28: =COUNTIFS('DMI CBM'!$X:$X, "DJA DMI", 'DMI CBM'!$Q:$Q, ">="&$S$2, 'DMI CBM'!$Q:$Q, "<="&$S$3, 'DMI CBM'!$N:$N, $B28) -> 9 | J28: =COUNTIFS('DMI CBM'!$X:$X, "DJA DMI", 'DMI CBM'!$Q:$Q, ">="&$S$2, 'DMI CBM'!$Q:$Q, "<="&$S$3, 'DMI CBM'!$N:$N, $B28, 'DMI CBM'!$G:$G, "CLOSED") -> 9 | K28: =COUNTIFS('DMI CBM'!$X:$X, "DJA DMI", 'DMI CBM'!$Q:$Q, ">="&$S$2, 'DMI CBM'!$Q:$Q, "<="&$S$3, 'DMI CBM'!$N:$N, $B28, 'DMI CBM'!$G:$G, "OPEN") -> 0 | L28: =COUNTIFS('ALL FINDING'!$A:$A, ">="&$S$2, 'ALL FINDING'!$A:$A, "<="&$S$3, 'ALL FINDING'!$B:$B, $B28, 'ALL FINDING'!$I:$I, "CLOSED") -> 16 | Q28: =SUM(D28, G28, J28, L28:P28) -> 29
A29: 4 | B29: IW | C29: =COUNTIFS(WO!$A$3:$A30, ">="&$S$2, WO!$A$3:$A30, "<="&$S$3, WO!$I$3:$I30, $B29) -> 5 | D29: =COUNTIFS(WO!$A$3:$A30, ">="&$S$2, WO!$A$3:$A30, "<="&$S$3, WO!$I$3:$I30, $B29, WO!$N$3:$N30, "CLOSED") -> 5 | E29: =COUNTIFS(WO!$A$3:$A30, ">="&$S$2, WO!$A$3:$A30, "<="&$S$3, WO!$I$3:$I30, $B29, WO!$N$3:$N30, "OPEN") -> 0 | F29: =COUNTIFS('DJA AOC NSRDIL R01'!$L$3:$L30, $B29, 'DJA AOC NSRDIL R01'!$O$3:$O30, ">="&$S$2, 'DJA AOC NSRDIL R01'!$O$3:$O30, "<="&$S$3) -> 1 | G29: =COUNTIFS('DJA AOC NSRDIL R01'!$L$3:$L30, $B29, 'DJA AOC NSRDIL R01'!$O$3:$O30, ">="&$S$2, 'DJA AOC NSRDIL R01'!$O$3:$O30, "<="&$S$3, 'DJA AOC NSRDIL R01'!$Q$3:$Q30, "CLOSED") -> 1 | H29: =COUNTIFS('DJA AOC NSRDIL R01'!$L$3:$L30, $B29, 'DJA AOC NSRDIL R01'!$O$3:$O30, ">="&$S$2, 'DJA AOC NSRDIL R01'!$O$3:$O30, "<="&$S$3, 'DJA AOC NSRDIL R01'!$Q$3:$Q30, "OPEN") -> 0 | I29: =COUNTIFS('DMI CBM'!$X:$X, "DJA DMI", 'DMI CBM'!$Q:$Q, ">="&$S$2, 'DMI CBM'!$Q:$Q, "<="&$S$3, 'DMI CBM'!$N:$N, $B29) -> 0 | J29: =COUNTIFS('DMI CBM'!$X:$X, "DJA DMI", 'DMI CBM'!$Q:$Q, ">="&$S$2, 'DMI CBM'!$Q:$Q, "<="&$S$3, 'DMI CBM'!$N:$N, $B29, 'DMI CBM'!$G:$G, "CLOSED") -> 0 | K29: =COUNTIFS('DMI CBM'!$X:$X, "DJA DMI", 'DMI CBM'!$Q:$Q, ">="&$S$2, 'DMI CBM'!$Q:$Q, "<="&$S$3, 'DMI CBM'!$N:$N, $B29, 'DMI CBM'!$G:$G, "OPEN") -> 0 | L29: =COUNTIFS('ALL FINDING'!$A:$A, ">="&$S$2, 'ALL FINDING'!$A:$A, "<="&$S$3, 'ALL FINDING'!$B:$B, $B29, 'ALL FINDING'!$I:$I, "CLOSED") -> 0 | Q29: =SUM(D29, G29, J29, L29:P29) -> 6
A30: TOTAL | C30: =SUM(C26:C29) -> 20 | D30: =SUM(D26:D29) -> 17 | E30: =SUM(E26:E29) -> 3 | F30: =SUM(F26:F29) -> 28 | G30: =SUM(G26:G29) -> 26 | H30: =SUM(H26:H29) -> 2 | I30: =SUM(I26:I29) -> 13 | J30: =SUM(J26:J29) -> 11 | ... Q30: =SUM(Q26:Q29) -> 76

Sheet SUMMARY NSRDI
A1: TARGET CLOSED PER HARI | I1: SUMMARY CLOSED DAILY | N1: DATE | O1: 46308
A2: NO | B2: STA | C2: JT | D2: ID | E2: IU | F2: IW | G2: GRAND TOTAL | I2: NO | J2: STA | K2: JT | L2: ID | M2: IU | N2: IW | O2: GRAND TOTAL | Q2: NSRDIL AOC - CBM | PERIODE 2 - 8 OKTOBER 2026
A3: 1 | B3: CGK | C3: 2 | D3: 7 | E3: 7 | F3: 0 | G3: =SUM(C3:F3) -> 16 | I3: 1 | J3: CGK | O3: =SUM(K3:N3) -> 0 | Q3: AOC | R3: CAPACITY PER DAY | S3: DEFER TYPE | T3: 46297 | V3: 46298 | X3: 46299 | Z3: 46300 | AB3: 46301 | AD3: 46302 | AF3: 46303 | AH3: TOTAL DEPLOY | AI3: TOTAL CLOSED
A4: 2 | B4: HLP | C4: 0 | D4: 2 | E4: 0 | F4: 0 | G4: =SUM(C4:F4) -> 2 | I4: 2 | J4: HLP | O4: =SUM(K4:N4) -> 0 | T4: DEPLOY | U4: CLOSED | V4: DEPLOY | W4: CLOSED | X4: DEPLOY | Y4: CLOSED | Z4: DEPLOY | AA4: CLOSED | AB4: DEPLOY | AC4: CLOSED | AD4: DEPLOY | AE4: CLOSED | AF4: DEPLOY | AG4: CLOSED
A5: 3 | B5: SUB | C5: 1 | D5: 2 | E5: 2 | F5: 0 | G5: =SUM(C5:F5) -> 5 | I5: 3 | J5: SUB | O5: =SUM(K5:N5) -> 0 | Q5: JT | R5: 10 (70) | S5: CBM | AH5: =SUM(T5:T6,V5:V6,X5:X6,Z5:Z6,AB5:AB6,AD5:AD6,AF5:AF6) -> 0 | AI5: =SUM(U5:U6,W5:W6,Y5:Y6,AA5:AA6,AC5:AC6,AE5:AE6,AG5:AG6) -> 0
A6: 4 | B6: KNO | C6: 1 | D6: 1 | E6: 1 | F6: 3 | G6: =SUM(C6:F6) -> 6 | I6: 4 | J6: KNO | O6: =SUM(K6:N6) -> 0 | S6: PAINTING
A7: 5 | B7: UPG | C7: 1 | D7: 1 | E7: 1 | F7: 3 | G7: =SUM(C7:F7) -> 6 | I7: 5 | J7: UPG | O7: =SUM(K7:N7) -> 0 | Q7: ID | R7: 15 (105) | S7: CBM | AH7: =SUM(T7:T8,V7:V8,X7:X8,Z7:Z8,AB7:AB8,AD7:AD8,AF7:AF8) -> 0 | AI7: =SUM(U7:U8,W7:W8,Y7:Y8,AA7:AA8,AC7:AC8,AE7:AE8,AG7:AG8) -> 0
A8: 6 | B8: MDC | C8: 0 | D8: 0 | E8: 1 | F8: 1 | G8: =SUM(C8:F8) -> 2 | I8: 6 | J8: MDC | O8: =SUM(K8:N8) -> 0 | S8: PAINTING | AF8: GFBFB
A9: 7 | B9: BPN | C9: 0 | D9: 0 | E9: 1 | F9: 0 | G9: =SUM(C9:F9) -> 1 | I9: 7 | J9: BPN | O9: =SUM(K9:N9) -> 0 | Q9: IU | R9: 18 (126) | S9: CBM | AF9: BFBF | AH9: =SUM(T9:T10,V9:V10,X9:X10,Z9:Z10,AB9:AB10,AD9:AD10,AF9:AF10) -> 0 | AI9: =SUM(U9:U10,W9:W10,Y9:Y10,AA9:AA10,AC9:AC10,AE9:AE10,AG9:AG10) -> 0
A10: 8 | B10: AMQ | C10: 0 | D10: 0 | E10: 0 | F10: 2 | G10: =SUM(C10:F10) -> 2 | I10: 8 | J10: AMQ | O10: =SUM(K10:N10) -> 0 | S10: PAINTING
A11: 9 | B11: SRG | C11: 1 | D11: 0 | E11: 1 | F11: 0 | G11: =SUM(C11:F11) -> 2 | I11: 9 | J11: SRG | O11: =SUM(K11:N11) -> 0 | Q11: IW | R11: 12 (84) | S11: CBM | AH11: =SUM(T11:T12,V11:V12,X11:X12,Z11:Z12,AB11:AB12,AD11:AD12,AF11:AF12) -> 0 | AI11: =SUM(U11:U12,W11:W12,Y11:Y12,AA11:AA12,AC11:AC12,AE11:AE12,AG11:AG12) -> 0
A12: 10 | B12: PLM | C12: 0 | D12: 1 | E12: 2 | F12: 0 | G12: =SUM(C12:F12) -> 3 | I12: 10 | J12: PLM | O12: =SUM(K12:N12) -> 0 | S12: PAINTING
A13: 11 | B13: DPS | C13: 1 | D13: 0 | E13: 1 | F13: 0 | G13: =SUM(C13:F13) -> 2 | I13: 11 | J13: DPS | O13: =SUM(K13:N13) -> 0 | Q13: GRAND TOTAL | R13: 55 | T13: =SUM(T5:T12) -> 0 | U13: =SUM(U5:U12) -> 0 | V13: =SUM(V5:V12) -> 0 | W13: =SUM(W5:W12) -> 0 | X13: =SUM(X5:X12) -> 0 | Y13: =SUM(Y5:Y12) -> 0 | Z13: =SUM(Z5:Z12) -> 0 | AA13: =SUM(AA5:AA12) -> 0 | ... AI13: =SUM(AI5:AI12) -> 0
A14: 12 | B14: KOE | C14: 1 | D14: 0 | E14: 0 | F14: 1 | G14: =SUM(C14:F14) -> 2 | I14: 12 | J14: KOE | O14: =SUM(K14:N14) -> 0
A15: 13 | B15: LOP | C15: 0 | D15: 0 | E15: 0 | F15: 2 | G15: =SUM(C15:F15) -> 2 | I15: 13 | J15: LOP | O15: =SUM(K15:N15) -> 0
A16: 14 | B16: SOC | C16: 1 | D16: 1 | E16: 0 | F16: 0 | G16: =SUM(C16:F16) -> 2 | I16: 14 | J16: SOC | O16: =SUM(K16:N16) -> 0
A17: 15 | B17: PDG | C17: 1 | D17: 0 | E17: 0 | F17: 0 | G17: =SUM(C17:F17) -> 1 | I17: 15 | J17: PDG | O17: =SUM(K17:N17) -> 0
A18: 16 | B18: PKU | C18: 0 | D18: 0 | E18: 0 | F18: 0 | G18: =SUM(C18:F18) -> 0 | I18: 16 | J18: PKU | O18: =SUM(K18:N18) -> 0
A19: 17 | B19: BTH | C19: 0 | D19: 0 | E19: 1 | F19: 0 | G19: =SUM(C19:F19) -> 1 | I19: 17 | J19: BTH | O19: =SUM(K19:N19) -> 0
A20: 18 | B20: YIA | C20: 0 | D20: 0 | E20: 0 | F20: 0 | G20: =SUM(C20:F20) -> 0 | I20: 18 | J20: YIA | O20: =SUM(K20:N20) -> 0
A21: TOTAL | C21: =SUM(C3:C20) -> 10 | D21: =SUM(D3:D20) -> 15 | E21: =SUM(E3:E20) -> 18 | F21: =SUM(F3:F20) -> 12 | G21: =SUM(G3:G20) -> 55 | I21: TOTAL | K21: =SUM(K3:K20) -> 0 | L21: =SUM(L3:L20) -> 0 | M21: =SUM(M3:M20) -> 0 | N21: =SUM(N3:N20) -> 0 | O21: =SUM(O3:O20) -> 0

Sheet UNSCHED
A1: 46241
A2: DATE | B2: OPERATOR | C2: AC REG | D2: A/C STATUS | E2: STA | F2: DOC TYPE | G2: NO DOC | H2: ACTION TAKEN | I2: STATUS
