Workbook
Name RentangBernama1: #REF!

Sheet WO
A1: 46287 | E1: ALL GROUP LEADER CABIN MAINTENANCE PLEASE REMARKS JIKA OPEN ATAU CLOSE
A2: DATE | B2: WG | C2: AC REG | D2: WO | E2: WO CAT | F2: WO DESCRIPTION | G2: PN PICKLIST (NO. PICKLIST) | H2: MAN HOURS | I2: OPERATOR | J2: TYPE | K2: PLAN STA | L2: REMARKS PPC WG TO LM | M2: ACT STA | N2: STATUS | O2: REASON OPEN | P2: CODE OPEN
A3: 46287 | B3: WG 11 | C3: PK-WGM | D3: 2300075 | E3: CBMIC | F3: FULL DEEP CLEANING INTERIOR INCLUDE SHAMPOOING CARPET, AND SEAT POLISHING FOR ATR72 AIRCRAFT | G3: --- | I3: IW | J3: ATR72 | K3: AMQ | N3: CLOSED
A4: 46287 | B4: WG 11 | C4: PK-WGM | D4: 2301695 | E4: CBMEC | F4: DEEP CLEANING EXTERIOR ON ATR72 AIRCRAFT | G4: --- | I4: IW | J4: ATR72 | K4: AMQ | N4: CLOSED
A5: 46287 | B5: WG 12 | C5: PK-WFV | D5: 2319706 | E5: CBMEC | F5: DEEP CLEANING EXTERIOR ON ATR72 AIRCRAFT | G5: --- | I5: IW | J5: ATR72 | K5: BPN | N5: OPEN | O5: NOT AVAILABLE LIGHTING ON FRONT OF HANGGAR | P5: AUTHOR
A6: 46287 | B6: WG 04 | C6: PK-LRF | D6: 2041836 | E6: EO | F6: INSPECTION FOR INVENTORY EMERGENCY EQUIPMENT ON THE AIRCRAFT | G6: --- | H6: 2,00 | I6: JT | J6: B737 | K6: CGK | N6: CLOSED
A7: 46287 | B7: WG 08 | C7: PK-SAI | D7: 1920378 | E7: EO | F7: INTERIOR CABIN INSPECTION | G7: --- | H7: 8,50 | I7: IU | J7: A320 | K7: CGK | L7: PREPARE FOR RTS | N7: CLOSED
A8: 46287 | B8: WG 08 | C8: PK-SAI | D8: 2060674 | E8: EO | F8: AIRCRAFT PEST CONTROL APPLICATION GUIDE | G8: --- | H8: 1,00 | I8: IU | J8: A320 | K8: CGK | L8: PREPARE FOR RTS | N8: CLOSED
A9: 46287 | B9: WG 08 | C9: PK-SAI | D9: 2323107 | E9: HT | F9: CREW OXYGEN CYLINDER. REMOVE OXYGEN CYLINDER FOR IN SHOP HYDROSTATIC TEST | G9: PN: NSA835070-5C (590367) @ K1 PN: 891511-14 / SN: ST295417 (590366) @ K4 PN: NSA835070-5C (588384) @ K1 PN: NSA835070-5C (587706) @ BM32 | H9: 1,00 | I9: IU | J9: A320 | K9: CGK | L9: - PL 591532 with con | N9: OPEN | O9: LM SLIDE
A10: 46287 | B10: WG 08 | C10: PK-SAI | D10: 2336145 | E10: EO | F10: INSPECTION FOR INVENTORY EMERGENCY EQUIPMENT ON THE AIRCRAFT | G10: --- | H10: 3,00 | I10: IU | J10: A320 | K10: CGK | L10: PREPARE FOR RTS | N10: CLOSED
A11: 46287 | B11: WG 08 | C11: PK-SAQ | D11: 2295280 | E11: HT | F11: OFFWING ESCAPE SLIDE. REMOVE OFFWING ESCAPE SLIDE FOR IN SHOP OVERHAUL NOTE: PLANNING: - TASK IS NOT APPLICABLE FOR DEACTIVATED EMERGENCY EXITS. INTERVAL: - FOR INTERVAL SELECTED FOR THE VARIOUS PART NUMBERS REFER TO APPENDIX 3. - INTERVAL TO BE MANAGED AT COMPONENT LEVEL. REFER TO SYSTEM SECTION INTRODUCTION FOR ADDITIONAL GUIDANCE. | G11: --- | H11: 2,00 | I11: IU | J11: A320 | K11: CGK | L11: * K1/ SN: M11506 | N11: CLOSED
A12: 46287 | B12: WG 08 | C12: PK-SJG | D12: 2326570 | E12: OP | F12: VACUUM TOILET SYSTEM . CLEANING OF VACUUM CLEANING OF VACUUM WASTE LINES WITH CHEMICAL CLEANING AGENT. | G12: --- | H12: 1,00 | I12: IU | J12: A320 | K12: CGK | N12: OPEN | O12: BPN RON | P12: IRR
A13: 46287 | B13: WG 09 | C13: PK-STF | D13: 2329571 | E13: OP | F13: VACUUM TOILET SYSTEM . CLEANING OF VACUUM CLEANING OF VACUUM WASTE LINES WITH CHEMICAL CLEANING AGENT. | G13: --- | H13: 1,00 | I13: IU | J13: A320 | K13: CGK | N13: CLOSED
A14: 46287 | B14: WG 05 | C14: PK-LDK | D14: 1588265 | E14: EO | F14: PINNACLE庐 / INSPECTION OF SEAT BEAMS / GENERIC / ALL AIRCRAFT TYPES | G14: --- | H14: 2,00 | I14: ID | J14: B737 | K14: CGK | N14: OPEN | O14: AC CONTINUE DINIHARI
A15: 46287 | B15: WG 07 | C15: PK-BKT | D15: 2177271 | E15: HT | F15: PASSENGER OXYGEN SYSTEM (CHEMICAL) DISCARD CHEMICAL OXYGEN GENERATORSNOTE: PN: E63440-00 SN: BEBL-F017-223 POS: 15 LH | G15: --- | H15: 1,00 | I15: ID | J15: A320 | K15: CGK | N15: CLOSED
A16: 46287 | B16: WG 13 | C16: PK-LEJ | D16: 2223138 | E16: OP | F16: DISCARD LAVATORY AIR EXTRACTION FILTER ELEMENT | G16: --- | H16: 2,00 | I16: JT | J16: A330 | K16: CGK | L16: PN: A425400454-200 AVAIL AT K1 | N16: CLOSED
A17: 46287 | B17: WG 08 | C17: PK-SJT | D17: 1834654 | E17: DEFER | F17: VACUUM TOILET SYSTEM INSPECT WATER SEPARATOR AND ASSOCIATED FILTER ELEMENT, AND CLEAN AS NECESSARY NOTE: DEPENDING ON OPERATING ENVIRONMENT AND OPERATORS EXPERIENCE, A LESS FREQUENT OR MORE FREQUENT INITIAL INTERVAL MAY BE USED. | G17: --- | H17: 2,00 | I17: IU | J17: A320 | K17: CGK | L17: PL 591319 (K7) SEND K1 | N17: CLOSED
A18: 46287 | B18: WG 08 | C18: PK-SGD | D18: 2250836 | E18: OP | F18: POTABLE WATER SYSTEM DISINFECTION OF POTABLE WATER SYSTEM AND DISCARD OF WATER FILTER ELEMENTS, IF INSTALLED NOTE: INTERVAL: - DEPENDING ON OPERATING ENVIRONMENT AND OPERATORS EXPERIENCE, A LESS FREQUENT OR MORE FREQUENT INITIAL INTERVAL MAY BE USED. | G18: --- | H18: 2,00 | I18: IU | J18: A320 | K18: CGK | L18: ICT OVERDUE | N18: OPEN | O18: PN: 0344-01 GASKET NILL K1 | P18: NS
A19: 46287 | B19: WG 08 | C19: PK-SAQ | D19: 2290004 | E19: CBMS | F19: AIRCRAFT PEST CONTROL APPLICATION GUIDE | G19: --- | H19: 1,00 | I19: IU | J19: A320 | K19: CGK | N19: CLOSED
A20: 46287 | B20: WG 08 | C20: PK-SGD | D20: 2303792 | E20: CBMS | F20: AIRCRAFT PEST CONTROL APPLICATION GUIDE | G20: --- | H20: 1,00 | I20: IU | J20: A320 | K20: CGK | N20: CLOSED
A21: 46287 | B21: WG 09 | C21: PK-STF | D21: 2307007 | E21: CBMS | F21: AIRCRAFT PEST CONTROL APPLICATION GUIDE | G21: --- | H21: 1,00 | I21: IU | J21: A320 | K21: CGK | N21: CLOSED
A22: 46287 | B22: WG 06 | C22: PK-BKF | D22: 2270611 | E22: OP | F22: POTABLE WATER SYSTEM STERILIZATION OF POTABLE WATER SYSTEM AND DISCARD OF WATER FILTER ELEMENTS. | G22: --- | H22: 3,00 | I22: ID | J22: A320 | K22: CGK | L22: Fwd Galley PN: EV949000 Qty 1EA OVER DUE 770440 QTY 1 EA | N22: OPEN | O22: PN: 0344-01 GASKET NILL K1 | P22: NS
A23: 46287 | B23: WG 09 | C23: PK-STD | D23: 2308139 | E23: CBMS | F23: AIRCRAFT PEST CONTROL APPLICATION GUIDE | G23: --- | H23: 1,00 | I23: IU | J23: A320 | K23: CGK | N23: CLOSED
A24: 46287 | B24: WG 08 | C24: PK-SAS | D24: 2309867 | E24: CBMS | F24: AIRCRAFT PEST CONTROL APPLICATION GUIDE | G24: --- | H24: 1,00 | I24: IU | J24: A320 | K24: CGK | N24: CLOSED
A25: 46287 | B25: WG 09 | C25: PK-SJT | D25: 2309866 | E25: CBMS | F25: AIRCRAFT PEST CONTROL APPLICATION GUIDE | G25: --- | H25: 1,00 | I25: IU | J25: A320 | K25: CGK | N25: CLOSED
A26: 46287 | B26: WG 07 | C26: PK-BKT | D26: 1688802 | E26: OP | F26: POTABLE WATER SYSTEM STERILIZATION OF POTABLE WATER SYSTEM AND DISCARD OF WATER FILTER ELEMENTS. | G26: PN: EV949000 (589981) @ K1 | H26: 3,00 | I26: ID | J26: A320 | K26: CGK | L26: REQ PIC PL#589981 (CGK) PN: EV949000 Qty 2EA | N26: OPEN | O26: PN: 0344-01 GASKET NILL K1 | P26: NS
A27: 46287 | B27: WG 09 | C27: PK-STC | D27: 2315810 | E27: OP | F27: VACUUM TOILET SYSTEM . CLEANING OF VACUUM CLEANING OF VACUUM WASTE LINES WITH CHEMICAL CLEANING AGENT. | G27: --- | H27: 1,00 | I27: IU | J27: A320 | K27: CGK | N27: CLOSED
A28: 46287 | B28: WG 13 | C28: PK-LEJ | D28: 2283474 | E28: OP | F28: DISINFECTION OF POTABLE WATER SYSTEM | G28: --- | H28: 3,00 | I28: JT | J28: A330 | K28: CGK | N28: CLOSED
A29: 46287 | B29: WG 13 | C29: PK-LEQ | D29: 2283475 | E29: OP | F29: DISINFECTION OF POTABLE WATER SYSTEM | G29: --- | H29: 3,00 | I29: JT | J29: A330 | K29: CGK | N29: OPEN | O29: CANISTER PN: 770410 NILL K1 | P29: NS
A30: 46287 | B30: WG 09 | C30: PK-STC | D30: 2312065 | E30: CBMS | F30: AIRCRAFT PEST CONTROL APPLICATION GUIDE | G30: --- | H30: 1,00 | I30: IU | J30: A320 | K30: CGK | N30: CLOSED
A31: 46287 | B31: WG 13 | C31: PK-LEQ | D31: 2283481 | E31: OP | F31: POTABLE DISCARD WATER FILTER CARTRIDGE OF THE GALLEYS | G31: --- | H31: 1 | I31: JT | J31: A330 | K31: CGK | L31: PN: 770440 avail at K1 | N31: OPEN | O31: CANISTER PN: 770410 NILL K1 | P31: NS
A32: 46287 | B32: WG 05 | C32: PK-LBK | D32: 2336098 | E32: HT | F32: REPLACE PLACARD HEXA CODE ELT FIX PK-LBK | G32: --- | H32: 0,25 | I32: ID | J32: B737 | K32: CGK | N32: CLOSED
A33: 46287 | B33: WG 08 | C33: PK-SJG | D33: 2319590 | E33: CBMS | F33: AIRCRAFT PEST CONTROL APPLICATION GUIDE | G33: --- | H33: 1,00 | I33: IU | J33: A320 | K33: CGK | N33: OPEN | O33: BPN RON | P33: IRR
A34: 46287 | B34: WG 06 | C34: PK-BKQ | D34: 2290331 | E34: HT | F34: MEGAPHONE BATTERIES DISCARD MEGAPHONE BATTERIES NOTE: P/N: ACREM1A VENDOR: ACR ELECTRONICS QTY 2 | G34: --- | H34: 1,00 | I34: ID | J34: A320 | K34: CGK | L34: K22: 94EA | N34: CLOSED
A35: 46287 | B35: WG 08 | C35: PK-SAG | D35: 2327591 | E35: OP | F35: VACUUM TOILET SYSTEM . CLEANING OF VACUUM CLEANING OF VACUUM WASTE LINES WITH CHEMICAL CLEANING AGENT. | G35: --- | H35: 1,00 | I35: IU | J35: A320 | K35: DPS | N35: CLOSED
A36: 46287 | B36: WG 07 | C36: PK-LAJ | D36: 1983973 | E36: DEFER | F36: VACUUM TOILET SYSTEM INSPECT WATER SEPARATOR AND ASSOCIATED FILTER ELEMENT, AND CLEAN AS NECESSARY. INTERVAL NOTE: DEPENDING ON OPERATING ENVIRONMENT AND OPERATORS EXPERIENCE, A LESS FREQUENT OR MORE FREQUENT INITIAL INTERVAL MAY BE USED. | G36: --- | H36: 2,00 | I36: ID | J36: A320 | K36: HLP | N36: OPEN | O36: NIL SPARE FILTER PN : 14401-080 AT H3 | P36: NS
A37: 46287 | B37: WG 07 | C37: PK-LAJ | D37: 2311657 | E37: CBMS | F37: AIRCRAFT PEST CONTROL APPLICATION GUIDE | G37: --- | H37: 1,00 | I37: ID | J37: A320 | K37: HLP | N37: CLOSED
A38: 46287 | B38: WG 11 | C38: PK-WJT | D38: 2302695 | E38: CBMIC | F38: FULL DEEP CLEANING INTERIOR INCLUDE SHAMPOOING CARPET, AND SEAT POLISHING FOR ATR72 AIRCRAFT | G38: --- | I38: IW | J38: ATR72 | K38: KOE | N38: CLOSED
A39: 46287 | B39: WG 11 | C39: PK-WJT | D39: 2302708 | E39: CBMEC | F39: DEEP CLEANING EXTERIOR ON ATR72 AIRCRAFT | G39: --- | I39: IW | J39: ATR72 | K39: KOE | N39: CLOSED
A40: 46287 | B40: WG 08 | C40: PK-SJD | D40: 2329590 | E40: OP | F40: VACUUM TOILET SYSTEM . CLEANING OF VACUUM CLEANING OF VACUUM WASTE LINES WITH CHEMICAL CLEANING AGENT. | G40: --- | H40: 1,00 | I40: IU | J40: A320 | K40: SUB | N40: CLOSED
A41: 46287 | B41: WG 13 | C41: PK-LEU | D41: 2283450 | E41: OP | F41: POTABLE DISCARD WATER FILTER CARTRIDGE OF THE GALLEYS | G41: --- | H41: 1 | I41: JT | J41: A330 | K41: SUB | L41: POTABLE DISCARD WATER FILTER CARTRIDGE OF THE GALLEYS USE PN: 770440 AVAIL AT K86 | N41: CLOSED
A42: 46287 | B42: WG 13 | C42: PK-LEU | D42: 2283472 | E42: OP | F42: DISINFECTION OF POTABLE WATER SYSTEM | G42: --- | H42: 3,00 | I42: JT | J42: A330 | K42: SUB | L42: DISINFECTION OF POTABLE WATER SYSTEM PN: SODIUM HYPOCHLORITE - A AVAIL AT S1 | N42: CLOSED
A43: 46287 | B43: WG 02 | C43: PK-LJI | D43: 2329645 | E43: HT | F43: DISCARD THE CHEMICAL OXYGEN GENERATORS. | G43: --- | H43: 3,00 | I43: JT | J43: B737 | K43: SUB | L43: CHEMICAL OXYGEN GENERATOR SPARE PN: E71740-00 AVAIL @S1 TOOL PN: E71401-00 AVAIL @S1 | N43: OPEN | O43: TOOLS INSERT PIN NOT AVAIL AT S1 / K86 | P43: NT
A44: 46287 | B44: WG 07 | C44: PK-LUK | D44: 2317337 | E44: CBMS | F44: AIRCRAFT PEST CONTROL APPLICATION GUIDE | G44: --- | H44: 1,00 | I44: ID | J44: A320 | K44: SUB | N44: CLOSED
A45: 46287 | B45: WG 07 | C45: PK-LUW | D45: 2311654 | E45: CBMS | F45: AIRCRAFT PEST CONTROL APPLICATION GUIDE | G45: --- | H45: 1,00 | I45: ID | J45: A320 | K45: SUB | N45: CLOSED
A46: 46287 | B46: WG 07 | C46: PK-LUW | D46: 2328398 | E46: HT | F46: REPLACEMENT LIFE VEST UNDER SEAT NO. 28 EXP. DATE 14 OCT 2026, PLEASE RECORD PN, SN & EXP. DATE OF LIFE VEST INSTALLED | G46: --- | H46: 0,25 | I46: ID | J46: A320 | K46: SUB | N46: CLOSED
A47: 46287 | B47: WG 06 | C47: PK-LUP | D47: 2328421 | E47: HT | F47: REPLACEMENT LIFE VEST UNDER SEAT NO. 5A, 9B EXP. DATE 15 OCT 2026, PLEASE RECORD PN, SN & EXP. DATE OF LIFE VEST INSTALLED | G47: --- | H47: 0,25 | I47: ID | J47: A320 | K47: SUB | N47: CLOSED
A48: 46287 | B48: WG 04 | C48: PK-LOJ | D48: 2232787 | E48: CBMS | F48: INSPECTION PART NUMBER (PN), SERIAL NUMBER (SN) AND EXPIRED DATE OF ADULT AND INFANT LIFE VEST ON THE AIRCRAFT | G48: --- | H48: 2,00 | I48: JT | J48: B737 | K48: SUB | N48: CLOSED
A49: 46287 | B49: WG 07 | C49: PK-LAO | D49: 2232308 | E49: CBMS | F49: INSPECTION PART NUMBER (P/N), SERIAL NUMBER (S/N) AND EXPIRED DATE OF ADULT AND INFANT LIFE VEST ON THE AIRCRAFT | G49: --- | H49: 3,00 | I49: ID | J49: A320 | K49: UPG | N49: CLOSED
A50: 46287 | B50: WG 03 | C50: PK-LQY | D50: 2275891 | E50: HT | F50: REPLACE THE POWER MEGAPHONES BATTERIES | G50: --- | H50: 1,00 | I50: JT | J50: B737 | K50: UPG | L50: DESC : MEGAPHONE PN : ACR/EM-1A SN: ST274202 QTY : 6 EA PL#591559 Please sent via JT782 12:40 CGK-UPG | N50: OPEN | O50: PART ONBOARD FROM CGK ID 6182 & PK- LQY CONT JT-948 STD 02:35 | P50: WTP
A51: 46287 | B51: WG 06 | C51: PK-LUV | D51: 2320311 | E51: HT | F51: REPLACEMENT LIFE VEST INFANT AT FWD PASSENGER CABIN QTY 4EA EXP. DATE 09 OCT 2026 REFF ATTACHED FORM, PLEASE RECORD PN, SN & EXP. DATE OF LIFE VEST INSTALLED | G51: --- | H51: 0,25 | I51: ID | J51: A320 | K51: UPG | L51: LV INFANT PN: P0640-101 (K1=119) | N51: OPEN | O51: AC NOT RON UPG | P51: IRR
A52: 46287 | B52: WG 08 | C52: PK-SGB | D52: 2320735 | E52: CBMS | F52: AIRCRAFT PEST CONTROL APPLICATION GUIDE | G52: --- | H52: 1,00 | I52: IU | J52: A320 | K52: UPG | N52: CLOSED
A53: 46287 | B53: WG 03 | C53: PK-LQY | D53: 2275898 | E53: HT | F53: REPLACE THE POWER MEGAPHONES BATTERIES | G53: --- | H53: 1,00 | I53: JT | J53: B737 | K53: UPG | N53: OPEN | O53: PART ONBOARD FROM CGK ID 6182 & PK- LQY CONT JT-948 STD 02:35 | P53: WTP
A54: 46287 | B54: WG 07 | C54: PK-LAO | D54: 2317330 | E54: CBMS | F54: AIRCRAFT PEST CONTROL APPLICATION GUIDE | G54: --- | H54: 1,00 | I54: ID | J54: A320 | K54: UPG | N54: CLOSED
A55: 46287 | B55: WG 03 | C55: PK-LQY | D55: 2328613 | E55: HT | F55: LIFE VEST REPLACEMENT | G55: --- | H55: 2,00 | I55: JT | J55: B737 | K55: UPG | N55: CLOSED
A56: 46287 | B56: WG 03 | C56: PK-LQY | D56: 2328613 | E56: HT | F56: PLEASE REPLACED AND RECORD LIFE VEST UNDERSEAT NO: 34B QTY: 1EA D/T EXPIRE | G56: --- | H56: 0,25 | I56: JT | J56: B737 | K56: UPG | N56: CLOSED

Sheet DMI CBM
A1: 46287 | C1: ALL GROUP LEADER CABIN MAINTENANCE PLEASE REMARKS JIKA OPEN ATAU CLOSE
A2: DATE | B2: REG | C2: DMI DESCRIPTION | D2: PN REQUIRED | E2: DMI NO | F2: DMI CAT | G2: PLAN STA | H2: CAT | I2: STATUS | J2: REMARK
A3: 46287 | B3: PK-STC | C3: REF CML NO: S128037 MOSTLY ALL FASTEN SEATBELT SIGN AT PSU NOT ILLUMINATE. (ROW1,3,12,15 & 32 ILLUMINATE) | D3: NEED TROUBLESHOOT | E3: SAJ-029556 | F3: C | G3: CGK | H3: DJA DMI R01 | I3: OPEN | J3: SLIDE LM
A4: 46287 | B4: PK-LJG | C4: WINDOW LT 4SN 12-15 DEF,32-33 DEF,35DEF,31DE.30DE NOT ILLUMINATE | D4: LED PN:9650-35-0005 (1EA) AVAIL K4 (2EA) PL NO 590733 LED PN: 9651-14-0004 ( 1EA) AVAIL K4 PL NO 590733 LED PN:9651-35-0005 (3EA) AVAIL K4 PL:591151 | E4: 028601 | F4: C | G4: MDC | H4: DJA DMI R01 | I4: CLOSED
A5: 46287 | B5: PK-LFO | C5: WINDOW LT SN 1 BC NOT ILL | D5: NEED LAMP PN: 5106CW AVAIL K1 PL. 591570 TP.2611496//k4 | E5: 018249 | F5: C | G5: UPG | H5: DJA DMI R01 | I5: OPEN | J5: A/C NOT RON UPG
A6: 46287 | B6: PK-SJA | C6: FLASHLIGHT FA6 NOT ILLUMINATE | D6: NEED PART BATTERY PN: BATTRY-A1 AVAIL AT K22 | E6: SAJ0172912 | F6: D | G6: SOC | H6: DJA DMI R01 | I6: CLOSED
A7: 46287 | B7: PK-STA AOG AT BTH | C7: CEILING LIGHT S/N 3ABC, 5DEF, 26DEF, 28ABC, 29DEF, 31DEF, AND 32ABC IS NOT ILL | D7: NEED PART LAMP PN : F30WT8-840 (7EA) AVAIL AT K1, PL#590253 | E7: SAJ014290 | F7: C1 | G7: BTH | H7: DJA DMI R01 | I7: OPEN | J7: NO PART
A8: 46287 | B8: PK-SJT APU INOP | C8: INTERPHONE HANDSET 4L INOP | D8: NEED HANDSET ASSY CABIN PN : 89-01-07152 AVAIL AT K1 | E8: SAJ033745 | F8: C | G8: CGK | H8: DJA DMI R01 | I8: OPEN | J8: PART NOT AVAIL AT K1
A9: 46287 | B9: PK-BLA | C9: PILOT SEAT (F/O SIDE) ELECTRICAL ADJUSTMENT INOP (HORIZONTAL CONTROL SWITCH LOOSE, UNABLE MOVE TO NEUTRAL) | E9: ID027096 | G9: CGK | H9: UNPLANNED DMI | I9: CLOSED
A10: 46287 | B10: PK-SJA | C10: FLASHLIGHT FA#6 NOT ILLUMINATE | E10: SAJ017292 | G10: SOC | H10: UNPLANNED DMI | I10: CLOSED
C34: -

Sheet DJA AOC NSRDIL R01
B1: 46287
A2: REFRESH DATE | B2: WG | C2: AC REG | D2: NSRDI | E2: FINDING DESCRIPTION | F2: CATEGORY | G2: REPORT DATE | H2: DUE DATE | I2: PART NUMBER | J2: PART DESCRIPTION | K2: DEFER | L2: AOC | M2: TYPE | N2: PLAN STA | O2: PLAN DATE | P2: REMARKS | Q2: STATUS | R2: CLOSE DATE | S2: ACT STA | T2: REASON OPEN | U2: CODE OPEN
A3: 46283 | B3: WG 03 | C3: PK-LOJ | D3: NLA084118 | E3: COVER CEILLING ROW 31 FOUND PEEL OFF | F3: PAINTING | G3: 46273 | H3: 46394 | K3: WAITING PERFORM | L3: JT | M3: B737 | N3: SUB | O3: 46287 | Q3: CLOSED | S3: =IFNA(IFS(COUNTIFS('List AC'!$A:$A,$C3)>0,'List AC'!$A$2,COUNTIFS('List AC'!$B:$B,$C3)>0,'List AC'!$B$2,COUNTIFS('List AC'!$C:$C,$C3)>0,'List AC'!$C$2,COUNTIFS('List AC'!$D:$D,$C3)>0,'List AC'!$D$2,COUNTIFS('List AC'!$E:$E,$C3)>0,'List AC'!$E$2,COUNTIFS('List AC'!$F:$F,$C3)>0,'List AC'!$F$2,COUNTIFS('List AC'!$G:$G,$C3)>0,'List AC'!$G$2,COUNTIFS('List AC'!$H:$H,$C3)>0,'List AC'!$H$2,COUNTIFS('List AC'!$I:$I,$C3)>0,'List AC'!$I$2,COUNTIFS('List AC'!$J:$J,$C3)>0,'List AC'!$J$2,COUNTIFS('List AC'!$K:$K,$C3)>0,'List AC'!$K$2,COUNTIFS('List AC'!$L:$L,$C3)>0,'List AC'!$L$2,COUNTIFS('List AC'!$Q:$Q,$C3)>0,'List AC'!$Q$2,COUNTIFS('List AC'!$M:$M,$C3)>0,'List AC'!$M$2,COUNTIFS('List AC'!$N:$N,$C3)>0,'List AC'!$N$2,COUNTIFS('List AC'!$O:$O,$C3)>0,'List AC'!$O$2,COUNTIFS('List AC'!$P:$P,$C3)>0,'List AC'!$P$2,COUNTIFS('List AC'!$R:$R,$C3)>0,'List AC'!$R$2,COUNTIFS('List AC'!$S:$S,$C3)>0,'List AC'!$S$2,COUNTIFS('List AC'!$T:$T,$C3)>0,'List AC'!$T$2,COUNTIFS('List AC'!$U:$U,$C3)>0,'List AC'!$U$2,COUNTIFS('List AC'!$V:$V,$C3)>0,'List AC'!$V$2,COUNTIFS('List AC'!$W:$W,$C3)>0,'List AC'!$W$2,COUNTIFS('List AC'!$X:$X,$C3)>0,'List AC'!$X$2,COUNTIFS('List AC'!$Y:$Y,$C3)>0,'List AC'!$Y$2,COUNTIFS('List AC'!$Z:$Z,$C3)>0,'List AC'!$Z$2,COUNTIFS('List AC'!$AA:$AA,$C3)>0,'List AC'!$AA$2,COUNTIFS('List AC'!$AB:$AB,$C3)>0,'List AC'!$AB$2,COUNTIFS('List AC'!$AC:$AC,$C3)>0,'List AC'!$AC$2,COUNTIFS('List AC'!$AD:$AD,$C3)>0,'List AC'!$AD$2,COUNTIFS('List AC'!$AE:$AE,$C3)>0,'List AC'!$AE$2,COUNTIFS('List AC'!$AF:$AF,$C3)>0,'List AC'!$AF$2,COUNTIFS('List AC'!$AG:$AG,$C3)>0,'List AC'!$AG$2,COUNTIFS('List AC'!$AH:$AH,$C3)>0,'List AC'!$AH$2,COUNTIFS('List AC'!$AI:$AI,$C3)>0,'List AC'!$AI$2,COUNTIFS('List AC'!$AJ:$AJ,$C3)>0,'List AC'!$AJ$2,COUNTIFS('List AC'!$AK:$AK,$C3)>0,'List AC'!$AK$2,COUNTIFS('List AC'!$AL:$AL,$C3)>0,'List AC'!$AL$2,COUNTIFS('List AC'!$AM:$AM,$C3)>0,'List AC'!$AM$2,COUNTIFS('List AC'!$AN:$AN,$C3)>0,'List AC'!$AN$2,COUNTIFS('List AC'!$AO:$AO,$C3)>0,'List AC'!$AO$2,COUNTIFS('List AC'!$AP:$AP,$C3)>0,'List AC'!$AP$2,COUNTIFS('List AC'!$AQ:$AQ,$C3)>0,'List AC'!$AQ$2,COUNTIFS('List AC'!$AR:$AR,$C3)>0,'List AC'!$AR$2,COUNTIFS('List AC'!$AS:$AS,$C3)>0,'List AC'!$AS$2,COUNTIFS('List AC'!$AT:$AT,$C3)>0,'List AC'!$AT$2,COUNTIFS('List AC'!$AU:$AU,$C3)>0,'List AC'!$AU$2,COUNTIFS('List AC'!$AV:$AV,$C3)>0,'List AC'!$AV$2,COUNTIFS('List AC'!$AW:$AW,$C3)>0,'List AC'!$AW$2,COUNTIFS('List AC'!$AX:$AX,$C3)>0,'List AC'!$AX$2,COUNTIFS('List AC'!$AY:$AY,$C3)>0,'List AC'!$AY$2,COUNTIFS('List AC'!$AZ:$AZ,$C3)>0,'List AC'!$AZ$2,COUNTIFS('List AC'!$BA:$BA,$C3)>0,'List AC'!$BA$2,COUNTIFS('List AC'!$BB:$BB,$C3)>0,'List AC'!$BB$2,COUNTIFS('List AC'!$BC:$BC,$C3)>0,'List AC'!$BC$2,COUNTIFS('List AC'!$BD:$BD,$C3)>0,'List AC'!$BD$2),"")
A4: 46283 | B4: WG 02 | C4: PK-LSJ | D4: NLA076868 | E4: DURING DBI FOUND ULTRA LOCK HEADTRACK 16 DEFM 27-28 ABC D/T LEAK (AUTO RECLINE) | F4: CBM | G4: 46218 | H4: 46338 | I4: SP23789L | J4: ULTRALOC SP23789L | K4: WAITING PERFORM | L4: JT | M4: B737 | N4: CGK | O4: 46287 | P4: AVAIL K1 : 14EA | Q4: CLOSED | R4: 46287 | S4: =IFNA(IFS(COUNTIFS('List AC'!$A:$A,$C4)>0,'List AC'!$A$2,COUNTIFS('List AC'!$B:$B,$C4)>0,'List AC'!$B$2,COUNTIFS('List AC'!$C:$C,$C4)>0,'List AC'!$C$2,COUNTIFS('List AC'!$D:$D,$C4)>0,'List AC'!$D$2,COUNTIFS('List AC'!$E:$E,$C4)>0,'List AC'!$E$2,COUNTIFS('List AC'!$F:$F,$C4)>0,'List AC'!$F$2,COUNTIFS('List AC'!$G:$G,$C4)>0,'List AC'!$G$2,COUNTIFS('List AC'!$H:$H,$C4)>0,'List AC'!$H$2,COUNTIFS('List AC'!$I:$I,$C4)>0,'List AC'!$I$2,COUNTIFS('List AC'!$J:$J,$C4)>0,'List AC'!$J$2,COUNTIFS('List AC'!$K:$K,$C4)>0,'List AC'!$K$2,COUNTIFS('List AC'!$L:$L,$C4)>0,'List AC'!$L$2,COUNTIFS('List AC'!$Q:$Q,$C4)>0,'List AC'!$Q$2,COUNTIFS('List AC'!$M:$M,$C4)>0,'List AC'!$M$2,COUNTIFS('List AC'!$N:$N,$C4)>0,'List AC'!$N$2,COUNTIFS('List AC'!$O:$O,$C4)>0,'List AC'!$O$2,COUNTIFS('List AC'!$P:$P,$C4)>0,'List AC'!$P$2,COUNTIFS('List AC'!$R:$R,$C4)>0,'List AC'!$R$2,COUNTIFS('List AC'!$S:$S,$C4)>0,'List AC'!$S$2,COUNTIFS('List AC'!$T:$T,$C4)>0,'List AC'!$T$2,COUNTIFS('List AC'!$U:$U,$C4)>0,'List AC'!$U$2,COUNTIFS('List AC'!$V:$V,$C4)>0,'List AC'!$V$2,COUNTIFS('List AC'!$W:$W,$C4)>0,'List AC'!$W$2,COUNTIFS('List AC'!$X:$X,$C4)>0,'List AC'!$X$2,COUNTIFS('List AC'!$Y:$Y,$C4)>0,'List AC'!$Y$2,COUNTIFS('List AC'!$Z:$Z,$C4)>0,'List AC'!$Z$2,COUNTIFS('List AC'!$AA:$AA,$C4)>0,'List AC'!$AA$2,COUNTIFS('List AC'!$AB:$AB,$C4)>0,'List AC'!$AB$2,COUNTIFS('List AC'!$AC:$AC,$C4)>0,'List AC'!$AC$2,COUNTIFS('List AC'!$AD:$AD,$C4)>0,'List AC'!$AD$2,COUNTIFS('List AC'!$AE:$AE,$C4)>0,'List AC'!$AE$2,COUNTIFS('List AC'!$AF:$AF,$C4)>0,'List AC'!$AF$2,COUNTIFS('List AC'!$AG:$AG,$C4)>0,'List AC'!$AG$2,COUNTIFS('List AC'!$AH:$AH,$C4)>0,'List AC'!$AH$2,COUNTIFS('List AC'!$AI:$AI,$C4)>0,'List AC'!$AI$2,COUNTIFS('List AC'!$AJ:$AJ,$C4)>0,'List AC'!$AJ$2,COUNTIFS('List AC'!$AK:$AK,$C4)>0,'List AC'!$AK$2,COUNTIFS('List AC'!$AL:$AL,$C4)>0,'List AC'!$AL$2,COUNTIFS('List AC'!$AM:$AM,$C4)>0,'List AC'!$AM$2,COUNTIFS('List AC'!$AN:$AN,$C4)>0,'List AC'!$AN$2,COUNTIFS('List AC'!$AO:$AO,$C4)>0,'List AC'!$AO$2,COUNTIFS('List AC'!$AP:$AP,$C4)>0,'List AC'!$AP$2,COUNTIFS('List AC'!$AQ:$AQ,$C4)>0,'List AC'!$AQ$2,COUNTIFS('List AC'!$AR:$AR,$C4)>0,'List AC'!$AR$2,COUNTIFS('List AC'!$AS:$AS,$C4)>0,'List AC'!$AS$2,COUNTIFS('List AC'!$AT:$AT,$C4)>0,'List AC'!$AT$2,COUNTIFS('List AC'!$AU:$AU,$C4)>0,'List AC'!$AU$2,COUNTIFS('List AC'!$AV:$AV,$C4)>0,'List AC'!$AV$2,COUNTIFS('List AC'!$AW:$AW,$C4)>0,'List AC'!$AW$2,COUNTIFS('List AC'!$AX:$AX,$C4)>0,'List AC'!$AX$2,COUNTIFS('List AC'!$AY:$AY,$C4)>0,'List AC'!$AY$2,COUNTIFS('List AC'!$AZ:$AZ,$C4)>0,'List AC'!$AZ$2,COUNTIFS('List AC'!$BA:$BA,$C4)>0,'List AC'!$BA$2,COUNTIFS('List AC'!$BB:$BB,$C4)>0,'List AC'!$BB$2,COUNTIFS('List AC'!$BC:$BC,$C4)>0,'List AC'!$BC$2,COUNTIFS('List AC'!$BD:$BD,$C4)>0,'List AC'!$BD$2),"")
A5: 46283 | B5: WG 07 | C5: PK-BKT | D5: NBA032836 | E5: REFFNSRDIL NBA049589 FOOT REST FO WORN OUT | F5: CBM | G5: 46281 | H5: 46401 | I5: D2721021120000 | J5: FOOT REST | K5: WAITING PERFORM | L5: ID | M5: A320 | N5: CGK | O5: 46287 | P5: AVAIL K1 : 7 EA | Q5: CLOSED | R5: 46287 | S5: =IFNA(IFS(COUNTIFS('List AC'!$A:$A,$C5)>0,'List AC'!$A$2,COUNTIFS('List AC'!$B:$B,$C5)>0,'List AC'!$B$2,COUNTIFS('List AC'!$C:$C,$C5)>0,'List AC'!$C$2,COUNTIFS('List AC'!$D:$D,$C5)>0,'List AC'!$D$2,COUNTIFS('List AC'!$E:$E,$C5)>0,'List AC'!$E$2,COUNTIFS('List AC'!$F:$F,$C5)>0,'List AC'!$F$2,COUNTIFS('List AC'!$G:$G,$C5)>0,'List AC'!$G$2,COUNTIFS('List AC'!$H:$H,$C5)>0,'List AC'!$H$2,COUNTIFS('List AC'!$I:$I,$C5)>0,'List AC'!$I$2,COUNTIFS('List AC'!$J:$J,$C5)>0,'List AC'!$J$2,COUNTIFS('List AC'!$K:$K,$C5)>0,'List AC'!$K$2,COUNTIFS('List AC'!$L:$L,$C5)>0,'List AC'!$L$2,COUNTIFS('List AC'!$Q:$Q,$C5)>0,'List AC'!$Q$2,COUNTIFS('List AC'!$M:$M,$C5)>0,'List AC'!$M$2,COUNTIFS('List AC'!$N:$N,$C5)>0,'List AC'!$N$2,COUNTIFS('List AC'!$O:$O,$C5)>0,'List AC'!$O$2,COUNTIFS('List AC'!$P:$P,$C5)>0,'List AC'!$P$2,COUNTIFS('List AC'!$R:$R,$C5)>0,'List AC'!$R$2,COUNTIFS('List AC'!$S:$S,$C5)>0,'List AC'!$S$2,COUNTIFS('List AC'!$T:$T,$C5)>0,'List AC'!$T$2,COUNTIFS('List AC'!$U:$U,$C5)>0,'List AC'!$U$2,COUNTIFS('List AC'!$V:$V,$C5)>0,'List AC'!$V$2,COUNTIFS('List AC'!$W:$W,$C5)>0,'List AC'!$W$2,COUNTIFS('List AC'!$X:$X,$C5)>0,'List AC'!$X$2,COUNTIFS('List AC'!$Y:$Y,$C5)>0,'List AC'!$Y$2,COUNTIFS('List AC'!$Z:$Z,$C5)>0,'List AC'!$Z$2,COUNTIFS('List AC'!$AA:$AA,$C5)>0,'List AC'!$AA$2,COUNTIFS('List AC'!$AB:$AB,$C5)>0,'List AC'!$AB$2,COUNTIFS('List AC'!$AC:$AC,$C5)>0,'List AC'!$AC$2,COUNTIFS('List AC'!$AD:$AD,$C5)>0,'List AC'!$AD$2,COUNTIFS('List AC'!$AE:$AE,$C5)>0,'List AC'!$AE$2,COUNTIFS('List AC'!$AF:$AF,$C5)>0,'List AC'!$AF$2,COUNTIFS('List AC'!$AG:$AG,$C5)>0,'List AC'!$AG$2,COUNTIFS('List AC'!$AH:$AH,$C5)>0,'List AC'!$AH$2,COUNTIFS('List AC'!$AI:$AI,$C5)>0,'List AC'!$AI$2,COUNTIFS('List AC'!$AJ:$AJ,$C5)>0,'List AC'!$AJ$2,COUNTIFS('List AC'!$AK:$AK,$C5)>0,'List AC'!$AK$2,COUNTIFS('List AC'!$AL:$AL,$C5)>0,'List AC'!$AL$2,COUNTIFS('List AC'!$AM:$AM,$C5)>0,'List AC'!$AM$2,COUNTIFS('List AC'!$AN:$AN,$C5)>0,'List AC'!$AN$2,COUNTIFS('List AC'!$AO:$AO,$C5)>0,'List AC'!$AO$2,COUNTIFS('List AC'!$AP:$AP,$C5)>0,'List AC'!$AP$2,COUNTIFS('List AC'!$AQ:$AQ,$C5)>0,'List AC'!$AQ$2,COUNTIFS('List AC'!$AR:$AR,$C5)>0,'List AC'!$AR$2,COUNTIFS('List AC'!$AS:$AS,$C5)>0,'List AC'!$AS$2,COUNTIFS('List AC'!$AT:$AT,$C5)>0,'List AC'!$AT$2,COUNTIFS('List AC'!$AU:$AU,$C5)>0,'List AC'!$AU$2,COUNTIFS('List AC'!$AV:$AV,$C5)>0,'List AC'!$AV$2,COUNTIFS('List AC'!$AW:$AW,$C5)>0,'List AC'!$AW$2,COUNTIFS('List AC'!$AX:$AX,$C5)>0,'List AC'!$AX$2,COUNTIFS('List AC'!$AY:$AY,$C5)>0,'List AC'!$AY$2,COUNTIFS('List AC'!$AZ:$AZ,$C5)>0,'List AC'!$AZ$2,COUNTIFS('List AC'!$BA:$BA,$C5)>0,'List AC'!$BA$2,COUNTIFS('List AC'!$BB:$BB,$C5)>0,'List AC'!$BB$2,COUNTIFS('List AC'!$BC:$BC,$C5)>0,'List AC'!$BC$2,COUNTIFS('List AC'!$BD:$BD,$C5)>0,'List AC'!$BD$2),"")
A6: 46283 | B6: WG 06 | C6: PK-BKQ | D6: NBA037532 | E6: REFF FINDING SRV 7365 CARPET UNDER SEAT 1 DF BAD CONDITION | F6: CBM | G6: 46279 | H6: 46399 | K6: INVESTIGATE | L6: ID | M6: A320 | N6: CGK | O6: 46287 | P6: PLEASE INVESTIGATE AND RECTIFICATION. IF NEED SPARE PARTS, PLEASE CREATE RQ IN EMRO | Q6: CLOSED | R6: 46287 | S6: =IFNA(IFS(COUNTIFS('List AC'!$A:$A,$C6)>0,'List AC'!$A$2,COUNTIFS('List AC'!$B:$B,$C6)>0,'List AC'!$B$2,COUNTIFS('List AC'!$C:$C,$C6)>0,'List AC'!$C$2,COUNTIFS('List AC'!$D:$D,$C6)>0,'List AC'!$D$2,COUNTIFS('List AC'!$E:$E,$C6)>0,'List AC'!$E$2,COUNTIFS('List AC'!$F:$F,$C6)>0,'List AC'!$F$2,COUNTIFS('List AC'!$G:$G,$C6)>0,'List AC'!$G$2,COUNTIFS('List AC'!$H:$H,$C6)>0,'List AC'!$H$2,COUNTIFS('List AC'!$I:$I,$C6)>0,'List AC'!$I$2,COUNTIFS('List AC'!$J:$J,$C6)>0,'List AC'!$J$2,COUNTIFS('List AC'!$K:$K,$C6)>0,'List AC'!$K$2,COUNTIFS('List AC'!$L:$L,$C6)>0,'List AC'!$L$2,COUNTIFS('List AC'!$Q:$Q,$C6)>0,'List AC'!$Q$2,COUNTIFS('List AC'!$M:$M,$C6)>0,'List AC'!$M$2,COUNTIFS('List AC'!$N:$N,$C6)>0,'List AC'!$N$2,COUNTIFS('List AC'!$O:$O,$C6)>0,'List AC'!$O$2,COUNTIFS('List AC'!$P:$P,$C6)>0,'List AC'!$P$2,COUNTIFS('List AC'!$R:$R,$C6)>0,'List AC'!$R$2,COUNTIFS('List AC'!$S:$S,$C6)>0,'List AC'!$S$2,COUNTIFS('List AC'!$T:$T,$C6)>0,'List AC'!$T$2,COUNTIFS('List AC'!$U:$U,$C6)>0,'List AC'!$U$2,COUNTIFS('List AC'!$V:$V,$C6)>0,'List AC'!$V$2,COUNTIFS('List AC'!$W:$W,$C6)>0,'List AC'!$W$2,COUNTIFS('List AC'!$X:$X,$C6)>0,'List AC'!$X$2,COUNTIFS('List AC'!$Y:$Y,$C6)>0,'List AC'!$Y$2,COUNTIFS('List AC'!$Z:$Z,$C6)>0,'List AC'!$Z$2,COUNTIFS('List AC'!$AA:$AA,$C6)>0,'List AC'!$AA$2,COUNTIFS('List AC'!$AB:$AB,$C6)>0,'List AC'!$AB$2,COUNTIFS('List AC'!$AC:$AC,$C6)>0,'List AC'!$AC$2,COUNTIFS('List AC'!$AD:$AD,$C6)>0,'List AC'!$AD$2,COUNTIFS('List AC'!$AE:$AE,$C6)>0,'List AC'!$AE$2,COUNTIFS('List AC'!$AF:$AF,$C6)>0,'List AC'!$AF$2,COUNTIFS('List AC'!$AG:$AG,$C6)>0,'List AC'!$AG$2,COUNTIFS('List AC'!$AH:$AH,$C6)>0,'List AC'!$AH$2,COUNTIFS('List AC'!$AI:$AI,$C6)>0,'List AC'!$AI$2,COUNTIFS('List AC'!$AJ:$AJ,$C6)>0,'List AC'!$AJ$2,COUNTIFS('List AC'!$AK:$AK,$C6)>0,'List AC'!$AK$2,COUNTIFS('List AC'!$AL:$AL,$C6)>0,'List AC'!$AL$2,COUNTIFS('List AC'!$AM:$AM,$C6)>0,'List AC'!$AM$2,COUNTIFS('List AC'!$AN:$AN,$C6)>0,'List AC'!$AN$2,COUNTIFS('List AC'!$AO:$AO,$C6)>0,'List AC'!$AO$2,COUNTIFS('List AC'!$AP:$AP,$C6)>0,'List AC'!$AP$2,COUNTIFS('List AC'!$AQ:$AQ,$C6)>0,'List AC'!$AQ$2,COUNTIFS('List AC'!$AR:$AR,$C6)>0,'List AC'!$AR$2,COUNTIFS('List AC'!$AS:$AS,$C6)>0,'List AC'!$AS$2,COUNTIFS('List AC'!$AT:$AT,$C6)>0,'List AC'!$AT$2,COUNTIFS('List AC'!$AU:$AU,$C6)>0,'List AC'!$AU$2,COUNTIFS('List AC'!$AV:$AV,$C6)>0,'List AC'!$AV$2,COUNTIFS('List AC'!$AW:$AW,$C6)>0,'List AC'!$AW$2,COUNTIFS('List AC'!$AX:$AX,$C6)>0,'List AC'!$AX$2,COUNTIFS('List AC'!$AY:$AY,$C6)>0,'List AC'!$AY$2,COUNTIFS('List AC'!$AZ:$AZ,$C6)>0,'List AC'!$AZ$2,COUNTIFS('List AC'!$BA:$BA,$C6)>0,'List AC'!$BA$2,COUNTIFS('List AC'!$BB:$BB,$C6)>0,'List AC'!$BB$2,COUNTIFS('List AC'!$BC:$BC,$C6)>0,'List AC'!$BC$2,COUNTIFS('List AC'!$BD:$BD,$C6)>0,'List AC'!$BD$2),"")
A7: 46283 | B7: WG 05 | C7: PK-LBW | D7: NID008516 | E7: FOUND COVER AT UPPER FLOOD PANEL P8-50 (LEFT) PAINT PEEL OFF | F7: PAINTING | G7: 46266 | K7: INVESTIGATE | L7: ID | M7: B737 | N7: CGK | O7: 46287 | Q7: OPEN | S7: =IFNA(IFS(COUNTIFS('List AC'!$A:$A,$C7)>0,'List AC'!$A$2,COUNTIFS('List AC'!$B:$B,$C7)>0,'List AC'!$B$2,COUNTIFS('List AC'!$C:$C,$C7)>0,'List AC'!$C$2,COUNTIFS('List AC'!$D:$D,$C7)>0,'List AC'!$D$2,COUNTIFS('List AC'!$E:$E,$C7)>0,'List AC'!$E$2,COUNTIFS('List AC'!$F:$F,$C7)>0,'List AC'!$F$2,COUNTIFS('List AC'!$G:$G,$C7)>0,'List AC'!$G$2,COUNTIFS('List AC'!$H:$H,$C7)>0,'List AC'!$H$2,COUNTIFS('List AC'!$I:$I,$C7)>0,'List AC'!$I$2,COUNTIFS('List AC'!$J:$J,$C7)>0,'List AC'!$J$2,COUNTIFS('List AC'!$K:$K,$C7)>0,'List AC'!$K$2,COUNTIFS('List AC'!$L:$L,$C7)>0,'List AC'!$L$2,COUNTIFS('List AC'!$Q:$Q,$C7)>0,'List AC'!$Q$2,COUNTIFS('List AC'!$M:$M,$C7)>0,'List AC'!$M$2,COUNTIFS('List AC'!$N:$N,$C7)>0,'List AC'!$N$2,COUNTIFS('List AC'!$O:$O,$C7)>0,'List AC'!$O$2,COUNTIFS('List AC'!$P:$P,$C7)>0,'List AC'!$P$2,COUNTIFS('List AC'!$R:$R,$C7)>0,'List AC'!$R$2,COUNTIFS('List AC'!$S:$S,$C7)>0,'List AC'!$S$2,COUNTIFS('List AC'!$T:$T,$C7)>0,'List AC'!$T$2,COUNTIFS('List AC'!$U:$U,$C7)>0,'List AC'!$U$2,COUNTIFS('List AC'!$V:$V,$C7)>0,'List AC'!$V$2,COUNTIFS('List AC'!$W:$W,$C7)>0,'List AC'!$W$2,COUNTIFS('List AC'!$X:$X,$C7)>0,'List AC'!$X$2,COUNTIFS('List AC'!$Y:$Y,$C7)>0,'List AC'!$Y$2,COUNTIFS('List AC'!$Z:$Z,$C7)>0,'List AC'!$Z$2,COUNTIFS('List AC'!$AA:$AA,$C7)>0,'List AC'!$AA$2,COUNTIFS('List AC'!$AB:$AB,$C7)>0,'List AC'!$AB$2,COUNTIFS('List AC'!$AC:$AC,$C7)>0,'List AC'!$AC$2,COUNTIFS('List AC'!$AD:$AD,$C7)>0,'List AC'!$AD$2,COUNTIFS('List AC'!$AE:$AE,$C7)>0,'List AC'!$AE$2,COUNTIFS('List AC'!$AF:$AF,$C7)>0,'List AC'!$AF$2,COUNTIFS('List AC'!$AG:$AG,$C7)>0,'List AC'!$AG$2,COUNTIFS('List AC'!$AH:$AH,$C7)>0,'List AC'!$AH$2,COUNTIFS('List AC'!$AI:$AI,$C7)>0,'List AC'!$AI$2,COUNTIFS('List AC'!$AJ:$AJ,$C7)>0,'List AC'!$AJ$2,COUNTIFS('List AC'!$AK:$AK,$C7)>0,'List AC'!$AK$2,COUNTIFS('List AC'!$AL:$AL,$C7)>0,'List AC'!$AL$2,COUNTIFS('List AC'!$AM:$AM,$C7)>0,'List AC'!$AM$2,COUNTIFS('List AC'!$AN:$AN,$C7)>0,'List AC'!$AN$2,COUNTIFS('List AC'!$AO:$AO,$C7)>0,'List AC'!$AO$2,COUNTIFS('List AC'!$AP:$AP,$C7)>0,'List AC'!$AP$2,COUNTIFS('List AC'!$AQ:$AQ,$C7)>0,'List AC'!$AQ$2,COUNTIFS('List AC'!$AR:$AR,$C7)>0,'List AC'!$AR$2,COUNTIFS('List AC'!$AS:$AS,$C7)>0,'List AC'!$AS$2,COUNTIFS('List AC'!$AT:$AT,$C7)>0,'List AC'!$AT$2,COUNTIFS('List AC'!$AU:$AU,$C7)>0,'List AC'!$AU$2,COUNTIFS('List AC'!$AV:$AV,$C7)>0,'List AC'!$AV$2,COUNTIFS('List AC'!$AW:$AW,$C7)>0,'List AC'!$AW$2,COUNTIFS('List AC'!$AX:$AX,$C7)>0,'List AC'!$AX$2,COUNTIFS('List AC'!$AY:$AY,$C7)>0,'List AC'!$AY$2,COUNTIFS('List AC'!$AZ:$AZ,$C7)>0,'List AC'!$AZ$2,COUNTIFS('List AC'!$BA:$BA,$C7)>0,'List AC'!$BA$2,COUNTIFS('List AC'!$BB:$BB,$C7)>0,'List AC'!$BB$2,COUNTIFS('List AC'!$BC:$BC,$C7)>0,'List AC'!$BC$2,COUNTIFS('List AC'!$BD:$BD,$C7)>0,'List AC'!$BD$2),"") | T7: PANEL COCKPIT SHOP SIDE | U7: TC
A8: 46283 | B8: WG 02 | C8: PK-LFK | D8: 91050 | E8: RECLINE SEAT BUTTON 10 D BROKEN | F8: CBM | G8: 46273 | H8: 46273 | K8: INVESTIGATE | L8: JT | M8: B737 | N8: UPG | O8: 46287 | P8: PLEASE INVESTIGATE AND RECTIFICATION. IF NEED SPARE PARTS, PLEASE CREATE RQ IN EMRO | Q8: CLOSED | S8: =IFNA(IFS(COUNTIFS('List AC'!$A:$A,$C8)>0,'List AC'!$A$2,COUNTIFS('List AC'!$B:$B,$C8)>0,'List AC'!$B$2,COUNTIFS('List AC'!$C:$C,$C8)>0,'List AC'!$C$2,COUNTIFS('List AC'!$D:$D,$C8)>0,'List AC'!$D$2,COUNTIFS('List AC'!$E:$E,$C8)>0,'List AC'!$E$2,COUNTIFS('List AC'!$F:$F,$C8)>0,'List AC'!$F$2,COUNTIFS('List AC'!$G:$G,$C8)>0,'List AC'!$G$2,COUNTIFS('List AC'!$H:$H,$C8)>0,'List AC'!$H$2,COUNTIFS('List AC'!$I:$I,$C8)>0,'List AC'!$I$2,COUNTIFS('List AC'!$J:$J,$C8)>0,'List AC'!$J$2,COUNTIFS('List AC'!$K:$K,$C8)>0,'List AC'!$K$2,COUNTIFS('List AC'!$L:$L,$C8)>0,'List AC'!$L$2,COUNTIFS('List AC'!$Q:$Q,$C8)>0,'List AC'!$Q$2,COUNTIFS('List AC'!$M:$M,$C8)>0,'List AC'!$M$2,COUNTIFS('List AC'!$N:$N,$C8)>0,'List AC'!$N$2,COUNTIFS('List AC'!$O:$O,$C8)>0,'List AC'!$O$2,COUNTIFS('List AC'!$P:$P,$C8)>0,'List AC'!$P$2,COUNTIFS('List AC'!$R:$R,$C8)>0,'List AC'!$R$2,COUNTIFS('List AC'!$S:$S,$C8)>0,'List AC'!$S$2,COUNTIFS('List AC'!$T:$T,$C8)>0,'List AC'!$T$2,COUNTIFS('List AC'!$U:$U,$C8)>0,'List AC'!$U$2,COUNTIFS('List AC'!$V:$V,$C8)>0,'List AC'!$V$2,COUNTIFS('List AC'!$W:$W,$C8)>0,'List AC'!$W$2,COUNTIFS('List AC'!$X:$X,$C8)>0,'List AC'!$X$2,COUNTIFS('List AC'!$Y:$Y,$C8)>0,'List AC'!$Y$2,COUNTIFS('List AC'!$Z:$Z,$C8)>0,'List AC'!$Z$2,COUNTIFS('List AC'!$AA:$AA,$C8)>0,'List AC'!$AA$2,COUNTIFS('List AC'!$AB:$AB,$C8)>0,'List AC'!$AB$2,COUNTIFS('List AC'!$AC:$AC,$C8)>0,'List AC'!$AC$2,COUNTIFS('List AC'!$AD:$AD,$C8)>0,'List AC'!$AD$2,COUNTIFS('List AC'!$AE:$AE,$C8)>0,'List AC'!$AE$2,COUNTIFS('List AC'!$AF:$AF,$C8)>0,'List AC'!$AF$2,COUNTIFS('List AC'!$AG:$AG,$C8)>0,'List AC'!$AG$2,COUNTIFS('List AC'!$AH:$AH,$C8)>0,'List AC'!$AH$2,COUNTIFS('List AC'!$AI:$AI,$C8)>0,'List AC'!$AI$2,COUNTIFS('List AC'!$AJ:$AJ,$C8)>0,'List AC'!$AJ$2,COUNTIFS('List AC'!$AK:$AK,$C8)>0,'List AC'!$AK$2,COUNTIFS('List AC'!$AL:$AL,$C8)>0,'List AC'!$AL$2,COUNTIFS('List AC'!$AM:$AM,$C8)>0,'List AC'!$AM$2,COUNTIFS('List AC'!$AN:$AN,$C8)>0,'List AC'!$AN$2,COUNTIFS('List AC'!$AO:$AO,$C8)>0,'List AC'!$AO$2,COUNTIFS('List AC'!$AP:$AP,$C8)>0,'List AC'!$AP$2,COUNTIFS('List AC'!$AQ:$AQ,$C8)>0,'List AC'!$AQ$2,COUNTIFS('List AC'!$AR:$AR,$C8)>0,'List AC'!$AR$2,COUNTIFS('List AC'!$AS:$AS,$C8)>0,'List AC'!$AS$2,COUNTIFS('List AC'!$AT:$AT,$C8)>0,'List AC'!$AT$2,COUNTIFS('List AC'!$AU:$AU,$C8)>0,'List AC'!$AU$2,COUNTIFS('List AC'!$AV:$AV,$C8)>0,'List AC'!$AV$2,COUNTIFS('List AC'!$AW:$AW,$C8)>0,'List AC'!$AW$2,COUNTIFS('List AC'!$AX:$AX,$C8)>0,'List AC'!$AX$2,COUNTIFS('List AC'!$AY:$AY,$C8)>0,'List AC'!$AY$2,COUNTIFS('List AC'!$AZ:$AZ,$C8)>0,'List AC'!$AZ$2,COUNTIFS('List AC'!$BA:$BA,$C8)>0,'List AC'!$BA$2,COUNTIFS('List AC'!$BB:$BB,$C8)>0,'List AC'!$BB$2,COUNTIFS('List AC'!$BC:$BC,$C8)>0,'List AC'!$BC$2,COUNTIFS('List AC'!$BD:$BD,$C8)>0,'List AC'!$BD$2),"")
A9: 46283 | B9: WG 02 | C9: PK-LFK | D9: NLA091551 | E9: REFF NSRDIL PAGE NO.NLA091050 RECLINE SEAT BUTTON NO.10D IS BROKEN | F9: CBM | G9: 46278 | I9: SP23996B | J9: RECLINE BUTTON | K9: WAITING PERFORM | L9: JT | M9: B737 | N9: UPG | O9: 46287 | P9: AVAIL K4 : 89 EA | Q9: CLOSED | S9: =IFNA(IFS(COUNTIFS('List AC'!$A:$A,$C9)>0,'List AC'!$A$2,COUNTIFS('List AC'!$B:$B,$C9)>0,'List AC'!$B$2,COUNTIFS('List AC'!$C:$C,$C9)>0,'List AC'!$C$2,COUNTIFS('List AC'!$D:$D,$C9)>0,'List AC'!$D$2,COUNTIFS('List AC'!$E:$E,$C9)>0,'List AC'!$E$2,COUNTIFS('List AC'!$F:$F,$C9)>0,'List AC'!$F$2,COUNTIFS('List AC'!$G:$G,$C9)>0,'List AC'!$G$2,COUNTIFS('List AC'!$H:$H,$C9)>0,'List AC'!$H$2,COUNTIFS('List AC'!$I:$I,$C9)>0,'List AC'!$I$2,COUNTIFS('List AC'!$J:$J,$C9)>0,'List AC'!$J$2,COUNTIFS('List AC'!$K:$K,$C9)>0,'List AC'!$K$2,COUNTIFS('List AC'!$L:$L,$C9)>0,'List AC'!$L$2,COUNTIFS('List AC'!$Q:$Q,$C9)>0,'List AC'!$Q$2,COUNTIFS('List AC'!$M:$M,$C9)>0,'List AC'!$M$2,COUNTIFS('List AC'!$N:$N,$C9)>0,'List AC'!$N$2,COUNTIFS('List AC'!$O:$O,$C9)>0,'List AC'!$O$2,COUNTIFS('List AC'!$P:$P,$C9)>0,'List AC'!$P$2,COUNTIFS('List AC'!$R:$R,$C9)>0,'List AC'!$R$2,COUNTIFS('List AC'!$S:$S,$C9)>0,'List AC'!$S$2,COUNTIFS('List AC'!$T:$T,$C9)>0,'List AC'!$T$2,COUNTIFS('List AC'!$U:$U,$C9)>0,'List AC'!$U$2,COUNTIFS('List AC'!$V:$V,$C9)>0,'List AC'!$V$2,COUNTIFS('List AC'!$W:$W,$C9)>0,'List AC'!$W$2,COUNTIFS('List AC'!$X:$X,$C9)>0,'List AC'!$X$2,COUNTIFS('List AC'!$Y:$Y,$C9)>0,'List AC'!$Y$2,COUNTIFS('List AC'!$Z:$Z,$C9)>0,'List AC'!$Z$2,COUNTIFS('List AC'!$AA:$AA,$C9)>0,'List AC'!$AA$2,COUNTIFS('List AC'!$AB:$AB,$C9)>0,'List AC'!$AB$2,COUNTIFS('List AC'!$AC:$AC,$C9)>0,'List AC'!$AC$2,COUNTIFS('List AC'!$AD:$AD,$C9)>0,'List AC'!$AD$2,COUNTIFS('List AC'!$AE:$AE,$C9)>0,'List AC'!$AE$2,COUNTIFS('List AC'!$AF:$AF,$C9)>0,'List AC'!$AF$2,COUNTIFS('List AC'!$AG:$AG,$C9)>0,'List AC'!$AG$2,COUNTIFS('List AC'!$AH:$AH,$C9)>0,'List AC'!$AH$2,COUNTIFS('List AC'!$AI:$AI,$C9)>0,'List AC'!$AI$2,COUNTIFS('List AC'!$AJ:$AJ,$C9)>0,'List AC'!$AJ$2,COUNTIFS('List AC'!$AK:$AK,$C9)>0,'List AC'!$AK$2,COUNTIFS('List AC'!$AL:$AL,$C9)>0,'List AC'!$AL$2,COUNTIFS('List AC'!$AM:$AM,$C9)>0,'List AC'!$AM$2,COUNTIFS('List AC'!$AN:$AN,$C9)>0,'List AC'!$AN$2,COUNTIFS('List AC'!$AO:$AO,$C9)>0,'List AC'!$AO$2,COUNTIFS('List AC'!$AP:$AP,$C9)>0,'List AC'!$AP$2,COUNTIFS('List AC'!$AQ:$AQ,$C9)>0,'List AC'!$AQ$2,COUNTIFS('List AC'!$AR:$AR,$C9)>0,'List AC'!$AR$2,COUNTIFS('List AC'!$AS:$AS,$C9)>0,'List AC'!$AS$2,COUNTIFS('List AC'!$AT:$AT,$C9)>0,'List AC'!$AT$2,COUNTIFS('List AC'!$AU:$AU,$C9)>0,'List AC'!$AU$2,COUNTIFS('List AC'!$AV:$AV,$C9)>0,'List AC'!$AV$2,COUNTIFS('List AC'!$AW:$AW,$C9)>0,'List AC'!$AW$2,COUNTIFS('List AC'!$AX:$AX,$C9)>0,'List AC'!$AX$2,COUNTIFS('List AC'!$AY:$AY,$C9)>0,'List AC'!$AY$2,COUNTIFS('List AC'!$AZ:$AZ,$C9)>0,'List AC'!$AZ$2,COUNTIFS('List AC'!$BA:$BA,$C9)>0,'List AC'!$BA$2,COUNTIFS('List AC'!$BB:$BB,$C9)>0,'List AC'!$BB$2,COUNTIFS('List AC'!$BC:$BC,$C9)>0,'List AC'!$BC$2,COUNTIFS('List AC'!$BD:$BD,$C9)>0,'List AC'!$BD$2),"")
A10: 46283 | B10: WG 02 | C10: PK-LFK | D10: NLA091552 | E10: RECLINE BUTTON 36C,38D MISSING | F10: CBM | G10: 46279 | H10: 46399 | I10: SP23996B | J10: RECLINE BUTTON | K10: WAITING PERFORM | L10: JT | M10: B737 | N10: UPG | O10: 46287 | P10: AVAIL K4 : 89 EA | Q10: CLOSED | S10: =IFNA(IFS(COUNTIFS('List AC'!$A:$A,$C10)>0,'List AC'!$A$2,COUNTIFS('List AC'!$B:$B,$C10)>0,'List AC'!$B$2,COUNTIFS('List AC'!$C:$C,$C10)>0,'List AC'!$C$2,COUNTIFS('List AC'!$D:$D,$C10)>0,'List AC'!$D$2,COUNTIFS('List AC'!$E:$E,$C10)>0,'List AC'!$E$2,COUNTIFS('List AC'!$F:$F,$C10)>0,'List AC'!$F$2,COUNTIFS('List AC'!$G:$G,$C10)>0,'List AC'!$G$2,COUNTIFS('List AC'!$H:$H,$C10)>0,'List AC'!$H$2,COUNTIFS('List AC'!$I:$I,$C10)>0,'List AC'!$I$2,COUNTIFS('List AC'!$J:$J,$C10)>0,'List AC'!$J$2,COUNTIFS('List AC'!$K:$K,$C10)>0,'List AC'!$K$2,COUNTIFS('List AC'!$L:$L,$C10)>0,'List AC'!$L$2,COUNTIFS('List AC'!$Q:$Q,$C10)>0,'List AC'!$Q$2,COUNTIFS('List AC'!$M:$M,$C10)>0,'List AC'!$M$2,COUNTIFS('List AC'!$N:$N,$C10)>0,'List AC'!$N$2,COUNTIFS('List AC'!$O:$O,$C10)>0,'List AC'!$O$2,COUNTIFS('List AC'!$P:$P,$C10)>0,'List AC'!$P$2,COUNTIFS('List AC'!$R:$R,$C10)>0,'List AC'!$R$2,COUNTIFS('List AC'!$S:$S,$C10)>0,'List AC'!$S$2,COUNTIFS('List AC'!$T:$T,$C10)>0,'List AC'!$T$2,COUNTIFS('List AC'!$U:$U,$C10)>0,'List AC'!$U$2,COUNTIFS('List AC'!$V:$V,$C10)>0,'List AC'!$V$2,COUNTIFS('List AC'!$W:$W,$C10)>0,'List AC'!$W$2,COUNTIFS('List AC'!$X:$X,$C10)>0,'List AC'!$X$2,COUNTIFS('List AC'!$Y:$Y,$C10)>0,'List AC'!$Y$2,COUNTIFS('List AC'!$Z:$Z,$C10)>0,'List AC'!$Z$2,COUNTIFS('List AC'!$AA:$AA,$C10)>0,'List AC'!$AA$2,COUNTIFS('List AC'!$AB:$AB,$C10)>0,'List AC'!$AB$2,COUNTIFS('List AC'!$AC:$AC,$C10)>0,'List AC'!$AC$2,COUNTIFS('List AC'!$AD:$AD,$C10)>0,'List AC'!$AD$2,COUNTIFS('List AC'!$AE:$AE,$C10)>0,'List AC'!$AE$2,COUNTIFS('List AC'!$AF:$AF,$C10)>0,'List AC'!$AF$2,COUNTIFS('List AC'!$AG:$AG,$C10)>0,'List AC'!$AG$2,COUNTIFS('List AC'!$AH:$AH,$C10)>0,'List AC'!$AH$2,COUNTIFS('List AC'!$AI:$AI,$C10)>0,'List AC'!$AI$2,COUNTIFS('List AC'!$AJ:$AJ,$C10)>0,'List AC'!$AJ$2,COUNTIFS('List AC'!$AK:$AK,$C10)>0,'List AC'!$AK$2,COUNTIFS('List AC'!$AL:$AL,$C10)>0,'List AC'!$AL$2,COUNTIFS('List AC'!$AM:$AM,$C10)>0,'List AC'!$AM$2,COUNTIFS('List AC'!$AN:$AN,$C10)>0,'List AC'!$AN$2,COUNTIFS('List AC'!$AO:$AO,$C10)>0,'List AC'!$AO$2,COUNTIFS('List AC'!$AP:$AP,$C10)>0,'List AC'!$AP$2,COUNTIFS('List AC'!$AQ:$AQ,$C10)>0,'List AC'!$AQ$2,COUNTIFS('List AC'!$AR:$AR,$C10)>0,'List AC'!$AR$2,COUNTIFS('List AC'!$AS:$AS,$C10)>0,'List AC'!$AS$2,COUNTIFS('List AC'!$AT:$AT,$C10)>0,'List AC'!$AT$2,COUNTIFS('List AC'!$AU:$AU,$C10)>0,'List AC'!$AU$2,COUNTIFS('List AC'!$AV:$AV,$C10)>0,'List AC'!$AV$2,COUNTIFS('List AC'!$AW:$AW,$C10)>0,'List AC'!$AW$2,COUNTIFS('List AC'!$AX:$AX,$C10)>0,'List AC'!$AX$2,COUNTIFS('List AC'!$AY:$AY,$C10)>0,'List AC'!$AY$2,COUNTIFS('List AC'!$AZ:$AZ,$C10)>0,'List AC'!$AZ$2,COUNTIFS('List AC'!$BA:$BA,$C10)>0,'List AC'!$BA$2,COUNTIFS('List AC'!$BB:$BB,$C10)>0,'List AC'!$BB$2,COUNTIFS('List AC'!$BC:$BC,$C10)>0,'List AC'!$BC$2,COUNTIFS('List AC'!$BD:$BD,$C10)>0,'List AC'!$BD$2),"")
A11: 46280 | B11: WG 03 | C11: PK-LPK | D11: NLA070994 | E11: REF FINDING SRV 12154 ESCUTCHEON SEAT 4AB, 4 D, 10E, 20D,24F,27A,27E,29B,30B FOUND CRACK | F11: CBM | G11: 46241 | H11: 46361 | I11: 1010206-301BHU | J11: ESCUTCHEON, BLANK | K11: WAITING PERFORM | L11: JT | M11: B737 | N11: DPS | O11: 46287 | P11: TP 2611703 | Q11: CLOSED | R11: 46287 | S11: =IFNA(IFS(COUNTIFS('List AC'!$A:$A,$C11)>0,'List AC'!$A$2,COUNTIFS('List AC'!$B:$B,$C11)>0,'List AC'!$B$2,COUNTIFS('List AC'!$C:$C,$C11)>0,'List AC'!$C$2,COUNTIFS('List AC'!$D:$D,$C11)>0,'List AC'!$D$2,COUNTIFS('List AC'!$E:$E,$C11)>0,'List AC'!$E$2,COUNTIFS('List AC'!$F:$F,$C11)>0,'List AC'!$F$2,COUNTIFS('List AC'!$G:$G,$C11)>0,'List AC'!$G$2,COUNTIFS('List AC'!$H:$H,$C11)>0,'List AC'!$H$2,COUNTIFS('List AC'!$I:$I,$C11)>0,'List AC'!$I$2,COUNTIFS('List AC'!$J:$J,$C11)>0,'List AC'!$J$2,COUNTIFS('List AC'!$K:$K,$C11)>0,'List AC'!$K$2,COUNTIFS('List AC'!$L:$L,$C11)>0,'List AC'!$L$2,COUNTIFS('List AC'!$Q:$Q,$C11)>0,'List AC'!$Q$2,COUNTIFS('List AC'!$M:$M,$C11)>0,'List AC'!$M$2,COUNTIFS('List AC'!$N:$N,$C11)>0,'List AC'!$N$2,COUNTIFS('List AC'!$O:$O,$C11)>0,'List AC'!$O$2,COUNTIFS('List AC'!$P:$P,$C11)>0,'List AC'!$P$2,COUNTIFS('List AC'!$R:$R,$C11)>0,'List AC'!$R$2,COUNTIFS('List AC'!$S:$S,$C11)>0,'List AC'!$S$2,COUNTIFS('List AC'!$T:$T,$C11)>0,'List AC'!$T$2,COUNTIFS('List AC'!$U:$U,$C11)>0,'List AC'!$U$2,COUNTIFS('List AC'!$V:$V,$C11)>0,'List AC'!$V$2,COUNTIFS('List AC'!$W:$W,$C11)>0,'List AC'!$W$2,COUNTIFS('List AC'!$X:$X,$C11)>0,'List AC'!$X$2,COUNTIFS('List AC'!$Y:$Y,$C11)>0,'List AC'!$Y$2,COUNTIFS('List AC'!$Z:$Z,$C11)>0,'List AC'!$Z$2,COUNTIFS('List AC'!$AA:$AA,$C11)>0,'List AC'!$AA$2,COUNTIFS('List AC'!$AB:$AB,$C11)>0,'List AC'!$AB$2,COUNTIFS('List AC'!$AC:$AC,$C11)>0,'List AC'!$AC$2,COUNTIFS('List AC'!$AD:$AD,$C11)>0,'List AC'!$AD$2,COUNTIFS('List AC'!$AE:$AE,$C11)>0,'List AC'!$AE$2,COUNTIFS('List AC'!$AF:$AF,$C11)>0,'List AC'!$AF$2,COUNTIFS('List AC'!$AG:$AG,$C11)>0,'List AC'!$AG$2,COUNTIFS('List AC'!$AH:$AH,$C11)>0,'List AC'!$AH$2,COUNTIFS('List AC'!$AI:$AI,$C11)>0,'List AC'!$AI$2,COUNTIFS('List AC'!$AJ:$AJ,$C11)>0,'List AC'!$AJ$2,COUNTIFS('List AC'!$AK:$AK,$C11)>0,'List AC'!$AK$2,COUNTIFS('List AC'!$AL:$AL,$C11)>0,'List AC'!$AL$2,COUNTIFS('List AC'!$AM:$AM,$C11)>0,'List AC'!$AM$2,COUNTIFS('List AC'!$AN:$AN,$C11)>0,'List AC'!$AN$2,COUNTIFS('List AC'!$AO:$AO,$C11)>0,'List AC'!$AO$2,COUNTIFS('List AC'!$AP:$AP,$C11)>0,'List AC'!$AP$2,COUNTIFS('List AC'!$AQ:$AQ,$C11)>0,'List AC'!$AQ$2,COUNTIFS('List AC'!$AR:$AR,$C11)>0,'List AC'!$AR$2,COUNTIFS('List AC'!$AS:$AS,$C11)>0,'List AC'!$AS$2,COUNTIFS('List AC'!$AT:$AT,$C11)>0,'List AC'!$AT$2,COUNTIFS('List AC'!$AU:$AU,$C11)>0,'List AC'!$AU$2,COUNTIFS('List AC'!$AV:$AV,$C11)>0,'List AC'!$AV$2,COUNTIFS('List AC'!$AW:$AW,$C11)>0,'List AC'!$AW$2,COUNTIFS('List AC'!$AX:$AX,$C11)>0,'List AC'!$AX$2,COUNTIFS('List AC'!$AY:$AY,$C11)>0,'List AC'!$AY$2,COUNTIFS('List AC'!$AZ:$AZ,$C11)>0,'List AC'!$AZ$2,COUNTIFS('List AC'!$BA:$BA,$C11)>0,'List AC'!$BA$2,COUNTIFS('List AC'!$BB:$BB,$C11)>0,'List AC'!$BB$2,COUNTIFS('List AC'!$BC:$BC,$C11)>0,'List AC'!$BC$2,COUNTIFS('List AC'!$BD:$BD,$C11)>0,'List AC'!$BD$2),"")
A12: 46280 | B12: WG 03 | C12: PK-LPK | D12: NLA070996 | E12: REF FINDING SRV 12164 ESCUTCHEON 19E MISSING | F12: CBM | G12: 46241 | H12: 46361 | I12: 1010206-301BHU | J12: ESCUTCHEON, BLANK | K12: WAITING PERFORM | L12: JT | M12: B737 | N12: DPS | O12: 46287 | P12: TP 2611703 | Q12: CLOSED | R12: 46287 | S12: =IFNA(IFS(COUNTIFS('List AC'!$A:$A,$C12)>0,'List AC'!$A$2,COUNTIFS('List AC'!$B:$B,$C12)>0,'List AC'!$B$2,COUNTIFS('List AC'!$C:$C,$C12)>0,'List AC'!$C$2,COUNTIFS('List AC'!$D:$D,$C12)>0,'List AC'!$D$2,COUNTIFS('List AC'!$E:$E,$C12)>0,'List AC'!$E$2,COUNTIFS('List AC'!$F:$F,$C12)>0,'List AC'!$F$2,COUNTIFS('List AC'!$G:$G,$C12)>0,'List AC'!$G$2,COUNTIFS('List AC'!$H:$H,$C12)>0,'List AC'!$H$2,COUNTIFS('List AC'!$I:$I,$C12)>0,'List AC'!$I$2,COUNTIFS('List AC'!$J:$J,$C12)>0,'List AC'!$J$2,COUNTIFS('List AC'!$K:$K,$C12)>0,'List AC'!$K$2,COUNTIFS('List AC'!$L:$L,$C12)>0,'List AC'!$L$2,COUNTIFS('List AC'!$Q:$Q,$C12)>0,'List AC'!$Q$2,COUNTIFS('List AC'!$M:$M,$C12)>0,'List AC'!$M$2,COUNTIFS('List AC'!$N:$N,$C12)>0,'List AC'!$N$2,COUNTIFS('List AC'!$O:$O,$C12)>0,'List AC'!$O$2,COUNTIFS('List AC'!$P:$P,$C12)>0,'List AC'!$P$2,COUNTIFS('List AC'!$R:$R,$C12)>0,'List AC'!$R$2,COUNTIFS('List AC'!$S:$S,$C12)>0,'List AC'!$S$2,COUNTIFS('List AC'!$T:$T,$C12)>0,'List AC'!$T$2,COUNTIFS('List AC'!$U:$U,$C12)>0,'List AC'!$U$2,COUNTIFS('List AC'!$V:$V,$C12)>0,'List AC'!$V$2,COUNTIFS('List AC'!$W:$W,$C12)>0,'List AC'!$W$2,COUNTIFS('List AC'!$X:$X,$C12)>0,'List AC'!$X$2,COUNTIFS('List AC'!$Y:$Y,$C12)>0,'List AC'!$Y$2,COUNTIFS('List AC'!$Z:$Z,$C12)>0,'List AC'!$Z$2,COUNTIFS('List AC'!$AA:$AA,$C12)>0,'List AC'!$AA$2,COUNTIFS('List AC'!$AB:$AB,$C12)>0,'List AC'!$AB$2,COUNTIFS('List AC'!$AC:$AC,$C12)>0,'List AC'!$AC$2,COUNTIFS('List AC'!$AD:$AD,$C12)>0,'List AC'!$AD$2,COUNTIFS('List AC'!$AE:$AE,$C12)>0,'List AC'!$AE$2,COUNTIFS('List AC'!$AF:$AF,$C12)>0,'List AC'!$AF$2,COUNTIFS('List AC'!$AG:$AG,$C12)>0,'List AC'!$AG$2,COUNTIFS('List AC'!$AH:$AH,$C12)>0,'List AC'!$AH$2,COUNTIFS('List AC'!$AI:$AI,$C12)>0,'List AC'!$AI$2,COUNTIFS('List AC'!$AJ:$AJ,$C12)>0,'List AC'!$AJ$2,COUNTIFS('List AC'!$AK:$AK,$C12)>0,'List AC'!$AK$2,COUNTIFS('List AC'!$AL:$AL,$C12)>0,'List AC'!$AL$2,COUNTIFS('List AC'!$AM:$AM,$C12)>0,'List AC'!$AM$2,COUNTIFS('List AC'!$AN:$AN,$C12)>0,'List AC'!$AN$2,COUNTIFS('List AC'!$AO:$AO,$C12)>0,'List AC'!$AO$2,COUNTIFS('List AC'!$AP:$AP,$C12)>0,'List AC'!$AP$2,COUNTIFS('List AC'!$AQ:$AQ,$C12)>0,'List AC'!$AQ$2,COUNTIFS('List AC'!$AR:$AR,$C12)>0,'List AC'!$AR$2,COUNTIFS('List AC'!$AS:$AS,$C12)>0,'List AC'!$AS$2,COUNTIFS('List AC'!$AT:$AT,$C12)>0,'List AC'!$AT$2,COUNTIFS('List AC'!$AU:$AU,$C12)>0,'List AC'!$AU$2,COUNTIFS('List AC'!$AV:$AV,$C12)>0,'List AC'!$AV$2,COUNTIFS('List AC'!$AW:$AW,$C12)>0,'List AC'!$AW$2,COUNTIFS('List AC'!$AX:$AX,$C12)>0,'List AC'!$AX$2,COUNTIFS('List AC'!$AY:$AY,$C12)>0,'List AC'!$AY$2,COUNTIFS('List AC'!$AZ:$AZ,$C12)>0,'List AC'!$AZ$2,COUNTIFS('List AC'!$BA:$BA,$C12)>0,'List AC'!$BA$2,COUNTIFS('List AC'!$BB:$BB,$C12)>0,'List AC'!$BB$2,COUNTIFS('List AC'!$BC:$BC,$C12)>0,'List AC'!$BC$2,COUNTIFS('List AC'!$BD:$BD,$C12)>0,'List AC'!$BD$2),"")
A13: 46283 | B13: WG 07 | C13: PK-LUG | D13: NID016210 | E13: REF FINDING NO FND 17644 FOUND DENT AT VHF #2 ANTENA | F13: PAINTING | G13: 46274 | H13: 46394 | K13: WAITING PERFORM | L13: ID | M13: A320 | N13: CGK | O13: 46287 | Q13: OPEN | S13: =IFNA(IFS(COUNTIFS('List AC'!$A:$A,$C13)>0,'List AC'!$A$2,COUNTIFS('List AC'!$B:$B,$C13)>0,'List AC'!$B$2,COUNTIFS('List AC'!$C:$C,$C13)>0,'List AC'!$C$2,COUNTIFS('List AC'!$D:$D,$C13)>0,'List AC'!$D$2,COUNTIFS('List AC'!$E:$E,$C13)>0,'List AC'!$E$2,COUNTIFS('List AC'!$F:$F,$C13)>0,'List AC'!$F$2,COUNTIFS('List AC'!$G:$G,$C13)>0,'List AC'!$G$2,COUNTIFS('List AC'!$H:$H,$C13)>0,'List AC'!$H$2,COUNTIFS('List AC'!$I:$I,$C13)>0,'List AC'!$I$2,COUNTIFS('List AC'!$J:$J,$C13)>0,'List AC'!$J$2,COUNTIFS('List AC'!$K:$K,$C13)>0,'List AC'!$K$2,COUNTIFS('List AC'!$L:$L,$C13)>0,'List AC'!$L$2,COUNTIFS('List AC'!$Q:$Q,$C13)>0,'List AC'!$Q$2,COUNTIFS('List AC'!$M:$M,$C13)>0,'List AC'!$M$2,COUNTIFS('List AC'!$N:$N,$C13)>0,'List AC'!$N$2,COUNTIFS('List AC'!$O:$O,$C13)>0,'List AC'!$O$2,COUNTIFS('List AC'!$P:$P,$C13)>0,'List AC'!$P$2,COUNTIFS('List AC'!$R:$R,$C13)>0,'List AC'!$R$2,COUNTIFS('List AC'!$S:$S,$C13)>0,'List AC'!$S$2,COUNTIFS('List AC'!$T:$T,$C13)>0,'List AC'!$T$2,COUNTIFS('List AC'!$U:$U,$C13)>0,'List AC'!$U$2,COUNTIFS('List AC'!$V:$V,$C13)>0,'List AC'!$V$2,COUNTIFS('List AC'!$W:$W,$C13)>0,'List AC'!$W$2,COUNTIFS('List AC'!$X:$X,$C13)>0,'List AC'!$X$2,COUNTIFS('List AC'!$Y:$Y,$C13)>0,'List AC'!$Y$2,COUNTIFS('List AC'!$Z:$Z,$C13)>0,'List AC'!$Z$2,COUNTIFS('List AC'!$AA:$AA,$C13)>0,'List AC'!$AA$2,COUNTIFS('List AC'!$AB:$AB,$C13)>0,'List AC'!$AB$2,COUNTIFS('List AC'!$AC:$AC,$C13)>0,'List AC'!$AC$2,COUNTIFS('List AC'!$AD:$AD,$C13)>0,'List AC'!$AD$2,COUNTIFS('List AC'!$AE:$AE,$C13)>0,'List AC'!$AE$2,COUNTIFS('List AC'!$AF:$AF,$C13)>0,'List AC'!$AF$2,COUNTIFS('List AC'!$AG:$AG,$C13)>0,'List AC'!$AG$2,COUNTIFS('List AC'!$AH:$AH,$C13)>0,'List AC'!$AH$2,COUNTIFS('List AC'!$AI:$AI,$C13)>0,'List AC'!$AI$2,COUNTIFS('List AC'!$AJ:$AJ,$C13)>0,'List AC'!$AJ$2,COUNTIFS('List AC'!$AK:$AK,$C13)>0,'List AC'!$AK$2,COUNTIFS('List AC'!$AL:$AL,$C13)>0,'List AC'!$AL$2,COUNTIFS('List AC'!$AM:$AM,$C13)>0,'List AC'!$AM$2,COUNTIFS('List AC'!$AN:$AN,$C13)>0,'List AC'!$AN$2,COUNTIFS('List AC'!$AO:$AO,$C13)>0,'List AC'!$AO$2,COUNTIFS('List AC'!$AP:$AP,$C13)>0,'List AC'!$AP$2,COUNTIFS('List AC'!$AQ:$AQ,$C13)>0,'List AC'!$AQ$2,COUNTIFS('List AC'!$AR:$AR,$C13)>0,'List AC'!$AR$2,COUNTIFS('List AC'!$AS:$AS,$C13)>0,'List AC'!$AS$2,COUNTIFS('List AC'!$AT:$AT,$C13)>0,'List AC'!$AT$2,COUNTIFS('List AC'!$AU:$AU,$C13)>0,'List AC'!$AU$2,COUNTIFS('List AC'!$AV:$AV,$C13)>0,'List AC'!$AV$2,COUNTIFS('List AC'!$AW:$AW,$C13)>0,'List AC'!$AW$2,COUNTIFS('List AC'!$AX:$AX,$C13)>0,'List AC'!$AX$2,COUNTIFS('List AC'!$AY:$AY,$C13)>0,'List AC'!$AY$2,COUNTIFS('List AC'!$AZ:$AZ,$C13)>0,'List AC'!$AZ$2,COUNTIFS('List AC'!$BA:$BA,$C13)>0,'List AC'!$BA$2,COUNTIFS('List AC'!$BB:$BB,$C13)>0,'List AC'!$BB$2,COUNTIFS('List AC'!$BC:$BC,$C13)>0,'List AC'!$BC$2,COUNTIFS('List AC'!$BD:$BD,$C13)>0,'List AC'!$BD$2),"") | T13: DENT LM SIDE | U13: TC
A14: 46283 | B14: WG 06 | C14: PK-LUR | D14: NID008797 | E14: DURING DAILY CHECK PERFORM W/O CABIN INSPECTION COVER AND PRAME FLASH ELECTRICAL SWITCH LD & LE FOUND BAD CONDITION | F14: CBM | G14: 46281 | K14: INVESTIGATE | L14: ID | M14: A320 | N14: SRG | O14: 46287 | P14: PLEASE INVESTIGATE AND RECTIFICATION. IF NEED SPARE PARTS, PLEASE CREATE RQ IN EMRO | Q14: CLOSED | R14: 46287 | S14: =IFNA(IFS(COUNTIFS('List AC'!$A:$A,$C14)>0,'List AC'!$A$2,COUNTIFS('List AC'!$B:$B,$C14)>0,'List AC'!$B$2,COUNTIFS('List AC'!$C:$C,$C14)>0,'List AC'!$C$2,COUNTIFS('List AC'!$D:$D,$C14)>0,'List AC'!$D$2,COUNTIFS('List AC'!$E:$E,$C14)>0,'List AC'!$E$2,COUNTIFS('List AC'!$F:$F,$C14)>0,'List AC'!$F$2,COUNTIFS('List AC'!$G:$G,$C14)>0,'List AC'!$G$2,COUNTIFS('List AC'!$H:$H,$C14)>0,'List AC'!$H$2,COUNTIFS('List AC'!$I:$I,$C14)>0,'List AC'!$I$2,COUNTIFS('List AC'!$J:$J,$C14)>0,'List AC'!$J$2,COUNTIFS('List AC'!$K:$K,$C14)>0,'List AC'!$K$2,COUNTIFS('List AC'!$L:$L,$C14)>0,'List AC'!$L$2,COUNTIFS('List AC'!$Q:$Q,$C14)>0,'List AC'!$Q$2,COUNTIFS('List AC'!$M:$M,$C14)>0,'List AC'!$M$2,COUNTIFS('List AC'!$N:$N,$C14)>0,'List AC'!$N$2,COUNTIFS('List AC'!$O:$O,$C14)>0,'List AC'!$O$2,COUNTIFS('List AC'!$P:$P,$C14)>0,'List AC'!$P$2,COUNTIFS('List AC'!$R:$R,$C14)>0,'List AC'!$R$2,COUNTIFS('List AC'!$S:$S,$C14)>0,'List AC'!$S$2,COUNTIFS('List AC'!$T:$T,$C14)>0,'List AC'!$T$2,COUNTIFS('List AC'!$U:$U,$C14)>0,'List AC'!$U$2,COUNTIFS('List AC'!$V:$V,$C14)>0,'List AC'!$V$2,COUNTIFS('List AC'!$W:$W,$C14)>0,'List AC'!$W$2,COUNTIFS('List AC'!$X:$X,$C14)>0,'List AC'!$X$2,COUNTIFS('List AC'!$Y:$Y,$C14)>0,'List AC'!$Y$2,COUNTIFS('List AC'!$Z:$Z,$C14)>0,'List AC'!$Z$2,COUNTIFS('List AC'!$AA:$AA,$C14)>0,'List AC'!$AA$2,COUNTIFS('List AC'!$AB:$AB,$C14)>0,'List AC'!$AB$2,COUNTIFS('List AC'!$AC:$AC,$C14)>0,'List AC'!$AC$2,COUNTIFS('List AC'!$AD:$AD,$C14)>0,'List AC'!$AD$2,COUNTIFS('List AC'!$AE:$AE,$C14)>0,'List AC'!$AE$2,COUNTIFS('List AC'!$AF:$AF,$C14)>0,'List AC'!$AF$2,COUNTIFS('List AC'!$AG:$AG,$C14)>0,'List AC'!$AG$2,COUNTIFS('List AC'!$AH:$AH,$C14)>0,'List AC'!$AH$2,COUNTIFS('List AC'!$AI:$AI,$C14)>0,'List AC'!$AI$2,COUNTIFS('List AC'!$AJ:$AJ,$C14)>0,'List AC'!$AJ$2,COUNTIFS('List AC'!$AK:$AK,$C14)>0,'List AC'!$AK$2,COUNTIFS('List AC'!$AL:$AL,$C14)>0,'List AC'!$AL$2,COUNTIFS('List AC'!$AM:$AM,$C14)>0,'List AC'!$AM$2,COUNTIFS('List AC'!$AN:$AN,$C14)>0,'List AC'!$AN$2,COUNTIFS('List AC'!$AO:$AO,$C14)>0,'List AC'!$AO$2,COUNTIFS('List AC'!$AP:$AP,$C14)>0,'List AC'!$AP$2,COUNTIFS('List AC'!$AQ:$AQ,$C14)>0,'List AC'!$AQ$2,COUNTIFS('List AC'!$AR:$AR,$C14)>0,'List AC'!$AR$2,COUNTIFS('List AC'!$AS:$AS,$C14)>0,'List AC'!$AS$2,COUNTIFS('List AC'!$AT:$AT,$C14)>0,'List AC'!$AT$2,COUNTIFS('List AC'!$AU:$AU,$C14)>0,'List AC'!$AU$2,COUNTIFS('List AC'!$AV:$AV,$C14)>0,'List AC'!$AV$2,COUNTIFS('List AC'!$AW:$AW,$C14)>0,'List AC'!$AW$2,COUNTIFS('List AC'!$AX:$AX,$C14)>0,'List AC'!$AX$2,COUNTIFS('List AC'!$AY:$AY,$C14)>0,'List AC'!$AY$2,COUNTIFS('List AC'!$AZ:$AZ,$C14)>0,'List AC'!$AZ$2,COUNTIFS('List AC'!$BA:$BA,$C14)>0,'List AC'!$BA$2,COUNTIFS('List AC'!$BB:$BB,$C14)>0,'List AC'!$BB$2,COUNTIFS('List AC'!$BC:$BC,$C14)>0,'List AC'!$BC$2,COUNTIFS('List AC'!$BD:$BD,$C14)>0,'List AC'!$BD$2),"")
A15: 46283 | B15: WG 08 | C15: PK-SAS | D15: NSAJ002547 | E15: CABLE HANDSET AT 4L BAD CONDITIOJ | F15: CBM | G15: 46269 | H15: 46389 | I15: N40-1B20000-100 | J15: SUPPORT-BRACKET | K15: WAITING PERFORM | L15: IU | M15: A320 | N15: CGK | O15: 46287 | P15: PL: 591750 | Q15: CLOSED | R15: 46287 | S15: =IFNA(IFS(COUNTIFS('List AC'!$A:$A,$C15)>0,'List AC'!$A$2,COUNTIFS('List AC'!$B:$B,$C15)>0,'List AC'!$B$2,COUNTIFS('List AC'!$C:$C,$C15)>0,'List AC'!$C$2,COUNTIFS('List AC'!$D:$D,$C15)>0,'List AC'!$D$2,COUNTIFS('List AC'!$E:$E,$C15)>0,'List AC'!$E$2,COUNTIFS('List AC'!$F:$F,$C15)>0,'List AC'!$F$2,COUNTIFS('List AC'!$G:$G,$C15)>0,'List AC'!$G$2,COUNTIFS('List AC'!$H:$H,$C15)>0,'List AC'!$H$2,COUNTIFS('List AC'!$I:$I,$C15)>0,'List AC'!$I$2,COUNTIFS('List AC'!$J:$J,$C15)>0,'List AC'!$J$2,COUNTIFS('List AC'!$K:$K,$C15)>0,'List AC'!$K$2,COUNTIFS('List AC'!$L:$L,$C15)>0,'List AC'!$L$2,COUNTIFS('List AC'!$Q:$Q,$C15)>0,'List AC'!$Q$2,COUNTIFS('List AC'!$M:$M,$C15)>0,'List AC'!$M$2,COUNTIFS('List AC'!$N:$N,$C15)>0,'List AC'!$N$2,COUNTIFS('List AC'!$O:$O,$C15)>0,'List AC'!$O$2,COUNTIFS('List AC'!$P:$P,$C15)>0,'List AC'!$P$2,COUNTIFS('List AC'!$R:$R,$C15)>0,'List AC'!$R$2,COUNTIFS('List AC'!$S:$S,$C15)>0,'List AC'!$S$2,COUNTIFS('List AC'!$T:$T,$C15)>0,'List AC'!$T$2,COUNTIFS('List AC'!$U:$U,$C15)>0,'List AC'!$U$2,COUNTIFS('List AC'!$V:$V,$C15)>0,'List AC'!$V$2,COUNTIFS('List AC'!$W:$W,$C15)>0,'List AC'!$W$2,COUNTIFS('List AC'!$X:$X,$C15)>0,'List AC'!$X$2,COUNTIFS('List AC'!$Y:$Y,$C15)>0,'List AC'!$Y$2,COUNTIFS('List AC'!$Z:$Z,$C15)>0,'List AC'!$Z$2,COUNTIFS('List AC'!$AA:$AA,$C15)>0,'List AC'!$AA$2,COUNTIFS('List AC'!$AB:$AB,$C15)>0,'List AC'!$AB$2,COUNTIFS('List AC'!$AC:$AC,$C15)>0,'List AC'!$AC$2,COUNTIFS('List AC'!$AD:$AD,$C15)>0,'List AC'!$AD$2,COUNTIFS('List AC'!$AE:$AE,$C15)>0,'List AC'!$AE$2,COUNTIFS('List AC'!$AF:$AF,$C15)>0,'List AC'!$AF$2,COUNTIFS('List AC'!$AG:$AG,$C15)>0,'List AC'!$AG$2,COUNTIFS('List AC'!$AH:$AH,$C15)>0,'List AC'!$AH$2,COUNTIFS('List AC'!$AI:$AI,$C15)>0,'List AC'!$AI$2,COUNTIFS('List AC'!$AJ:$AJ,$C15)>0,'List AC'!$AJ$2,COUNTIFS('List AC'!$AK:$AK,$C15)>0,'List AC'!$AK$2,COUNTIFS('List AC'!$AL:$AL,$C15)>0,'List AC'!$AL$2,COUNTIFS('List AC'!$AM:$AM,$C15)>0,'List AC'!$AM$2,COUNTIFS('List AC'!$AN:$AN,$C15)>0,'List AC'!$AN$2,COUNTIFS('List AC'!$AO:$AO,$C15)>0,'List AC'!$AO$2,COUNTIFS('List AC'!$AP:$AP,$C15)>0,'List AC'!$AP$2,COUNTIFS('List AC'!$AQ:$AQ,$C15)>0,'List AC'!$AQ$2,COUNTIFS('List AC'!$AR:$AR,$C15)>0,'List AC'!$AR$2,COUNTIFS('List AC'!$AS:$AS,$C15)>0,'List AC'!$AS$2,COUNTIFS('List AC'!$AT:$AT,$C15)>0,'List AC'!$AT$2,COUNTIFS('List AC'!$AU:$AU,$C15)>0,'List AC'!$AU$2,COUNTIFS('List AC'!$AV:$AV,$C15)>0,'List AC'!$AV$2,COUNTIFS('List AC'!$AW:$AW,$C15)>0,'List AC'!$AW$2,COUNTIFS('List AC'!$AX:$AX,$C15)>0,'List AC'!$AX$2,COUNTIFS('List AC'!$AY:$AY,$C15)>0,'List AC'!$AY$2,COUNTIFS('List AC'!$AZ:$AZ,$C15)>0,'List AC'!$AZ$2,COUNTIFS('List AC'!$BA:$BA,$C15)>0,'List AC'!$BA$2,COUNTIFS('List AC'!$BB:$BB,$C15)>0,'List AC'!$BB$2,COUNTIFS('List AC'!$BC:$BC,$C15)>0,'List AC'!$BC$2,COUNTIFS('List AC'!$BD:$BD,$C15)>0,'List AC'!$BD$2),"")
A16: 46283 | B16: WG 08 | C16: PK-SAS | D16: NSAJ002548 | E16: REFF NSRDI NO NSAJ002512,ACCES DOOR AT LAVATORY D CANT LOCK PROPERLY | F16: CBM | G16: 46269 | H16: 46389 | I16: A325400431-204 | J16: CATCH | K16: WAITING PERFORM | L16: IU | M16: A320 | N16: CGK | O16: 46287 | P16: AVAIL K1 : 4 EA (please replace with ex.repair part delta | Q16: CLOSED | R16: 46287 | S16: =IFNA(IFS(COUNTIFS('List AC'!$A:$A,$C16)>0,'List AC'!$A$2,COUNTIFS('List AC'!$B:$B,$C16)>0,'List AC'!$B$2,COUNTIFS('List AC'!$C:$C,$C16)>0,'List AC'!$C$2,COUNTIFS('List AC'!$D:$D,$C16)>0,'List AC'!$D$2,COUNTIFS('List AC'!$E:$E,$C16)>0,'List AC'!$E$2,COUNTIFS('List AC'!$F:$F,$C16)>0,'List AC'!$F$2,COUNTIFS('List AC'!$G:$G,$C16)>0,'List AC'!$G$2,COUNTIFS('List AC'!$H:$H,$C16)>0,'List AC'!$H$2,COUNTIFS('List AC'!$I:$I,$C16)>0,'List AC'!$I$2,COUNTIFS('List AC'!$J:$J,$C16)>0,'List AC'!$J$2,COUNTIFS('List AC'!$K:$K,$C16)>0,'List AC'!$K$2,COUNTIFS('List AC'!$L:$L,$C16)>0,'List AC'!$L$2,COUNTIFS('List AC'!$Q:$Q,$C16)>0,'List AC'!$Q$2,COUNTIFS('List AC'!$M:$M,$C16)>0,'List AC'!$M$2,COUNTIFS('List AC'!$N:$N,$C16)>0,'List AC'!$N$2,COUNTIFS('List AC'!$O:$O,$C16)>0,'List AC'!$O$2,COUNTIFS('List AC'!$P:$P,$C16)>0,'List AC'!$P$2,COUNTIFS('List AC'!$R:$R,$C16)>0,'List AC'!$R$2,COUNTIFS('List AC'!$S:$S,$C16)>0,'List AC'!$S$2,COUNTIFS('List AC'!$T:$T,$C16)>0,'List AC'!$T$2,COUNTIFS('List AC'!$U:$U,$C16)>0,'List AC'!$U$2,COUNTIFS('List AC'!$V:$V,$C16)>0,'List AC'!$V$2,COUNTIFS('List AC'!$W:$W,$C16)>0,'List AC'!$W$2,COUNTIFS('List AC'!$X:$X,$C16)>0,'List AC'!$X$2,COUNTIFS('List AC'!$Y:$Y,$C16)>0,'List AC'!$Y$2,COUNTIFS('List AC'!$Z:$Z,$C16)>0,'List AC'!$Z$2,COUNTIFS('List AC'!$AA:$AA,$C16)>0,'List AC'!$AA$2,COUNTIFS('List AC'!$AB:$AB,$C16)>0,'List AC'!$AB$2,COUNTIFS('List AC'!$AC:$AC,$C16)>0,'List AC'!$AC$2,COUNTIFS('List AC'!$AD:$AD,$C16)>0,'List AC'!$AD$2,COUNTIFS('List AC'!$AE:$AE,$C16)>0,'List AC'!$AE$2,COUNTIFS('List AC'!$AF:$AF,$C16)>0,'List AC'!$AF$2,COUNTIFS('List AC'!$AG:$AG,$C16)>0,'List AC'!$AG$2,COUNTIFS('List AC'!$AH:$AH,$C16)>0,'List AC'!$AH$2,COUNTIFS('List AC'!$AI:$AI,$C16)>0,'List AC'!$AI$2,COUNTIFS('List AC'!$AJ:$AJ,$C16)>0,'List AC'!$AJ$2,COUNTIFS('List AC'!$AK:$AK,$C16)>0,'List AC'!$AK$2,COUNTIFS('List AC'!$AL:$AL,$C16)>0,'List AC'!$AL$2,COUNTIFS('List AC'!$AM:$AM,$C16)>0,'List AC'!$AM$2,COUNTIFS('List AC'!$AN:$AN,$C16)>0,'List AC'!$AN$2,COUNTIFS('List AC'!$AO:$AO,$C16)>0,'List AC'!$AO$2,COUNTIFS('List AC'!$AP:$AP,$C16)>0,'List AC'!$AP$2,COUNTIFS('List AC'!$AQ:$AQ,$C16)>0,'List AC'!$AQ$2,COUNTIFS('List AC'!$AR:$AR,$C16)>0,'List AC'!$AR$2,COUNTIFS('List AC'!$AS:$AS,$C16)>0,'List AC'!$AS$2,COUNTIFS('List AC'!$AT:$AT,$C16)>0,'List AC'!$AT$2,COUNTIFS('List AC'!$AU:$AU,$C16)>0,'List AC'!$AU$2,COUNTIFS('List AC'!$AV:$AV,$C16)>0,'List AC'!$AV$2,COUNTIFS('List AC'!$AW:$AW,$C16)>0,'List AC'!$AW$2,COUNTIFS('List AC'!$AX:$AX,$C16)>0,'List AC'!$AX$2,COUNTIFS('List AC'!$AY:$AY,$C16)>0,'List AC'!$AY$2,COUNTIFS('List AC'!$AZ:$AZ,$C16)>0,'List AC'!$AZ$2,COUNTIFS('List AC'!$BA:$BA,$C16)>0,'List AC'!$BA$2,COUNTIFS('List AC'!$BB:$BB,$C16)>0,'List AC'!$BB$2,COUNTIFS('List AC'!$BC:$BC,$C16)>0,'List AC'!$BC$2,COUNTIFS('List AC'!$BD:$BD,$C16)>0,'List AC'!$BD$2),"")
A17: 46276 | B17: WG 08 | C17: PK-SGD | D17: NSAJ008205 | E17: WORKING LIGHT FA1 & FA4 STILL DIM | F17: CBM | G17: 46283 | H17: 46403 | K17: INVESTIGATE | L17: IU | M17: A320 | N17: CGK | O17: 46287 | P17: PLEASE INVESTIGATE AND RECTIFICATION. IF NEED SPARE PARTS, PLEASE CREATE RQ IN EMRO | Q17: CLOSED | R17: 46287 | S17: =IFNA(IFS(COUNTIFS('List AC'!$A:$A,$C17)>0,'List AC'!$A$2,COUNTIFS('List AC'!$B:$B,$C17)>0,'List AC'!$B$2,COUNTIFS('List AC'!$C:$C,$C17)>0,'List AC'!$C$2,COUNTIFS('List AC'!$D:$D,$C17)>0,'List AC'!$D$2,COUNTIFS('List AC'!$E:$E,$C17)>0,'List AC'!$E$2,COUNTIFS('List AC'!$F:$F,$C17)>0,'List AC'!$F$2,COUNTIFS('List AC'!$G:$G,$C17)>0,'List AC'!$G$2,COUNTIFS('List AC'!$H:$H,$C17)>0,'List AC'!$H$2,COUNTIFS('List AC'!$I:$I,$C17)>0,'List AC'!$I$2,COUNTIFS('List AC'!$J:$J,$C17)>0,'List AC'!$J$2,COUNTIFS('List AC'!$K:$K,$C17)>0,'List AC'!$K$2,COUNTIFS('List AC'!$L:$L,$C17)>0,'List AC'!$L$2,COUNTIFS('List AC'!$Q:$Q,$C17)>0,'List AC'!$Q$2,COUNTIFS('List AC'!$M:$M,$C17)>0,'List AC'!$M$2,COUNTIFS('List AC'!$N:$N,$C17)>0,'List AC'!$N$2,COUNTIFS('List AC'!$O:$O,$C17)>0,'List AC'!$O$2,COUNTIFS('List AC'!$P:$P,$C17)>0,'List AC'!$P$2,COUNTIFS('List AC'!$R:$R,$C17)>0,'List AC'!$R$2,COUNTIFS('List AC'!$S:$S,$C17)>0,'List AC'!$S$2,COUNTIFS('List AC'!$T:$T,$C17)>0,'List AC'!$T$2,COUNTIFS('List AC'!$U:$U,$C17)>0,'List AC'!$U$2,COUNTIFS('List AC'!$V:$V,$C17)>0,'List AC'!$V$2,COUNTIFS('List AC'!$W:$W,$C17)>0,'List AC'!$W$2,COUNTIFS('List AC'!$X:$X,$C17)>0,'List AC'!$X$2,COUNTIFS('List AC'!$Y:$Y,$C17)>0,'List AC'!$Y$2,COUNTIFS('List AC'!$Z:$Z,$C17)>0,'List AC'!$Z$2,COUNTIFS('List AC'!$AA:$AA,$C17)>0,'List AC'!$AA$2,COUNTIFS('List AC'!$AB:$AB,$C17)>0,'List AC'!$AB$2,COUNTIFS('List AC'!$AC:$AC,$C17)>0,'List AC'!$AC$2,COUNTIFS('List AC'!$AD:$AD,$C17)>0,'List AC'!$AD$2,COUNTIFS('List AC'!$AE:$AE,$C17)>0,'List AC'!$AE$2,COUNTIFS('List AC'!$AF:$AF,$C17)>0,'List AC'!$AF$2,COUNTIFS('List AC'!$AG:$AG,$C17)>0,'List AC'!$AG$2,COUNTIFS('List AC'!$AH:$AH,$C17)>0,'List AC'!$AH$2,COUNTIFS('List AC'!$AI:$AI,$C17)>0,'List AC'!$AI$2,COUNTIFS('List AC'!$AJ:$AJ,$C17)>0,'List AC'!$AJ$2,COUNTIFS('List AC'!$AK:$AK,$C17)>0,'List AC'!$AK$2,COUNTIFS('List AC'!$AL:$AL,$C17)>0,'List AC'!$AL$2,COUNTIFS('List AC'!$AM:$AM,$C17)>0,'List AC'!$AM$2,COUNTIFS('List AC'!$AN:$AN,$C17)>0,'List AC'!$AN$2,COUNTIFS('List AC'!$AO:$AO,$C17)>0,'List AC'!$AO$2,COUNTIFS('List AC'!$AP:$AP,$C17)>0,'List AC'!$AP$2,COUNTIFS('List AC'!$AQ:$AQ,$C17)>0,'List AC'!$AQ$2,COUNTIFS('List AC'!$AR:$AR,$C17)>0,'List AC'!$AR$2,COUNTIFS('List AC'!$AS:$AS,$C17)>0,'List AC'!$AS$2,COUNTIFS('List AC'!$AT:$AT,$C17)>0,'List AC'!$AT$2,COUNTIFS('List AC'!$AU:$AU,$C17)>0,'List AC'!$AU$2,COUNTIFS('List AC'!$AV:$AV,$C17)>0,'List AC'!$AV$2,COUNTIFS('List AC'!$AW:$AW,$C17)>0,'List AC'!$AW$2,COUNTIFS('List AC'!$AX:$AX,$C17)>0,'List AC'!$AX$2,COUNTIFS('List AC'!$AY:$AY,$C17)>0,'List AC'!$AY$2,COUNTIFS('List AC'!$AZ:$AZ,$C17)>0,'List AC'!$AZ$2,COUNTIFS('List AC'!$BA:$BA,$C17)>0,'List AC'!$BA$2,COUNTIFS('List AC'!$BB:$BB,$C17)>0,'List AC'!$BB$2,COUNTIFS('List AC'!$BC:$BC,$C17)>0,'List AC'!$BC$2,COUNTIFS('List AC'!$BD:$BD,$C17)>0,'List AC'!$BD$2),"")
A18: 46276 | B18: WG 08 | C18: PK-SGD | D18: NSAJ008206 | E18: REFF NSRDIL NSAJ017066 ARMREST SEAT 32F FOUND BROKEN | F18: CBM | G18: 46284 | H18: 46424 | I18: 1003636-001ACJ | J18: ESCUTCHEON-ARM | K18: WAITING PERFORM | L18: IU | M18: A320 | N18: CGK | O18: 46287 | P18: PLEASE INVESTIGATE AND RECTIFICATION. IF NEED SPARE PARTS, PLEASE CREATE RQ IN EMRO | Q18: CLOSED | R18: 46287 | S18: =IFNA(IFS(COUNTIFS('List AC'!$A:$A,$C18)>0,'List AC'!$A$2,COUNTIFS('List AC'!$B:$B,$C18)>0,'List AC'!$B$2,COUNTIFS('List AC'!$C:$C,$C18)>0,'List AC'!$C$2,COUNTIFS('List AC'!$D:$D,$C18)>0,'List AC'!$D$2,COUNTIFS('List AC'!$E:$E,$C18)>0,'List AC'!$E$2,COUNTIFS('List AC'!$F:$F,$C18)>0,'List AC'!$F$2,COUNTIFS('List AC'!$G:$G,$C18)>0,'List AC'!$G$2,COUNTIFS('List AC'!$H:$H,$C18)>0,'List AC'!$H$2,COUNTIFS('List AC'!$I:$I,$C18)>0,'List AC'!$I$2,COUNTIFS('List AC'!$J:$J,$C18)>0,'List AC'!$J$2,COUNTIFS('List AC'!$K:$K,$C18)>0,'List AC'!$K$2,COUNTIFS('List AC'!$L:$L,$C18)>0,'List AC'!$L$2,COUNTIFS('List AC'!$Q:$Q,$C18)>0,'List AC'!$Q$2,COUNTIFS('List AC'!$M:$M,$C18)>0,'List AC'!$M$2,COUNTIFS('List AC'!$N:$N,$C18)>0,'List AC'!$N$2,COUNTIFS('List AC'!$O:$O,$C18)>0,'List AC'!$O$2,COUNTIFS('List AC'!$P:$P,$C18)>0,'List AC'!$P$2,COUNTIFS('List AC'!$R:$R,$C18)>0,'List AC'!$R$2,COUNTIFS('List AC'!$S:$S,$C18)>0,'List AC'!$S$2,COUNTIFS('List AC'!$T:$T,$C18)>0,'List AC'!$T$2,COUNTIFS('List AC'!$U:$U,$C18)>0,'List AC'!$U$2,COUNTIFS('List AC'!$V:$V,$C18)>0,'List AC'!$V$2,COUNTIFS('List AC'!$W:$W,$C18)>0,'List AC'!$W$2,COUNTIFS('List AC'!$X:$X,$C18)>0,'List AC'!$X$2,COUNTIFS('List AC'!$Y:$Y,$C18)>0,'List AC'!$Y$2,COUNTIFS('List AC'!$Z:$Z,$C18)>0,'List AC'!$Z$2,COUNTIFS('List AC'!$AA:$AA,$C18)>0,'List AC'!$AA$2,COUNTIFS('List AC'!$AB:$AB,$C18)>0,'List AC'!$AB$2,COUNTIFS('List AC'!$AC:$AC,$C18)>0,'List AC'!$AC$2,COUNTIFS('List AC'!$AD:$AD,$C18)>0,'List AC'!$AD$2,COUNTIFS('List AC'!$AE:$AE,$C18)>0,'List AC'!$AE$2,COUNTIFS('List AC'!$AF:$AF,$C18)>0,'List AC'!$AF$2,COUNTIFS('List AC'!$AG:$AG,$C18)>0,'List AC'!$AG$2,COUNTIFS('List AC'!$AH:$AH,$C18)>0,'List AC'!$AH$2,COUNTIFS('List AC'!$AI:$AI,$C18)>0,'List AC'!$AI$2,COUNTIFS('List AC'!$AJ:$AJ,$C18)>0,'List AC'!$AJ$2,COUNTIFS('List AC'!$AK:$AK,$C18)>0,'List AC'!$AK$2,COUNTIFS('List AC'!$AL:$AL,$C18)>0,'List AC'!$AL$2,COUNTIFS('List AC'!$AM:$AM,$C18)>0,'List AC'!$AM$2,COUNTIFS('List AC'!$AN:$AN,$C18)>0,'List AC'!$AN$2,COUNTIFS('List AC'!$AO:$AO,$C18)>0,'List AC'!$AO$2,COUNTIFS('List AC'!$AP:$AP,$C18)>0,'List AC'!$AP$2,COUNTIFS('List AC'!$AQ:$AQ,$C18)>0,'List AC'!$AQ$2,COUNTIFS('List AC'!$AR:$AR,$C18)>0,'List AC'!$AR$2,COUNTIFS('List AC'!$AS:$AS,$C18)>0,'List AC'!$AS$2,COUNTIFS('List AC'!$AT:$AT,$C18)>0,'List AC'!$AT$2,COUNTIFS('List AC'!$AU:$AU,$C18)>0,'List AC'!$AU$2,COUNTIFS('List AC'!$AV:$AV,$C18)>0,'List AC'!$AV$2,COUNTIFS('List AC'!$AW:$AW,$C18)>0,'List AC'!$AW$2,COUNTIFS('List AC'!$AX:$AX,$C18)>0,'List AC'!$AX$2,COUNTIFS('List AC'!$AY:$AY,$C18)>0,'List AC'!$AY$2,COUNTIFS('List AC'!$AZ:$AZ,$C18)>0,'List AC'!$AZ$2,COUNTIFS('List AC'!$BA:$BA,$C18)>0,'List AC'!$BA$2,COUNTIFS('List AC'!$BB:$BB,$C18)>0,'List AC'!$BB$2,COUNTIFS('List AC'!$BC:$BC,$C18)>0,'List AC'!$BC$2,COUNTIFS('List AC'!$BD:$BD,$C18)>0,'List AC'!$BD$2),"")
A19: 46276 | B19: WG 08 | C19: PK-SGD | D19: NSAJ008207 | E19: WINDOW SHUTTER S/N 12 DEF MISSING | F19: CBM | G19: 46285 | H19: 46405 | I19: D2529185502200 | J19: SHADE ASSY-SINGLE WINDOW | K19: WAITING PERFORM | L19: IU | M19: A320 | N19: CGK | O19: 46287 | P19: PLEASE INVESTIGATE AND RECTIFICATION. IF NEED SPARE PARTS, PLEASE CREATE RQ IN EMRO | Q19: CLOSED | R19: 46287 | S19: =IFNA(IFS(COUNTIFS('List AC'!$A:$A,$C19)>0,'List AC'!$A$2,COUNTIFS('List AC'!$B:$B,$C19)>0,'List AC'!$B$2,COUNTIFS('List AC'!$C:$C,$C19)>0,'List AC'!$C$2,COUNTIFS('List AC'!$D:$D,$C19)>0,'List AC'!$D$2,COUNTIFS('List AC'!$E:$E,$C19)>0,'List AC'!$E$2,COUNTIFS('List AC'!$F:$F,$C19)>0,'List AC'!$F$2,COUNTIFS('List AC'!$G:$G,$C19)>0,'List AC'!$G$2,COUNTIFS('List AC'!$H:$H,$C19)>0,'List AC'!$H$2,COUNTIFS('List AC'!$I:$I,$C19)>0,'List AC'!$I$2,COUNTIFS('List AC'!$J:$J,$C19)>0,'List AC'!$J$2,COUNTIFS('List AC'!$K:$K,$C19)>0,'List AC'!$K$2,COUNTIFS('List AC'!$L:$L,$C19)>0,'List AC'!$L$2,COUNTIFS('List AC'!$Q:$Q,$C19)>0,'List AC'!$Q$2,COUNTIFS('List AC'!$M:$M,$C19)>0,'List AC'!$M$2,COUNTIFS('List AC'!$N:$N,$C19)>0,'List AC'!$N$2,COUNTIFS('List AC'!$O:$O,$C19)>0,'List AC'!$O$2,COUNTIFS('List AC'!$P:$P,$C19)>0,'List AC'!$P$2,COUNTIFS('List AC'!$R:$R,$C19)>0,'List AC'!$R$2,COUNTIFS('List AC'!$S:$S,$C19)>0,'List AC'!$S$2,COUNTIFS('List AC'!$T:$T,$C19)>0,'List AC'!$T$2,COUNTIFS('List AC'!$U:$U,$C19)>0,'List AC'!$U$2,COUNTIFS('List AC'!$V:$V,$C19)>0,'List AC'!$V$2,COUNTIFS('List AC'!$W:$W,$C19)>0,'List AC'!$W$2,COUNTIFS('List AC'!$X:$X,$C19)>0,'List AC'!$X$2,COUNTIFS('List AC'!$Y:$Y,$C19)>0,'List AC'!$Y$2,COUNTIFS('List AC'!$Z:$Z,$C19)>0,'List AC'!$Z$2,COUNTIFS('List AC'!$AA:$AA,$C19)>0,'List AC'!$AA$2,COUNTIFS('List AC'!$AB:$AB,$C19)>0,'List AC'!$AB$2,COUNTIFS('List AC'!$AC:$AC,$C19)>0,'List AC'!$AC$2,COUNTIFS('List AC'!$AD:$AD,$C19)>0,'List AC'!$AD$2,COUNTIFS('List AC'!$AE:$AE,$C19)>0,'List AC'!$AE$2,COUNTIFS('List AC'!$AF:$AF,$C19)>0,'List AC'!$AF$2,COUNTIFS('List AC'!$AG:$AG,$C19)>0,'List AC'!$AG$2,COUNTIFS('List AC'!$AH:$AH,$C19)>0,'List AC'!$AH$2,COUNTIFS('List AC'!$AI:$AI,$C19)>0,'List AC'!$AI$2,COUNTIFS('List AC'!$AJ:$AJ,$C19)>0,'List AC'!$AJ$2,COUNTIFS('List AC'!$AK:$AK,$C19)>0,'List AC'!$AK$2,COUNTIFS('List AC'!$AL:$AL,$C19)>0,'List AC'!$AL$2,COUNTIFS('List AC'!$AM:$AM,$C19)>0,'List AC'!$AM$2,COUNTIFS('List AC'!$AN:$AN,$C19)>0,'List AC'!$AN$2,COUNTIFS('List AC'!$AO:$AO,$C19)>0,'List AC'!$AO$2,COUNTIFS('List AC'!$AP:$AP,$C19)>0,'List AC'!$AP$2,COUNTIFS('List AC'!$AQ:$AQ,$C19)>0,'List AC'!$AQ$2,COUNTIFS('List AC'!$AR:$AR,$C19)>0,'List AC'!$AR$2,COUNTIFS('List AC'!$AS:$AS,$C19)>0,'List AC'!$AS$2,COUNTIFS('List AC'!$AT:$AT,$C19)>0,'List AC'!$AT$2,COUNTIFS('List AC'!$AU:$AU,$C19)>0,'List AC'!$AU$2,COUNTIFS('List AC'!$AV:$AV,$C19)>0,'List AC'!$AV$2,COUNTIFS('List AC'!$AW:$AW,$C19)>0,'List AC'!$AW$2,COUNTIFS('List AC'!$AX:$AX,$C19)>0,'List AC'!$AX$2,COUNTIFS('List AC'!$AY:$AY,$C19)>0,'List AC'!$AY$2,COUNTIFS('List AC'!$AZ:$AZ,$C19)>0,'List AC'!$AZ$2,COUNTIFS('List AC'!$BA:$BA,$C19)>0,'List AC'!$BA$2,COUNTIFS('List AC'!$BB:$BB,$C19)>0,'List AC'!$BB$2,COUNTIFS('List AC'!$BC:$BC,$C19)>0,'List AC'!$BC$2,COUNTIFS('List AC'!$BD:$BD,$C19)>0,'List AC'!$BD$2),"")
A20: 46280 | B20: WG 08 | C20: PK-SGD | D20: NSAJ017091 | E20: REFF FINDING SRV 14147, 14148 CURTAIN AT FWD GALLEY DIRTY & TORN | F20: CBM | K20: INVESTIGATE | L20: IU | M20: A320 | N20: CGK | O20: 46287 | P20: PLEASE INVESTIGATE AND RECTIFICATION. IF NEED SPARE PARTS, PLEASE CREATE RQ IN EMRO | Q20: CLOSED | R20: 46287 | S20: =IFNA(IFS(COUNTIFS('List AC'!$A:$A,$C20)>0,'List AC'!$A$2,COUNTIFS('List AC'!$B:$B,$C20)>0,'List AC'!$B$2,COUNTIFS('List AC'!$C:$C,$C20)>0,'List AC'!$C$2,COUNTIFS('List AC'!$D:$D,$C20)>0,'List AC'!$D$2,COUNTIFS('List AC'!$E:$E,$C20)>0,'List AC'!$E$2,COUNTIFS('List AC'!$F:$F,$C20)>0,'List AC'!$F$2,COUNTIFS('List AC'!$G:$G,$C20)>0,'List AC'!$G$2,COUNTIFS('List AC'!$H:$H,$C20)>0,'List AC'!$H$2,COUNTIFS('List AC'!$I:$I,$C20)>0,'List AC'!$I$2,COUNTIFS('List AC'!$J:$J,$C20)>0,'List AC'!$J$2,COUNTIFS('List AC'!$K:$K,$C20)>0,'List AC'!$K$2,COUNTIFS('List AC'!$L:$L,$C20)>0,'List AC'!$L$2,COUNTIFS('List AC'!$Q:$Q,$C20)>0,'List AC'!$Q$2,COUNTIFS('List AC'!$M:$M,$C20)>0,'List AC'!$M$2,COUNTIFS('List AC'!$N:$N,$C20)>0,'List AC'!$N$2,COUNTIFS('List AC'!$O:$O,$C20)>0,'List AC'!$O$2,COUNTIFS('List AC'!$P:$P,$C20)>0,'List AC'!$P$2,COUNTIFS('List AC'!$R:$R,$C20)>0,'List AC'!$R$2,COUNTIFS('List AC'!$S:$S,$C20)>0,'List AC'!$S$2,COUNTIFS('List AC'!$T:$T,$C20)>0,'List AC'!$T$2,COUNTIFS('List AC'!$U:$U,$C20)>0,'List AC'!$U$2,COUNTIFS('List AC'!$V:$V,$C20)>0,'List AC'!$V$2,COUNTIFS('List AC'!$W:$W,$C20)>0,'List AC'!$W$2,COUNTIFS('List AC'!$X:$X,$C20)>0,'List AC'!$X$2,COUNTIFS('List AC'!$Y:$Y,$C20)>0,'List AC'!$Y$2,COUNTIFS('List AC'!$Z:$Z,$C20)>0,'List AC'!$Z$2,COUNTIFS('List AC'!$AA:$AA,$C20)>0,'List AC'!$AA$2,COUNTIFS('List AC'!$AB:$AB,$C20)>0,'List AC'!$AB$2,COUNTIFS('List AC'!$AC:$AC,$C20)>0,'List AC'!$AC$2,COUNTIFS('List AC'!$AD:$AD,$C20)>0,'List AC'!$AD$2,COUNTIFS('List AC'!$AE:$AE,$C20)>0,'List AC'!$AE$2,COUNTIFS('List AC'!$AF:$AF,$C20)>0,'List AC'!$AF$2,COUNTIFS('List AC'!$AG:$AG,$C20)>0,'List AC'!$AG$2,COUNTIFS('List AC'!$AH:$AH,$C20)>0,'List AC'!$AH$2,COUNTIFS('List AC'!$AI:$AI,$C20)>0,'List AC'!$AI$2,COUNTIFS('List AC'!$AJ:$AJ,$C20)>0,'List AC'!$AJ$2,COUNTIFS('List AC'!$AK:$AK,$C20)>0,'List AC'!$AK$2,COUNTIFS('List AC'!$AL:$AL,$C20)>0,'List AC'!$AL$2,COUNTIFS('List AC'!$AM:$AM,$C20)>0,'List AC'!$AM$2,COUNTIFS('List AC'!$AN:$AN,$C20)>0,'List AC'!$AN$2,COUNTIFS('List AC'!$AO:$AO,$C20)>0,'List AC'!$AO$2,COUNTIFS('List AC'!$AP:$AP,$C20)>0,'List AC'!$AP$2,COUNTIFS('List AC'!$AQ:$AQ,$C20)>0,'List AC'!$AQ$2,COUNTIFS('List AC'!$AR:$AR,$C20)>0,'List AC'!$AR$2,COUNTIFS('List AC'!$AS:$AS,$C20)>0,'List AC'!$AS$2,COUNTIFS('List AC'!$AT:$AT,$C20)>0,'List AC'!$AT$2,COUNTIFS('List AC'!$AU:$AU,$C20)>0,'List AC'!$AU$2,COUNTIFS('List AC'!$AV:$AV,$C20)>0,'List AC'!$AV$2,COUNTIFS('List AC'!$AW:$AW,$C20)>0,'List AC'!$AW$2,COUNTIFS('List AC'!$AX:$AX,$C20)>0,'List AC'!$AX$2,COUNTIFS('List AC'!$AY:$AY,$C20)>0,'List AC'!$AY$2,COUNTIFS('List AC'!$AZ:$AZ,$C20)>0,'List AC'!$AZ$2,COUNTIFS('List AC'!$BA:$BA,$C20)>0,'List AC'!$BA$2,COUNTIFS('List AC'!$BB:$BB,$C20)>0,'List AC'!$BB$2,COUNTIFS('List AC'!$BC:$BC,$C20)>0,'List AC'!$BC$2,COUNTIFS('List AC'!$BD:$BD,$C20)>0,'List AC'!$BD$2),"")
A21: 46280 | B21: WG 08 | C21: PK-SGD | D21: NSAJ017094 | E21: WALPAPER SKIN AROUND FRAME WINDOW S/N 20F TEAR OFF | F21: CBM | G21: 46267 | K21: INVESTIGATE | L21: IU | M21: A320 | N21: CGK | O21: 46287 | P21: PLEASE INVESTIGATE AND RECTIFICATION. IF NEED SPARE PARTS, PLEASE CREATE RQ IN EMRO | Q21: CLOSED | R21: 46287 | S21: =IFNA(IFS(COUNTIFS('List AC'!$A:$A,$C21)>0,'List AC'!$A$2,COUNTIFS('List AC'!$B:$B,$C21)>0,'List AC'!$B$2,COUNTIFS('List AC'!$C:$C,$C21)>0,'List AC'!$C$2,COUNTIFS('List AC'!$D:$D,$C21)>0,'List AC'!$D$2,COUNTIFS('List AC'!$E:$E,$C21)>0,'List AC'!$E$2,COUNTIFS('List AC'!$F:$F,$C21)>0,'List AC'!$F$2,COUNTIFS('List AC'!$G:$G,$C21)>0,'List AC'!$G$2,COUNTIFS('List AC'!$H:$H,$C21)>0,'List AC'!$H$2,COUNTIFS('List AC'!$I:$I,$C21)>0,'List AC'!$I$2,COUNTIFS('List AC'!$J:$J,$C21)>0,'List AC'!$J$2,COUNTIFS('List AC'!$K:$K,$C21)>0,'List AC'!$K$2,COUNTIFS('List AC'!$L:$L,$C21)>0,'List AC'!$L$2,COUNTIFS('List AC'!$Q:$Q,$C21)>0,'List AC'!$Q$2,COUNTIFS('List AC'!$M:$M,$C21)>0,'List AC'!$M$2,COUNTIFS('List AC'!$N:$N,$C21)>0,'List AC'!$N$2,COUNTIFS('List AC'!$O:$O,$C21)>0,'List AC'!$O$2,COUNTIFS('List AC'!$P:$P,$C21)>0,'List AC'!$P$2,COUNTIFS('List AC'!$R:$R,$C21)>0,'List AC'!$R$2,COUNTIFS('List AC'!$S:$S,$C21)>0,'List AC'!$S$2,COUNTIFS('List AC'!$T:$T,$C21)>0,'List AC'!$T$2,COUNTIFS('List AC'!$U:$U,$C21)>0,'List AC'!$U$2,COUNTIFS('List AC'!$V:$V,$C21)>0,'List AC'!$V$2,COUNTIFS('List AC'!$W:$W,$C21)>0,'List AC'!$W$2,COUNTIFS('List AC'!$X:$X,$C21)>0,'List AC'!$X$2,COUNTIFS('List AC'!$Y:$Y,$C21)>0,'List AC'!$Y$2,COUNTIFS('List AC'!$Z:$Z,$C21)>0,'List AC'!$Z$2,COUNTIFS('List AC'!$AA:$AA,$C21)>0,'List AC'!$AA$2,COUNTIFS('List AC'!$AB:$AB,$C21)>0,'List AC'!$AB$2,COUNTIFS('List AC'!$AC:$AC,$C21)>0,'List AC'!$AC$2,COUNTIFS('List AC'!$AD:$AD,$C21)>0,'List AC'!$AD$2,COUNTIFS('List AC'!$AE:$AE,$C21)>0,'List AC'!$AE$2,COUNTIFS('List AC'!$AF:$AF,$C21)>0,'List AC'!$AF$2,COUNTIFS('List AC'!$AG:$AG,$C21)>0,'List AC'!$AG$2,COUNTIFS('List AC'!$AH:$AH,$C21)>0,'List AC'!$AH$2,COUNTIFS('List AC'!$AI:$AI,$C21)>0,'List AC'!$AI$2,COUNTIFS('List AC'!$AJ:$AJ,$C21)>0,'List AC'!$AJ$2,COUNTIFS('List AC'!$AK:$AK,$C21)>0,'List AC'!$AK$2,COUNTIFS('List AC'!$AL:$AL,$C21)>0,'List AC'!$AL$2,COUNTIFS('List AC'!$AM:$AM,$C21)>0,'List AC'!$AM$2,COUNTIFS('List AC'!$AN:$AN,$C21)>0,'List AC'!$AN$2,COUNTIFS('List AC'!$AO:$AO,$C21)>0,'List AC'!$AO$2,COUNTIFS('List AC'!$AP:$AP,$C21)>0,'List AC'!$AP$2,COUNTIFS('List AC'!$AQ:$AQ,$C21)>0,'List AC'!$AQ$2,COUNTIFS('List AC'!$AR:$AR,$C21)>0,'List AC'!$AR$2,COUNTIFS('List AC'!$AS:$AS,$C21)>0,'List AC'!$AS$2,COUNTIFS('List AC'!$AT:$AT,$C21)>0,'List AC'!$AT$2,COUNTIFS('List AC'!$AU:$AU,$C21)>0,'List AC'!$AU$2,COUNTIFS('List AC'!$AV:$AV,$C21)>0,'List AC'!$AV$2,COUNTIFS('List AC'!$AW:$AW,$C21)>0,'List AC'!$AW$2,COUNTIFS('List AC'!$AX:$AX,$C21)>0,'List AC'!$AX$2,COUNTIFS('List AC'!$AY:$AY,$C21)>0,'List AC'!$AY$2,COUNTIFS('List AC'!$AZ:$AZ,$C21)>0,'List AC'!$AZ$2,COUNTIFS('List AC'!$BA:$BA,$C21)>0,'List AC'!$BA$2,COUNTIFS('List AC'!$BB:$BB,$C21)>0,'List AC'!$BB$2,COUNTIFS('List AC'!$BC:$BC,$C21)>0,'List AC'!$BC$2,COUNTIFS('List AC'!$BD:$BD,$C21)>0,'List AC'!$BD$2),"")
A22: 46280 | B22: WG 08 | C22: PK-SGD | D22: NSAJ017095 | E22: REF FINDING NO. SRV10081SPRING SEATPOCKET 32A, 31CD, 30E, 25C, 20D, 15E, 11CD, 7D, 2EF BROKEN | F22: CBM | G22: 46267 | K22: INVESTIGATE | L22: IU | M22: A320 | N22: CGK | O22: 46287 | P22: PLEASE INVESTIGATE AND RECTIFICATION. IF NEED SPARE PARTS, PLEASE CREATE RQ IN EMRO | Q22: CLOSED | R22: 46287 | S22: =IFNA(IFS(COUNTIFS('List AC'!$A:$A,$C22)>0,'List AC'!$A$2,COUNTIFS('List AC'!$B:$B,$C22)>0,'List AC'!$B$2,COUNTIFS('List AC'!$C:$C,$C22)>0,'List AC'!$C$2,COUNTIFS('List AC'!$D:$D,$C22)>0,'List AC'!$D$2,COUNTIFS('List AC'!$E:$E,$C22)>0,'List AC'!$E$2,COUNTIFS('List AC'!$F:$F,$C22)>0,'List AC'!$F$2,COUNTIFS('List AC'!$G:$G,$C22)>0,'List AC'!$G$2,COUNTIFS('List AC'!$H:$H,$C22)>0,'List AC'!$H$2,COUNTIFS('List AC'!$I:$I,$C22)>0,'List AC'!$I$2,COUNTIFS('List AC'!$J:$J,$C22)>0,'List AC'!$J$2,COUNTIFS('List AC'!$K:$K,$C22)>0,'List AC'!$K$2,COUNTIFS('List AC'!$L:$L,$C22)>0,'List AC'!$L$2,COUNTIFS('List AC'!$Q:$Q,$C22)>0,'List AC'!$Q$2,COUNTIFS('List AC'!$M:$M,$C22)>0,'List AC'!$M$2,COUNTIFS('List AC'!$N:$N,$C22)>0,'List AC'!$N$2,COUNTIFS('List AC'!$O:$O,$C22)>0,'List AC'!$O$2,COUNTIFS('List AC'!$P:$P,$C22)>0,'List AC'!$P$2,COUNTIFS('List AC'!$R:$R,$C22)>0,'List AC'!$R$2,COUNTIFS('List AC'!$S:$S,$C22)>0,'List AC'!$S$2,COUNTIFS('List AC'!$T:$T,$C22)>0,'List AC'!$T$2,COUNTIFS('List AC'!$U:$U,$C22)>0,'List AC'!$U$2,COUNTIFS('List AC'!$V:$V,$C22)>0,'List AC'!$V$2,COUNTIFS('List AC'!$W:$W,$C22)>0,'List AC'!$W$2,COUNTIFS('List AC'!$X:$X,$C22)>0,'List AC'!$X$2,COUNTIFS('List AC'!$Y:$Y,$C22)>0,'List AC'!$Y$2,COUNTIFS('List AC'!$Z:$Z,$C22)>0,'List AC'!$Z$2,COUNTIFS('List AC'!$AA:$AA,$C22)>0,'List AC'!$AA$2,COUNTIFS('List AC'!$AB:$AB,$C22)>0,'List AC'!$AB$2,COUNTIFS('List AC'!$AC:$AC,$C22)>0,'List AC'!$AC$2,COUNTIFS('List AC'!$AD:$AD,$C22)>0,'List AC'!$AD$2,COUNTIFS('List AC'!$AE:$AE,$C22)>0,'List AC'!$AE$2,COUNTIFS('List AC'!$AF:$AF,$C22)>0,'List AC'!$AF$2,COUNTIFS('List AC'!$AG:$AG,$C22)>0,'List AC'!$AG$2,COUNTIFS('List AC'!$AH:$AH,$C22)>0,'List AC'!$AH$2,COUNTIFS('List AC'!$AI:$AI,$C22)>0,'List AC'!$AI$2,COUNTIFS('List AC'!$AJ:$AJ,$C22)>0,'List AC'!$AJ$2,COUNTIFS('List AC'!$AK:$AK,$C22)>0,'List AC'!$AK$2,COUNTIFS('List AC'!$AL:$AL,$C22)>0,'List AC'!$AL$2,COUNTIFS('List AC'!$AM:$AM,$C22)>0,'List AC'!$AM$2,COUNTIFS('List AC'!$AN:$AN,$C22)>0,'List AC'!$AN$2,COUNTIFS('List AC'!$AO:$AO,$C22)>0,'List AC'!$AO$2,COUNTIFS('List AC'!$AP:$AP,$C22)>0,'List AC'!$AP$2,COUNTIFS('List AC'!$AQ:$AQ,$C22)>0,'List AC'!$AQ$2,COUNTIFS('List AC'!$AR:$AR,$C22)>0,'List AC'!$AR$2,COUNTIFS('List AC'!$AS:$AS,$C22)>0,'List AC'!$AS$2,COUNTIFS('List AC'!$AT:$AT,$C22)>0,'List AC'!$AT$2,COUNTIFS('List AC'!$AU:$AU,$C22)>0,'List AC'!$AU$2,COUNTIFS('List AC'!$AV:$AV,$C22)>0,'List AC'!$AV$2,COUNTIFS('List AC'!$AW:$AW,$C22)>0,'List AC'!$AW$2,COUNTIFS('List AC'!$AX:$AX,$C22)>0,'List AC'!$AX$2,COUNTIFS('List AC'!$AY:$AY,$C22)>0,'List AC'!$AY$2,COUNTIFS('List AC'!$AZ:$AZ,$C22)>0,'List AC'!$AZ$2,COUNTIFS('List AC'!$BA:$BA,$C22)>0,'List AC'!$BA$2,COUNTIFS('List AC'!$BB:$BB,$C22)>0,'List AC'!$BB$2,COUNTIFS('List AC'!$BC:$BC,$C22)>0,'List AC'!$BC$2,COUNTIFS('List AC'!$BD:$BD,$C22)>0,'List AC'!$BD$2),"")
A23: 46280 | B23: WG 08 | C23: PK-SGD | D23: NSAJ017096 | E23: REF FINDING NO. SRV 10843TRIM HEADRACK 3DEF BAD CONDITION | F23: CBM | G23: 46267 | K23: INVESTIGATE | L23: IU | M23: A320 | N23: CGK | O23: 46287 | Q23: CLOSED | R23: 46287 | S23: =IFNA(IFS(COUNTIFS('List AC'!$A:$A,$C23)>0,'List AC'!$A$2,COUNTIFS('List AC'!$B:$B,$C23)>0,'List AC'!$B$2,COUNTIFS('List AC'!$C:$C,$C23)>0,'List AC'!$C$2,COUNTIFS('List AC'!$D:$D,$C23)>0,'List AC'!$D$2,COUNTIFS('List AC'!$E:$E,$C23)>0,'List AC'!$E$2,COUNTIFS('List AC'!$F:$F,$C23)>0,'List AC'!$F$2,COUNTIFS('List AC'!$G:$G,$C23)>0,'List AC'!$G$2,COUNTIFS('List AC'!$H:$H,$C23)>0,'List AC'!$H$2,COUNTIFS('List AC'!$I:$I,$C23)>0,'List AC'!$I$2,COUNTIFS('List AC'!$J:$J,$C23)>0,'List AC'!$J$2,COUNTIFS('List AC'!$K:$K,$C23)>0,'List AC'!$K$2,COUNTIFS('List AC'!$L:$L,$C23)>0,'List AC'!$L$2,COUNTIFS('List AC'!$Q:$Q,$C23)>0,'List AC'!$Q$2,COUNTIFS('List AC'!$M:$M,$C23)>0,'List AC'!$M$2,COUNTIFS('List AC'!$N:$N,$C23)>0,'List AC'!$N$2,COUNTIFS('List AC'!$O:$O,$C23)>0,'List AC'!$O$2,COUNTIFS('List AC'!$P:$P,$C23)>0,'List AC'!$P$2,COUNTIFS('List AC'!$R:$R,$C23)>0,'List AC'!$R$2,COUNTIFS('List AC'!$S:$S,$C23)>0,'List AC'!$S$2,COUNTIFS('List AC'!$T:$T,$C23)>0,'List AC'!$T$2,COUNTIFS('List AC'!$U:$U,$C23)>0,'List AC'!$U$2,COUNTIFS('List AC'!$V:$V,$C23)>0,'List AC'!$V$2,COUNTIFS('List AC'!$W:$W,$C23)>0,'List AC'!$W$2,COUNTIFS('List AC'!$X:$X,$C23)>0,'List AC'!$X$2,COUNTIFS('List AC'!$Y:$Y,$C23)>0,'List AC'!$Y$2,COUNTIFS('List AC'!$Z:$Z,$C23)>0,'List AC'!$Z$2,COUNTIFS('List AC'!$AA:$AA,$C23)>0,'List AC'!$AA$2,COUNTIFS('List AC'!$AB:$AB,$C23)>0,'List AC'!$AB$2,COUNTIFS('List AC'!$AC:$AC,$C23)>0,'List AC'!$AC$2,COUNTIFS('List AC'!$AD:$AD,$C23)>0,'List AC'!$AD$2,COUNTIFS('List AC'!$AE:$AE,$C23)>0,'List AC'!$AE$2,COUNTIFS('List AC'!$AF:$AF,$C23)>0,'List AC'!$AF$2,COUNTIFS('List AC'!$AG:$AG,$C23)>0,'List AC'!$AG$2,COUNTIFS('List AC'!$AH:$AH,$C23)>0,'List AC'!$AH$2,COUNTIFS('List AC'!$AI:$AI,$C23)>0,'List AC'!$AI$2,COUNTIFS('List AC'!$AJ:$AJ,$C23)>0,'List AC'!$AJ$2,COUNTIFS('List AC'!$AK:$AK,$C23)>0,'List AC'!$AK$2,COUNTIFS('List AC'!$AL:$AL,$C23)>0,'List AC'!$AL$2,COUNTIFS('List AC'!$AM:$AM,$C23)>0,'List AC'!$AM$2,COUNTIFS('List AC'!$AN:$AN,$C23)>0,'List AC'!$AN$2,COUNTIFS('List AC'!$AO:$AO,$C23)>0,'List AC'!$AO$2,COUNTIFS('List AC'!$AP:$AP,$C23)>0,'List AC'!$AP$2,COUNTIFS('List AC'!$AQ:$AQ,$C23)>0,'List AC'!$AQ$2,COUNTIFS('List AC'!$AR:$AR,$C23)>0,'List AC'!$AR$2,COUNTIFS('List AC'!$AS:$AS,$C23)>0,'List AC'!$AS$2,COUNTIFS('List AC'!$AT:$AT,$C23)>0,'List AC'!$AT$2,COUNTIFS('List AC'!$AU:$AU,$C23)>0,'List AC'!$AU$2,COUNTIFS('List AC'!$AV:$AV,$C23)>0,'List AC'!$AV$2,COUNTIFS('List AC'!$AW:$AW,$C23)>0,'List AC'!$AW$2,COUNTIFS('List AC'!$AX:$AX,$C23)>0,'List AC'!$AX$2,COUNTIFS('List AC'!$AY:$AY,$C23)>0,'List AC'!$AY$2,COUNTIFS('List AC'!$AZ:$AZ,$C23)>0,'List AC'!$AZ$2,COUNTIFS('List AC'!$BA:$BA,$C23)>0,'List AC'!$BA$2,COUNTIFS('List AC'!$BB:$BB,$C23)>0,'List AC'!$BB$2,COUNTIFS('List AC'!$BC:$BC,$C23)>0,'List AC'!$BC$2,COUNTIFS('List AC'!$BD:$BD,$C23)>0,'List AC'!$BD$2),"")
A24: 46276 | B24: WG 08 | C24: PK-SGD | D24: NSAJ017098 | E24: TOGGLE WATER HEATER AT LAV A NOT AVAILABLE | F24: CBM | G24: 46271 | H24: 46391 | K24: INVESTIGATE | L24: IU | M24: A320 | N24: CGK | O24: 46287 | P24: PLEASE INVESTIGATE AND RECTIFICATION. IF NEED SPARE PARTS, PLEASE CREATE RQ IN EMRO | Q24: CLOSED | R24: 46287 | S24: =IFNA(IFS(COUNTIFS('List AC'!$A:$A,$C24)>0,'List AC'!$A$2,COUNTIFS('List AC'!$B:$B,$C24)>0,'List AC'!$B$2,COUNTIFS('List AC'!$C:$C,$C24)>0,'List AC'!$C$2,COUNTIFS('List AC'!$D:$D,$C24)>0,'List AC'!$D$2,COUNTIFS('List AC'!$E:$E,$C24)>0,'List AC'!$E$2,COUNTIFS('List AC'!$F:$F,$C24)>0,'List AC'!$F$2,COUNTIFS('List AC'!$G:$G,$C24)>0,'List AC'!$G$2,COUNTIFS('List AC'!$H:$H,$C24)>0,'List AC'!$H$2,COUNTIFS('List AC'!$I:$I,$C24)>0,'List AC'!$I$2,COUNTIFS('List AC'!$J:$J,$C24)>0,'List AC'!$J$2,COUNTIFS('List AC'!$K:$K,$C24)>0,'List AC'!$K$2,COUNTIFS('List AC'!$L:$L,$C24)>0,'List AC'!$L$2,COUNTIFS('List AC'!$Q:$Q,$C24)>0,'List AC'!$Q$2,COUNTIFS('List AC'!$M:$M,$C24)>0,'List AC'!$M$2,COUNTIFS('List AC'!$N:$N,$C24)>0,'List AC'!$N$2,COUNTIFS('List AC'!$O:$O,$C24)>0,'List AC'!$O$2,COUNTIFS('List AC'!$P:$P,$C24)>0,'List AC'!$P$2,COUNTIFS('List AC'!$R:$R,$C24)>0,'List AC'!$R$2,COUNTIFS('List AC'!$S:$S,$C24)>0,'List AC'!$S$2,COUNTIFS('List AC'!$T:$T,$C24)>0,'List AC'!$T$2,COUNTIFS('List AC'!$U:$U,$C24)>0,'List AC'!$U$2,COUNTIFS('List AC'!$V:$V,$C24)>0,'List AC'!$V$2,COUNTIFS('List AC'!$W:$W,$C24)>0,'List AC'!$W$2,COUNTIFS('List AC'!$X:$X,$C24)>0,'List AC'!$X$2,COUNTIFS('List AC'!$Y:$Y,$C24)>0,'List AC'!$Y$2,COUNTIFS('List AC'!$Z:$Z,$C24)>0,'List AC'!$Z$2,COUNTIFS('List AC'!$AA:$AA,$C24)>0,'List AC'!$AA$2,COUNTIFS('List AC'!$AB:$AB,$C24)>0,'List AC'!$AB$2,COUNTIFS('List AC'!$AC:$AC,$C24)>0,'List AC'!$AC$2,COUNTIFS('List AC'!$AD:$AD,$C24)>0,'List AC'!$AD$2,COUNTIFS('List AC'!$AE:$AE,$C24)>0,'List AC'!$AE$2,COUNTIFS('List AC'!$AF:$AF,$C24)>0,'List AC'!$AF$2,COUNTIFS('List AC'!$AG:$AG,$C24)>0,'List AC'!$AG$2,COUNTIFS('List AC'!$AH:$AH,$C24)>0,'List AC'!$AH$2,COUNTIFS('List AC'!$AI:$AI,$C24)>0,'List AC'!$AI$2,COUNTIFS('List AC'!$AJ:$AJ,$C24)>0,'List AC'!$AJ$2,COUNTIFS('List AC'!$AK:$AK,$C24)>0,'List AC'!$AK$2,COUNTIFS('List AC'!$AL:$AL,$C24)>0,'List AC'!$AL$2,COUNTIFS('List AC'!$AM:$AM,$C24)>0,'List AC'!$AM$2,COUNTIFS('List AC'!$AN:$AN,$C24)>0,'List AC'!$AN$2,COUNTIFS('List AC'!$AO:$AO,$C24)>0,'List AC'!$AO$2,COUNTIFS('List AC'!$AP:$AP,$C24)>0,'List AC'!$AP$2,COUNTIFS('List AC'!$AQ:$AQ,$C24)>0,'List AC'!$AQ$2,COUNTIFS('List AC'!$AR:$AR,$C24)>0,'List AC'!$AR$2,COUNTIFS('List AC'!$AS:$AS,$C24)>0,'List AC'!$AS$2,COUNTIFS('List AC'!$AT:$AT,$C24)>0,'List AC'!$AT$2,COUNTIFS('List AC'!$AU:$AU,$C24)>0,'List AC'!$AU$2,COUNTIFS('List AC'!$AV:$AV,$C24)>0,'List AC'!$AV$2,COUNTIFS('List AC'!$AW:$AW,$C24)>0,'List AC'!$AW$2,COUNTIFS('List AC'!$AX:$AX,$C24)>0,'List AC'!$AX$2,COUNTIFS('List AC'!$AY:$AY,$C24)>0,'List AC'!$AY$2,COUNTIFS('List AC'!$AZ:$AZ,$C24)>0,'List AC'!$AZ$2,COUNTIFS('List AC'!$BA:$BA,$C24)>0,'List AC'!$BA$2,COUNTIFS('List AC'!$BB:$BB,$C24)>0,'List AC'!$BB$2,COUNTIFS('List AC'!$BC:$BC,$C24)>0,'List AC'!$BC$2,COUNTIFS('List AC'!$BD:$BD,$C24)>0,'List AC'!$BD$2),"")
A25: 46283 | B25: WG 08 | C25: PK-SJG | D25: NSAJ022548 | E25: WINDOW FRME SEAT 15A CRACK | F25: CBM | G25: 46281 | H25: 46401 | I25: D2529354800200 | J25: FRAME ASSY-DECOR | K25: WAITING PERFORM | L25: IU | M25: A320 | N25: CGK | O25: 46287 | P25: TO.2610463 | Q25: OPEN | S25: =IFNA(IFS(COUNTIFS('List AC'!$A:$A,$C25)>0,'List AC'!$A$2,COUNTIFS('List AC'!$B:$B,$C25)>0,'List AC'!$B$2,COUNTIFS('List AC'!$C:$C,$C25)>0,'List AC'!$C$2,COUNTIFS('List AC'!$D:$D,$C25)>0,'List AC'!$D$2,COUNTIFS('List AC'!$E:$E,$C25)>0,'List AC'!$E$2,COUNTIFS('List AC'!$F:$F,$C25)>0,'List AC'!$F$2,COUNTIFS('List AC'!$G:$G,$C25)>0,'List AC'!$G$2,COUNTIFS('List AC'!$H:$H,$C25)>0,'List AC'!$H$2,COUNTIFS('List AC'!$I:$I,$C25)>0,'List AC'!$I$2,COUNTIFS('List AC'!$J:$J,$C25)>0,'List AC'!$J$2,COUNTIFS('List AC'!$K:$K,$C25)>0,'List AC'!$K$2,COUNTIFS('List AC'!$L:$L,$C25)>0,'List AC'!$L$2,COUNTIFS('List AC'!$Q:$Q,$C25)>0,'List AC'!$Q$2,COUNTIFS('List AC'!$M:$M,$C25)>0,'List AC'!$M$2,COUNTIFS('List AC'!$N:$N,$C25)>0,'List AC'!$N$2,COUNTIFS('List AC'!$O:$O,$C25)>0,'List AC'!$O$2,COUNTIFS('List AC'!$P:$P,$C25)>0,'List AC'!$P$2,COUNTIFS('List AC'!$R:$R,$C25)>0,'List AC'!$R$2,COUNTIFS('List AC'!$S:$S,$C25)>0,'List AC'!$S$2,COUNTIFS('List AC'!$T:$T,$C25)>0,'List AC'!$T$2,COUNTIFS('List AC'!$U:$U,$C25)>0,'List AC'!$U$2,COUNTIFS('List AC'!$V:$V,$C25)>0,'List AC'!$V$2,COUNTIFS('List AC'!$W:$W,$C25)>0,'List AC'!$W$2,COUNTIFS('List AC'!$X:$X,$C25)>0,'List AC'!$X$2,COUNTIFS('List AC'!$Y:$Y,$C25)>0,'List AC'!$Y$2,COUNTIFS('List AC'!$Z:$Z,$C25)>0,'List AC'!$Z$2,COUNTIFS('List AC'!$AA:$AA,$C25)>0,'List AC'!$AA$2,COUNTIFS('List AC'!$AB:$AB,$C25)>0,'List AC'!$AB$2,COUNTIFS('List AC'!$AC:$AC,$C25)>0,'List AC'!$AC$2,COUNTIFS('List AC'!$AD:$AD,$C25)>0,'List AC'!$AD$2,COUNTIFS('List AC'!$AE:$AE,$C25)>0,'List AC'!$AE$2,COUNTIFS('List AC'!$AF:$AF,$C25)>0,'List AC'!$AF$2,COUNTIFS('List AC'!$AG:$AG,$C25)>0,'List AC'!$AG$2,COUNTIFS('List AC'!$AH:$AH,$C25)>0,'List AC'!$AH$2,COUNTIFS('List AC'!$AI:$AI,$C25)>0,'List AC'!$AI$2,COUNTIFS('List AC'!$AJ:$AJ,$C25)>0,'List AC'!$AJ$2,COUNTIFS('List AC'!$AK:$AK,$C25)>0,'List AC'!$AK$2,COUNTIFS('List AC'!$AL:$AL,$C25)>0,'List AC'!$AL$2,COUNTIFS('List AC'!$AM:$AM,$C25)>0,'List AC'!$AM$2,COUNTIFS('List AC'!$AN:$AN,$C25)>0,'List AC'!$AN$2,COUNTIFS('List AC'!$AO:$AO,$C25)>0,'List AC'!$AO$2,COUNTIFS('List AC'!$AP:$AP,$C25)>0,'List AC'!$AP$2,COUNTIFS('List AC'!$AQ:$AQ,$C25)>0,'List AC'!$AQ$2,COUNTIFS('List AC'!$AR:$AR,$C25)>0,'List AC'!$AR$2,COUNTIFS('List AC'!$AS:$AS,$C25)>0,'List AC'!$AS$2,COUNTIFS('List AC'!$AT:$AT,$C25)>0,'List AC'!$AT$2,COUNTIFS('List AC'!$AU:$AU,$C25)>0,'List AC'!$AU$2,COUNTIFS('List AC'!$AV:$AV,$C25)>0,'List AC'!$AV$2,COUNTIFS('List AC'!$AW:$AW,$C25)>0,'List AC'!$AW$2,COUNTIFS('List AC'!$AX:$AX,$C25)>0,'List AC'!$AX$2,COUNTIFS('List AC'!$AY:$AY,$C25)>0,'List AC'!$AY$2,COUNTIFS('List AC'!$AZ:$AZ,$C25)>0,'List AC'!$AZ$2,COUNTIFS('List AC'!$BA:$BA,$C25)>0,'List AC'!$BA$2,COUNTIFS('List AC'!$BB:$BB,$C25)>0,'List AC'!$BB$2,COUNTIFS('List AC'!$BC:$BC,$C25)>0,'List AC'!$BC$2,COUNTIFS('List AC'!$BD:$BD,$C25)>0,'List AC'!$BD$2),"") | T25: A/C NOT RON WITH PLAN DJA | U25: IRR
A26: 46283 | B26: WG 09 | C26: PK-SJW | D26: S117403 | E26: COVER UNDER ARMREST SEAT NO.1C NOT PROPERLY | F26: CBM | G26: 46280 | H26: 46280 | K26: INVESTIGATE | L26: IU | M26: A320 | N26: PLM | O26: 46287 | P26: PLEASE INVESTIGATE AND RECTIFICATION. IF NEED SPARE PARTS, PLEASE CREATE RQ IN EMRO | Q26: OPEN | S26: =IFNA(IFS(COUNTIFS('List AC'!$A:$A,$C26)>0,'List AC'!$A$2,COUNTIFS('List AC'!$B:$B,$C26)>0,'List AC'!$B$2,COUNTIFS('List AC'!$C:$C,$C26)>0,'List AC'!$C$2,COUNTIFS('List AC'!$D:$D,$C26)>0,'List AC'!$D$2,COUNTIFS('List AC'!$E:$E,$C26)>0,'List AC'!$E$2,COUNTIFS('List AC'!$F:$F,$C26)>0,'List AC'!$F$2,COUNTIFS('List AC'!$G:$G,$C26)>0,'List AC'!$G$2,COUNTIFS('List AC'!$H:$H,$C26)>0,'List AC'!$H$2,COUNTIFS('List AC'!$I:$I,$C26)>0,'List AC'!$I$2,COUNTIFS('List AC'!$J:$J,$C26)>0,'List AC'!$J$2,COUNTIFS('List AC'!$K:$K,$C26)>0,'List AC'!$K$2,COUNTIFS('List AC'!$L:$L,$C26)>0,'List AC'!$L$2,COUNTIFS('List AC'!$Q:$Q,$C26)>0,'List AC'!$Q$2,COUNTIFS('List AC'!$M:$M,$C26)>0,'List AC'!$M$2,COUNTIFS('List AC'!$N:$N,$C26)>0,'List AC'!$N$2,COUNTIFS('List AC'!$O:$O,$C26)>0,'List AC'!$O$2,COUNTIFS('List AC'!$P:$P,$C26)>0,'List AC'!$P$2,COUNTIFS('List AC'!$R:$R,$C26)>0,'List AC'!$R$2,COUNTIFS('List AC'!$S:$S,$C26)>0,'List AC'!$S$2,COUNTIFS('List AC'!$T:$T,$C26)>0,'List AC'!$T$2,COUNTIFS('List AC'!$U:$U,$C26)>0,'List AC'!$U$2,COUNTIFS('List AC'!$V:$V,$C26)>0,'List AC'!$V$2,COUNTIFS('List AC'!$W:$W,$C26)>0,'List AC'!$W$2,COUNTIFS('List AC'!$X:$X,$C26)>0,'List AC'!$X$2,COUNTIFS('List AC'!$Y:$Y,$C26)>0,'List AC'!$Y$2,COUNTIFS('List AC'!$Z:$Z,$C26)>0,'List AC'!$Z$2,COUNTIFS('List AC'!$AA:$AA,$C26)>0,'List AC'!$AA$2,COUNTIFS('List AC'!$AB:$AB,$C26)>0,'List AC'!$AB$2,COUNTIFS('List AC'!$AC:$AC,$C26)>0,'List AC'!$AC$2,COUNTIFS('List AC'!$AD:$AD,$C26)>0,'List AC'!$AD$2,COUNTIFS('List AC'!$AE:$AE,$C26)>0,'List AC'!$AE$2,COUNTIFS('List AC'!$AF:$AF,$C26)>0,'List AC'!$AF$2,COUNTIFS('List AC'!$AG:$AG,$C26)>0,'List AC'!$AG$2,COUNTIFS('List AC'!$AH:$AH,$C26)>0,'List AC'!$AH$2,COUNTIFS('List AC'!$AI:$AI,$C26)>0,'List AC'!$AI$2,COUNTIFS('List AC'!$AJ:$AJ,$C26)>0,'List AC'!$AJ$2,COUNTIFS('List AC'!$AK:$AK,$C26)>0,'List AC'!$AK$2,COUNTIFS('List AC'!$AL:$AL,$C26)>0,'List AC'!$AL$2,COUNTIFS('List AC'!$AM:$AM,$C26)>0,'List AC'!$AM$2,COUNTIFS('List AC'!$AN:$AN,$C26)>0,'List AC'!$AN$2,COUNTIFS('List AC'!$AO:$AO,$C26)>0,'List AC'!$AO$2,COUNTIFS('List AC'!$AP:$AP,$C26)>0,'List AC'!$AP$2,COUNTIFS('List AC'!$AQ:$AQ,$C26)>0,'List AC'!$AQ$2,COUNTIFS('List AC'!$AR:$AR,$C26)>0,'List AC'!$AR$2,COUNTIFS('List AC'!$AS:$AS,$C26)>0,'List AC'!$AS$2,COUNTIFS('List AC'!$AT:$AT,$C26)>0,'List AC'!$AT$2,COUNTIFS('List AC'!$AU:$AU,$C26)>0,'List AC'!$AU$2,COUNTIFS('List AC'!$AV:$AV,$C26)>0,'List AC'!$AV$2,COUNTIFS('List AC'!$AW:$AW,$C26)>0,'List AC'!$AW$2,COUNTIFS('List AC'!$AX:$AX,$C26)>0,'List AC'!$AX$2,COUNTIFS('List AC'!$AY:$AY,$C26)>0,'List AC'!$AY$2,COUNTIFS('List AC'!$AZ:$AZ,$C26)>0,'List AC'!$AZ$2,COUNTIFS('List AC'!$BA:$BA,$C26)>0,'List AC'!$BA$2,COUNTIFS('List AC'!$BB:$BB,$C26)>0,'List AC'!$BB$2,COUNTIFS('List AC'!$BC:$BC,$C26)>0,'List AC'!$BC$2,COUNTIFS('List AC'!$BD:$BD,$C26)>0,'List AC'!$BD$2),"") | T26: A/C NOT RON WITH PLAN DJA | U26: IRR
A27: 46276 | B27: WG 09 | C27: PK-STG | D27: NSAJ001430 | E27: COMPARTMENT FA3 BROKEN | F27: CBM | G27: 46284 | H27: 10959 | K27: WAITING PERFORM | L27: IU | M27: A320 | N27: PLM | O27: 46287 | P27: PLEASE INVESTIGATE AND RECTIFICATION. IF NEED SPARE PARTS, PLEASE CREATE RQ IN EMRO | Q27: CLOSED | R27: 46287 | S27: =IFNA(IFS(COUNTIFS('List AC'!$A:$A,$C27)>0,'List AC'!$A$2,COUNTIFS('List AC'!$B:$B,$C27)>0,'List AC'!$B$2,COUNTIFS('List AC'!$C:$C,$C27)>0,'List AC'!$C$2,COUNTIFS('List AC'!$D:$D,$C27)>0,'List AC'!$D$2,COUNTIFS('List AC'!$E:$E,$C27)>0,'List AC'!$E$2,COUNTIFS('List AC'!$F:$F,$C27)>0,'List AC'!$F$2,COUNTIFS('List AC'!$G:$G,$C27)>0,'List AC'!$G$2,COUNTIFS('List AC'!$H:$H,$C27)>0,'List AC'!$H$2,COUNTIFS('List AC'!$I:$I,$C27)>0,'List AC'!$I$2,COUNTIFS('List AC'!$J:$J,$C27)>0,'List AC'!$J$2,COUNTIFS('List AC'!$K:$K,$C27)>0,'List AC'!$K$2,COUNTIFS('List AC'!$L:$L,$C27)>0,'List AC'!$L$2,COUNTIFS('List AC'!$Q:$Q,$C27)>0,'List AC'!$Q$2,COUNTIFS('List AC'!$M:$M,$C27)>0,'List AC'!$M$2,COUNTIFS('List AC'!$N:$N,$C27)>0,'List AC'!$N$2,COUNTIFS('List AC'!$O:$O,$C27)>0,'List AC'!$O$2,COUNTIFS('List AC'!$P:$P,$C27)>0,'List AC'!$P$2,COUNTIFS('List AC'!$R:$R,$C27)>0,'List AC'!$R$2,COUNTIFS('List AC'!$S:$S,$C27)>0,'List AC'!$S$2,COUNTIFS('List AC'!$T:$T,$C27)>0,'List AC'!$T$2,COUNTIFS('List AC'!$U:$U,$C27)>0,'List AC'!$U$2,COUNTIFS('List AC'!$V:$V,$C27)>0,'List AC'!$V$2,COUNTIFS('List AC'!$W:$W,$C27)>0,'List AC'!$W$2,COUNTIFS('List AC'!$X:$X,$C27)>0,'List AC'!$X$2,COUNTIFS('List AC'!$Y:$Y,$C27)>0,'List AC'!$Y$2,COUNTIFS('List AC'!$Z:$Z,$C27)>0,'List AC'!$Z$2,COUNTIFS('List AC'!$AA:$AA,$C27)>0,'List AC'!$AA$2,COUNTIFS('List AC'!$AB:$AB,$C27)>0,'List AC'!$AB$2,COUNTIFS('List AC'!$AC:$AC,$C27)>0,'List AC'!$AC$2,COUNTIFS('List AC'!$AD:$AD,$C27)>0,'List AC'!$AD$2,COUNTIFS('List AC'!$AE:$AE,$C27)>0,'List AC'!$AE$2,COUNTIFS('List AC'!$AF:$AF,$C27)>0,'List AC'!$AF$2,COUNTIFS('List AC'!$AG:$AG,$C27)>0,'List AC'!$AG$2,COUNTIFS('List AC'!$AH:$AH,$C27)>0,'List AC'!$AH$2,COUNTIFS('List AC'!$AI:$AI,$C27)>0,'List AC'!$AI$2,COUNTIFS('List AC'!$AJ:$AJ,$C27)>0,'List AC'!$AJ$2,COUNTIFS('List AC'!$AK:$AK,$C27)>0,'List AC'!$AK$2,COUNTIFS('List AC'!$AL:$AL,$C27)>0,'List AC'!$AL$2,COUNTIFS('List AC'!$AM:$AM,$C27)>0,'List AC'!$AM$2,COUNTIFS('List AC'!$AN:$AN,$C27)>0,'List AC'!$AN$2,COUNTIFS('List AC'!$AO:$AO,$C27)>0,'List AC'!$AO$2,COUNTIFS('List AC'!$AP:$AP,$C27)>0,'List AC'!$AP$2,COUNTIFS('List AC'!$AQ:$AQ,$C27)>0,'List AC'!$AQ$2,COUNTIFS('List AC'!$AR:$AR,$C27)>0,'List AC'!$AR$2,COUNTIFS('List AC'!$AS:$AS,$C27)>0,'List AC'!$AS$2,COUNTIFS('List AC'!$AT:$AT,$C27)>0,'List AC'!$AT$2,COUNTIFS('List AC'!$AU:$AU,$C27)>0,'List AC'!$AU$2,COUNTIFS('List AC'!$AV:$AV,$C27)>0,'List AC'!$AV$2,COUNTIFS('List AC'!$AW:$AW,$C27)>0,'List AC'!$AW$2,COUNTIFS('List AC'!$AX:$AX,$C27)>0,'List AC'!$AX$2,COUNTIFS('List AC'!$AY:$AY,$C27)>0,'List AC'!$AY$2,COUNTIFS('List AC'!$AZ:$AZ,$C27)>0,'List AC'!$AZ$2,COUNTIFS('List AC'!$BA:$BA,$C27)>0,'List AC'!$BA$2,COUNTIFS('List AC'!$BB:$BB,$C27)>0,'List AC'!$BB$2,COUNTIFS('List AC'!$BC:$BC,$C27)>0,'List AC'!$BC$2,COUNTIFS('List AC'!$BD:$BD,$C27)>0,'List AC'!$BD$2),"")
A28: 46283 | B28: WG 06 | C28: PK-LUP | D28: NID007356 | E28: FILTER WASH BASIN AT LAVATORY LE FOUND MISING | F28: CBM | G28: 46281 | I28: 7600763 | J28: FILTER | K28: WAITING PERFORM | L28: ID | M28: A320 | N28: SUB | O28: 46287 | P28: AVAIL S1 : 1 EA | Q28: CLOSED | S28: =IFNA(IFS(COUNTIFS('List AC'!$A:$A,$C28)>0,'List AC'!$A$2,COUNTIFS('List AC'!$B:$B,$C28)>0,'List AC'!$B$2,COUNTIFS('List AC'!$C:$C,$C28)>0,'List AC'!$C$2,COUNTIFS('List AC'!$D:$D,$C28)>0,'List AC'!$D$2,COUNTIFS('List AC'!$E:$E,$C28)>0,'List AC'!$E$2,COUNTIFS('List AC'!$F:$F,$C28)>0,'List AC'!$F$2,COUNTIFS('List AC'!$G:$G,$C28)>0,'List AC'!$G$2,COUNTIFS('List AC'!$H:$H,$C28)>0,'List AC'!$H$2,COUNTIFS('List AC'!$I:$I,$C28)>0,'List AC'!$I$2,COUNTIFS('List AC'!$J:$J,$C28)>0,'List AC'!$J$2,COUNTIFS('List AC'!$K:$K,$C28)>0,'List AC'!$K$2,COUNTIFS('List AC'!$L:$L,$C28)>0,'List AC'!$L$2,COUNTIFS('List AC'!$Q:$Q,$C28)>0,'List AC'!$Q$2,COUNTIFS('List AC'!$M:$M,$C28)>0,'List AC'!$M$2,COUNTIFS('List AC'!$N:$N,$C28)>0,'List AC'!$N$2,COUNTIFS('List AC'!$O:$O,$C28)>0,'List AC'!$O$2,COUNTIFS('List AC'!$P:$P,$C28)>0,'List AC'!$P$2,COUNTIFS('List AC'!$R:$R,$C28)>0,'List AC'!$R$2,COUNTIFS('List AC'!$S:$S,$C28)>0,'List AC'!$S$2,COUNTIFS('List AC'!$T:$T,$C28)>0,'List AC'!$T$2,COUNTIFS('List AC'!$U:$U,$C28)>0,'List AC'!$U$2,COUNTIFS('List AC'!$V:$V,$C28)>0,'List AC'!$V$2,COUNTIFS('List AC'!$W:$W,$C28)>0,'List AC'!$W$2,COUNTIFS('List AC'!$X:$X,$C28)>0,'List AC'!$X$2,COUNTIFS('List AC'!$Y:$Y,$C28)>0,'List AC'!$Y$2,COUNTIFS('List AC'!$Z:$Z,$C28)>0,'List AC'!$Z$2,COUNTIFS('List AC'!$AA:$AA,$C28)>0,'List AC'!$AA$2,COUNTIFS('List AC'!$AB:$AB,$C28)>0,'List AC'!$AB$2,COUNTIFS('List AC'!$AC:$AC,$C28)>0,'List AC'!$AC$2,COUNTIFS('List AC'!$AD:$AD,$C28)>0,'List AC'!$AD$2,COUNTIFS('List AC'!$AE:$AE,$C28)>0,'List AC'!$AE$2,COUNTIFS('List AC'!$AF:$AF,$C28)>0,'List AC'!$AF$2,COUNTIFS('List AC'!$AG:$AG,$C28)>0,'List AC'!$AG$2,COUNTIFS('List AC'!$AH:$AH,$C28)>0,'List AC'!$AH$2,COUNTIFS('List AC'!$AI:$AI,$C28)>0,'List AC'!$AI$2,COUNTIFS('List AC'!$AJ:$AJ,$C28)>0,'List AC'!$AJ$2,COUNTIFS('List AC'!$AK:$AK,$C28)>0,'List AC'!$AK$2,COUNTIFS('List AC'!$AL:$AL,$C28)>0,'List AC'!$AL$2,COUNTIFS('List AC'!$AM:$AM,$C28)>0,'List AC'!$AM$2,COUNTIFS('List AC'!$AN:$AN,$C28)>0,'List AC'!$AN$2,COUNTIFS('List AC'!$AO:$AO,$C28)>0,'List AC'!$AO$2,COUNTIFS('List AC'!$AP:$AP,$C28)>0,'List AC'!$AP$2,COUNTIFS('List AC'!$AQ:$AQ,$C28)>0,'List AC'!$AQ$2,COUNTIFS('List AC'!$AR:$AR,$C28)>0,'List AC'!$AR$2,COUNTIFS('List AC'!$AS:$AS,$C28)>0,'List AC'!$AS$2,COUNTIFS('List AC'!$AT:$AT,$C28)>0,'List AC'!$AT$2,COUNTIFS('List AC'!$AU:$AU,$C28)>0,'List AC'!$AU$2,COUNTIFS('List AC'!$AV:$AV,$C28)>0,'List AC'!$AV$2,COUNTIFS('List AC'!$AW:$AW,$C28)>0,'List AC'!$AW$2,COUNTIFS('List AC'!$AX:$AX,$C28)>0,'List AC'!$AX$2,COUNTIFS('List AC'!$AY:$AY,$C28)>0,'List AC'!$AY$2,COUNTIFS('List AC'!$AZ:$AZ,$C28)>0,'List AC'!$AZ$2,COUNTIFS('List AC'!$BA:$BA,$C28)>0,'List AC'!$BA$2,COUNTIFS('List AC'!$BB:$BB,$C28)>0,'List AC'!$BB$2,COUNTIFS('List AC'!$BC:$BC,$C28)>0,'List AC'!$BC$2,COUNTIFS('List AC'!$BD:$BD,$C28)>0,'List AC'!$BD$2),"")
A29: 46283 | B29: WG 01 | C29: PK-LQS | D29: NLA082305 | E29: 2 RESERVOIR BAG 02 MASK AT AFT CABIN NOT AVAILABLE | F29: CBM | I29: 289-801-447 | J29: OXYGEN MASK | K29: WAITING PERFORM | L29: JT | M29: B737 | N29: KNO | O29: 46287 | P29: TO.2611719 | Q29: CLOSED | R29: 46287 | S29: =IFNA(IFS(COUNTIFS('List AC'!$A:$A,$C29)>0,'List AC'!$A$2,COUNTIFS('List AC'!$B:$B,$C29)>0,'List AC'!$B$2,COUNTIFS('List AC'!$C:$C,$C29)>0,'List AC'!$C$2,COUNTIFS('List AC'!$D:$D,$C29)>0,'List AC'!$D$2,COUNTIFS('List AC'!$E:$E,$C29)>0,'List AC'!$E$2,COUNTIFS('List AC'!$F:$F,$C29)>0,'List AC'!$F$2,COUNTIFS('List AC'!$G:$G,$C29)>0,'List AC'!$G$2,COUNTIFS('List AC'!$H:$H,$C29)>0,'List AC'!$H$2,COUNTIFS('List AC'!$I:$I,$C29)>0,'List AC'!$I$2,COUNTIFS('List AC'!$J:$J,$C29)>0,'List AC'!$J$2,COUNTIFS('List AC'!$K:$K,$C29)>0,'List AC'!$K$2,COUNTIFS('List AC'!$L:$L,$C29)>0,'List AC'!$L$2,COUNTIFS('List AC'!$Q:$Q,$C29)>0,'List AC'!$Q$2,COUNTIFS('List AC'!$M:$M,$C29)>0,'List AC'!$M$2,COUNTIFS('List AC'!$N:$N,$C29)>0,'List AC'!$N$2,COUNTIFS('List AC'!$O:$O,$C29)>0,'List AC'!$O$2,COUNTIFS('List AC'!$P:$P,$C29)>0,'List AC'!$P$2,COUNTIFS('List AC'!$R:$R,$C29)>0,'List AC'!$R$2,COUNTIFS('List AC'!$S:$S,$C29)>0,'List AC'!$S$2,COUNTIFS('List AC'!$T:$T,$C29)>0,'List AC'!$T$2,COUNTIFS('List AC'!$U:$U,$C29)>0,'List AC'!$U$2,COUNTIFS('List AC'!$V:$V,$C29)>0,'List AC'!$V$2,COUNTIFS('List AC'!$W:$W,$C29)>0,'List AC'!$W$2,COUNTIFS('List AC'!$X:$X,$C29)>0,'List AC'!$X$2,COUNTIFS('List AC'!$Y:$Y,$C29)>0,'List AC'!$Y$2,COUNTIFS('List AC'!$Z:$Z,$C29)>0,'List AC'!$Z$2,COUNTIFS('List AC'!$AA:$AA,$C29)>0,'List AC'!$AA$2,COUNTIFS('List AC'!$AB:$AB,$C29)>0,'List AC'!$AB$2,COUNTIFS('List AC'!$AC:$AC,$C29)>0,'List AC'!$AC$2,COUNTIFS('List AC'!$AD:$AD,$C29)>0,'List AC'!$AD$2,COUNTIFS('List AC'!$AE:$AE,$C29)>0,'List AC'!$AE$2,COUNTIFS('List AC'!$AF:$AF,$C29)>0,'List AC'!$AF$2,COUNTIFS('List AC'!$AG:$AG,$C29)>0,'List AC'!$AG$2,COUNTIFS('List AC'!$AH:$AH,$C29)>0,'List AC'!$AH$2,COUNTIFS('List AC'!$AI:$AI,$C29)>0,'List AC'!$AI$2,COUNTIFS('List AC'!$AJ:$AJ,$C29)>0,'List AC'!$AJ$2,COUNTIFS('List AC'!$AK:$AK,$C29)>0,'List AC'!$AK$2,COUNTIFS('List AC'!$AL:$AL,$C29)>0,'List AC'!$AL$2,COUNTIFS('List AC'!$AM:$AM,$C29)>0,'List AC'!$AM$2,COUNTIFS('List AC'!$AN:$AN,$C29)>0,'List AC'!$AN$2,COUNTIFS('List AC'!$AO:$AO,$C29)>0,'List AC'!$AO$2,COUNTIFS('List AC'!$AP:$AP,$C29)>0,'List AC'!$AP$2,COUNTIFS('List AC'!$AQ:$AQ,$C29)>0,'List AC'!$AQ$2,COUNTIFS('List AC'!$AR:$AR,$C29)>0,'List AC'!$AR$2,COUNTIFS('List AC'!$AS:$AS,$C29)>0,'List AC'!$AS$2,COUNTIFS('List AC'!$AT:$AT,$C29)>0,'List AC'!$AT$2,COUNTIFS('List AC'!$AU:$AU,$C29)>0,'List AC'!$AU$2,COUNTIFS('List AC'!$AV:$AV,$C29)>0,'List AC'!$AV$2,COUNTIFS('List AC'!$AW:$AW,$C29)>0,'List AC'!$AW$2,COUNTIFS('List AC'!$AX:$AX,$C29)>0,'List AC'!$AX$2,COUNTIFS('List AC'!$AY:$AY,$C29)>0,'List AC'!$AY$2,COUNTIFS('List AC'!$AZ:$AZ,$C29)>0,'List AC'!$AZ$2,COUNTIFS('List AC'!$BA:$BA,$C29)>0,'List AC'!$BA$2,COUNTIFS('List AC'!$BB:$BB,$C29)>0,'List AC'!$BB$2,COUNTIFS('List AC'!$BC:$BC,$C29)>0,'List AC'!$BC$2,COUNTIFS('List AC'!$BD:$BD,$C29)>0,'List AC'!$BD$2),"")
A30: 46283 | B30: WG 03 | C30: PK-LJG | D30: NLA090209 | E30: RESERVOIR BAG OXYGEN MASK AT FWD AND AFT FOR DEMO KIT MISSING | F30: CBM | G30: 46281 | H30: 46401 | I30: 289-801-447 | J30: OXYGEN MASK | K30: WAITING PERFORM | L30: JT | M30: B737 | N30: MDC | O30: 46287 | P30: TO.2610252 | Q30: CLOSED | R30: 46287 | S30: =IFNA(IFS(COUNTIFS('List AC'!$A:$A,$C30)>0,'List AC'!$A$2,COUNTIFS('List AC'!$B:$B,$C30)>0,'List AC'!$B$2,COUNTIFS('List AC'!$C:$C,$C30)>0,'List AC'!$C$2,COUNTIFS('List AC'!$D:$D,$C30)>0,'List AC'!$D$2,COUNTIFS('List AC'!$E:$E,$C30)>0,'List AC'!$E$2,COUNTIFS('List AC'!$F:$F,$C30)>0,'List AC'!$F$2,COUNTIFS('List AC'!$G:$G,$C30)>0,'List AC'!$G$2,COUNTIFS('List AC'!$H:$H,$C30)>0,'List AC'!$H$2,COUNTIFS('List AC'!$I:$I,$C30)>0,'List AC'!$I$2,COUNTIFS('List AC'!$J:$J,$C30)>0,'List AC'!$J$2,COUNTIFS('List AC'!$K:$K,$C30)>0,'List AC'!$K$2,COUNTIFS('List AC'!$L:$L,$C30)>0,'List AC'!$L$2,COUNTIFS('List AC'!$Q:$Q,$C30)>0,'List AC'!$Q$2,COUNTIFS('List AC'!$M:$M,$C30)>0,'List AC'!$M$2,COUNTIFS('List AC'!$N:$N,$C30)>0,'List AC'!$N$2,COUNTIFS('List AC'!$O:$O,$C30)>0,'List AC'!$O$2,COUNTIFS('List AC'!$P:$P,$C30)>0,'List AC'!$P$2,COUNTIFS('List AC'!$R:$R,$C30)>0,'List AC'!$R$2,COUNTIFS('List AC'!$S:$S,$C30)>0,'List AC'!$S$2,COUNTIFS('List AC'!$T:$T,$C30)>0,'List AC'!$T$2,COUNTIFS('List AC'!$U:$U,$C30)>0,'List AC'!$U$2,COUNTIFS('List AC'!$V:$V,$C30)>0,'List AC'!$V$2,COUNTIFS('List AC'!$W:$W,$C30)>0,'List AC'!$W$2,COUNTIFS('List AC'!$X:$X,$C30)>0,'List AC'!$X$2,COUNTIFS('List AC'!$Y:$Y,$C30)>0,'List AC'!$Y$2,COUNTIFS('List AC'!$Z:$Z,$C30)>0,'List AC'!$Z$2,COUNTIFS('List AC'!$AA:$AA,$C30)>0,'List AC'!$AA$2,COUNTIFS('List AC'!$AB:$AB,$C30)>0,'List AC'!$AB$2,COUNTIFS('List AC'!$AC:$AC,$C30)>0,'List AC'!$AC$2,COUNTIFS('List AC'!$AD:$AD,$C30)>0,'List AC'!$AD$2,COUNTIFS('List AC'!$AE:$AE,$C30)>0,'List AC'!$AE$2,COUNTIFS('List AC'!$AF:$AF,$C30)>0,'List AC'!$AF$2,COUNTIFS('List AC'!$AG:$AG,$C30)>0,'List AC'!$AG$2,COUNTIFS('List AC'!$AH:$AH,$C30)>0,'List AC'!$AH$2,COUNTIFS('List AC'!$AI:$AI,$C30)>0,'List AC'!$AI$2,COUNTIFS('List AC'!$AJ:$AJ,$C30)>0,'List AC'!$AJ$2,COUNTIFS('List AC'!$AK:$AK,$C30)>0,'List AC'!$AK$2,COUNTIFS('List AC'!$AL:$AL,$C30)>0,'List AC'!$AL$2,COUNTIFS('List AC'!$AM:$AM,$C30)>0,'List AC'!$AM$2,COUNTIFS('List AC'!$AN:$AN,$C30)>0,'List AC'!$AN$2,COUNTIFS('List AC'!$AO:$AO,$C30)>0,'List AC'!$AO$2,COUNTIFS('List AC'!$AP:$AP,$C30)>0,'List AC'!$AP$2,COUNTIFS('List AC'!$AQ:$AQ,$C30)>0,'List AC'!$AQ$2,COUNTIFS('List AC'!$AR:$AR,$C30)>0,'List AC'!$AR$2,COUNTIFS('List AC'!$AS:$AS,$C30)>0,'List AC'!$AS$2,COUNTIFS('List AC'!$AT:$AT,$C30)>0,'List AC'!$AT$2,COUNTIFS('List AC'!$AU:$AU,$C30)>0,'List AC'!$AU$2,COUNTIFS('List AC'!$AV:$AV,$C30)>0,'List AC'!$AV$2,COUNTIFS('List AC'!$AW:$AW,$C30)>0,'List AC'!$AW$2,COUNTIFS('List AC'!$AX:$AX,$C30)>0,'List AC'!$AX$2,COUNTIFS('List AC'!$AY:$AY,$C30)>0,'List AC'!$AY$2,COUNTIFS('List AC'!$AZ:$AZ,$C30)>0,'List AC'!$AZ$2,COUNTIFS('List AC'!$BA:$BA,$C30)>0,'List AC'!$BA$2,COUNTIFS('List AC'!$BB:$BB,$C30)>0,'List AC'!$BB$2,COUNTIFS('List AC'!$BC:$BC,$C30)>0,'List AC'!$BC$2,COUNTIFS('List AC'!$BD:$BD,$C30)>0,'List AC'!$BD$2),"")
A31: 46283 | B31: WG 09 | C31: PK-STZ | D31: NSAJ020657 | E31: REFF NO. NSAJ008580 LIST METAL VACANT LE MISSING | F31: CBM | H31: 46347 | I31: A8-254-2015-931 | J31: ESCUTHEON | K31: WAITING PERFORM | L31: IU | M31: A320 | N31: MDC | O31: 46287 | P31: TO.2610638 | Q31: CLOSED | R31: 46287 | S31: =IFNA(IFS(COUNTIFS('List AC'!$A:$A,$C31)>0,'List AC'!$A$2,COUNTIFS('List AC'!$B:$B,$C31)>0,'List AC'!$B$2,COUNTIFS('List AC'!$C:$C,$C31)>0,'List AC'!$C$2,COUNTIFS('List AC'!$D:$D,$C31)>0,'List AC'!$D$2,COUNTIFS('List AC'!$E:$E,$C31)>0,'List AC'!$E$2,COUNTIFS('List AC'!$F:$F,$C31)>0,'List AC'!$F$2,COUNTIFS('List AC'!$G:$G,$C31)>0,'List AC'!$G$2,COUNTIFS('List AC'!$H:$H,$C31)>0,'List AC'!$H$2,COUNTIFS('List AC'!$I:$I,$C31)>0,'List AC'!$I$2,COUNTIFS('List AC'!$J:$J,$C31)>0,'List AC'!$J$2,COUNTIFS('List AC'!$K:$K,$C31)>0,'List AC'!$K$2,COUNTIFS('List AC'!$L:$L,$C31)>0,'List AC'!$L$2,COUNTIFS('List AC'!$Q:$Q,$C31)>0,'List AC'!$Q$2,COUNTIFS('List AC'!$M:$M,$C31)>0,'List AC'!$M$2,COUNTIFS('List AC'!$N:$N,$C31)>0,'List AC'!$N$2,COUNTIFS('List AC'!$O:$O,$C31)>0,'List AC'!$O$2,COUNTIFS('List AC'!$P:$P,$C31)>0,'List AC'!$P$2,COUNTIFS('List AC'!$R:$R,$C31)>0,'List AC'!$R$2,COUNTIFS('List AC'!$S:$S,$C31)>0,'List AC'!$S$2,COUNTIFS('List AC'!$T:$T,$C31)>0,'List AC'!$T$2,COUNTIFS('List AC'!$U:$U,$C31)>0,'List AC'!$U$2,COUNTIFS('List AC'!$V:$V,$C31)>0,'List AC'!$V$2,COUNTIFS('List AC'!$W:$W,$C31)>0,'List AC'!$W$2,COUNTIFS('List AC'!$X:$X,$C31)>0,'List AC'!$X$2,COUNTIFS('List AC'!$Y:$Y,$C31)>0,'List AC'!$Y$2,COUNTIFS('List AC'!$Z:$Z,$C31)>0,'List AC'!$Z$2,COUNTIFS('List AC'!$AA:$AA,$C31)>0,'List AC'!$AA$2,COUNTIFS('List AC'!$AB:$AB,$C31)>0,'List AC'!$AB$2,COUNTIFS('List AC'!$AC:$AC,$C31)>0,'List AC'!$AC$2,COUNTIFS('List AC'!$AD:$AD,$C31)>0,'List AC'!$AD$2,COUNTIFS('List AC'!$AE:$AE,$C31)>0,'List AC'!$AE$2,COUNTIFS('List AC'!$AF:$AF,$C31)>0,'List AC'!$AF$2,COUNTIFS('List AC'!$AG:$AG,$C31)>0,'List AC'!$AG$2,COUNTIFS('List AC'!$AH:$AH,$C31)>0,'List AC'!$AH$2,COUNTIFS('List AC'!$AI:$AI,$C31)>0,'List AC'!$AI$2,COUNTIFS('List AC'!$AJ:$AJ,$C31)>0,'List AC'!$AJ$2,COUNTIFS('List AC'!$AK:$AK,$C31)>0,'List AC'!$AK$2,COUNTIFS('List AC'!$AL:$AL,$C31)>0,'List AC'!$AL$2,COUNTIFS('List AC'!$AM:$AM,$C31)>0,'List AC'!$AM$2,COUNTIFS('List AC'!$AN:$AN,$C31)>0,'List AC'!$AN$2,COUNTIFS('List AC'!$AO:$AO,$C31)>0,'List AC'!$AO$2,COUNTIFS('List AC'!$AP:$AP,$C31)>0,'List AC'!$AP$2,COUNTIFS('List AC'!$AQ:$AQ,$C31)>0,'List AC'!$AQ$2,COUNTIFS('List AC'!$AR:$AR,$C31)>0,'List AC'!$AR$2,COUNTIFS('List AC'!$AS:$AS,$C31)>0,'List AC'!$AS$2,COUNTIFS('List AC'!$AT:$AT,$C31)>0,'List AC'!$AT$2,COUNTIFS('List AC'!$AU:$AU,$C31)>0,'List AC'!$AU$2,COUNTIFS('List AC'!$AV:$AV,$C31)>0,'List AC'!$AV$2,COUNTIFS('List AC'!$AW:$AW,$C31)>0,'List AC'!$AW$2,COUNTIFS('List AC'!$AX:$AX,$C31)>0,'List AC'!$AX$2,COUNTIFS('List AC'!$AY:$AY,$C31)>0,'List AC'!$AY$2,COUNTIFS('List AC'!$AZ:$AZ,$C31)>0,'List AC'!$AZ$2,COUNTIFS('List AC'!$BA:$BA,$C31)>0,'List AC'!$BA$2,COUNTIFS('List AC'!$BB:$BB,$C31)>0,'List AC'!$BB$2,COUNTIFS('List AC'!$BC:$BC,$C31)>0,'List AC'!$BC$2,COUNTIFS('List AC'!$BD:$BD,$C31)>0,'List AC'!$BD$2),"")
A32: 46283 | B32: WG 13 | C32: PK-LEI | D32: NLA087082 | E32: FOUND FAUCET AT LAV L11 LEAK | F32: CBM | H32: 46343 | I32: 2980372100000 | J32: FAUCET ASSY-WATER | K32: WAITING PERFORM | L32: JT | M32: A330 | N32: UPG | O32: 46287 | P32: AVAIL K4 : 1 EA | Q32: OPEN | S32: JED | T32: A/C NOT RON WITH PLAN DJA | U32: IRR
A33: 46283 | B33: WG 02 | C33: PK-LHY | D33: NLA075293 | E33: PLACARD " OPEN BUKA " AT 1L,1R & 5R FOUND BAD CONDITION | F33: CBM | I33: LT11-11-PLC-0027 | J33: PLACARD BUKA / OPEN | K33: WAITING PERFORM | L33: JT | M33: B737 | N33: SUB | O33: 46287 | P33: AVAIL S1 | Q33: CLOSED | S33: =IFNA(IFS(COUNTIFS('List AC'!$A:$A,$C33)>0,'List AC'!$A$2,COUNTIFS('List AC'!$B:$B,$C33)>0,'List AC'!$B$2,COUNTIFS('List AC'!$C:$C,$C33)>0,'List AC'!$C$2,COUNTIFS('List AC'!$D:$D,$C33)>0,'List AC'!$D$2,COUNTIFS('List AC'!$E:$E,$C33)>0,'List AC'!$E$2,COUNTIFS('List AC'!$F:$F,$C33)>0,'List AC'!$F$2,COUNTIFS('List AC'!$G:$G,$C33)>0,'List AC'!$G$2,COUNTIFS('List AC'!$H:$H,$C33)>0,'List AC'!$H$2,COUNTIFS('List AC'!$I:$I,$C33)>0,'List AC'!$I$2,COUNTIFS('List AC'!$J:$J,$C33)>0,'List AC'!$J$2,COUNTIFS('List AC'!$K:$K,$C33)>0,'List AC'!$K$2,COUNTIFS('List AC'!$L:$L,$C33)>0,'List AC'!$L$2,COUNTIFS('List AC'!$Q:$Q,$C33)>0,'List AC'!$Q$2,COUNTIFS('List AC'!$M:$M,$C33)>0,'List AC'!$M$2,COUNTIFS('List AC'!$N:$N,$C33)>0,'List AC'!$N$2,COUNTIFS('List AC'!$O:$O,$C33)>0,'List AC'!$O$2,COUNTIFS('List AC'!$P:$P,$C33)>0,'List AC'!$P$2,COUNTIFS('List AC'!$R:$R,$C33)>0,'List AC'!$R$2,COUNTIFS('List AC'!$S:$S,$C33)>0,'List AC'!$S$2,COUNTIFS('List AC'!$T:$T,$C33)>0,'List AC'!$T$2,COUNTIFS('List AC'!$U:$U,$C33)>0,'List AC'!$U$2,COUNTIFS('List AC'!$V:$V,$C33)>0,'List AC'!$V$2,COUNTIFS('List AC'!$W:$W,$C33)>0,'List AC'!$W$2,COUNTIFS('List AC'!$X:$X,$C33)>0,'List AC'!$X$2,COUNTIFS('List AC'!$Y:$Y,$C33)>0,'List AC'!$Y$2,COUNTIFS('List AC'!$Z:$Z,$C33)>0,'List AC'!$Z$2,COUNTIFS('List AC'!$AA:$AA,$C33)>0,'List AC'!$AA$2,COUNTIFS('List AC'!$AB:$AB,$C33)>0,'List AC'!$AB$2,COUNTIFS('List AC'!$AC:$AC,$C33)>0,'List AC'!$AC$2,COUNTIFS('List AC'!$AD:$AD,$C33)>0,'List AC'!$AD$2,COUNTIFS('List AC'!$AE:$AE,$C33)>0,'List AC'!$AE$2,COUNTIFS('List AC'!$AF:$AF,$C33)>0,'List AC'!$AF$2,COUNTIFS('List AC'!$AG:$AG,$C33)>0,'List AC'!$AG$2,COUNTIFS('List AC'!$AH:$AH,$C33)>0,'List AC'!$AH$2,COUNTIFS('List AC'!$AI:$AI,$C33)>0,'List AC'!$AI$2,COUNTIFS('List AC'!$AJ:$AJ,$C33)>0,'List AC'!$AJ$2,COUNTIFS('List AC'!$AK:$AK,$C33)>0,'List AC'!$AK$2,COUNTIFS('List AC'!$AL:$AL,$C33)>0,'List AC'!$AL$2,COUNTIFS('List AC'!$AM:$AM,$C33)>0,'List AC'!$AM$2,COUNTIFS('List AC'!$AN:$AN,$C33)>0,'List AC'!$AN$2,COUNTIFS('List AC'!$AO:$AO,$C33)>0,'List AC'!$AO$2,COUNTIFS('List AC'!$AP:$AP,$C33)>0,'List AC'!$AP$2,COUNTIFS('List AC'!$AQ:$AQ,$C33)>0,'List AC'!$AQ$2,COUNTIFS('List AC'!$AR:$AR,$C33)>0,'List AC'!$AR$2,COUNTIFS('List AC'!$AS:$AS,$C33)>0,'List AC'!$AS$2,COUNTIFS('List AC'!$AT:$AT,$C33)>0,'List AC'!$AT$2,COUNTIFS('List AC'!$AU:$AU,$C33)>0,'List AC'!$AU$2,COUNTIFS('List AC'!$AV:$AV,$C33)>0,'List AC'!$AV$2,COUNTIFS('List AC'!$AW:$AW,$C33)>0,'List AC'!$AW$2,COUNTIFS('List AC'!$AX:$AX,$C33)>0,'List AC'!$AX$2,COUNTIFS('List AC'!$AY:$AY,$C33)>0,'List AC'!$AY$2,COUNTIFS('List AC'!$AZ:$AZ,$C33)>0,'List AC'!$AZ$2,COUNTIFS('List AC'!$BA:$BA,$C33)>0,'List AC'!$BA$2,COUNTIFS('List AC'!$BB:$BB,$C33)>0,'List AC'!$BB$2,COUNTIFS('List AC'!$BC:$BC,$C33)>0,'List AC'!$BC$2,COUNTIFS('List AC'!$BD:$BD,$C33)>0,'List AC'!$BD$2),"")
A34: 46283 | B34: WG 09 | C34: PK-SJR | D34: NSAJ021257 | E34: DURING DBI CHECK FOUND INFANT SEAT BELT MINUS 4EA & EXTENTION SEATBELT MINUS 1 EA REFF LOPA | F34: CBM | G34: 46266 | H34: 46273 | K34: INVESTIGATE | L34: IU | M34: A320 | N34: PKY | O34: 46287 | P34: PLEASE INVESTIGATE AND RECTIFICATION. IF NEED SPARE PARTS, PLEASE CREATE RQ IN EMRO | Q34: OPEN | S34: =IFNA(IFS(COUNTIFS('List AC'!$A:$A,$C34)>0,'List AC'!$A$2,COUNTIFS('List AC'!$B:$B,$C34)>0,'List AC'!$B$2,COUNTIFS('List AC'!$C:$C,$C34)>0,'List AC'!$C$2,COUNTIFS('List AC'!$D:$D,$C34)>0,'List AC'!$D$2,COUNTIFS('List AC'!$E:$E,$C34)>0,'List AC'!$E$2,COUNTIFS('List AC'!$F:$F,$C34)>0,'List AC'!$F$2,COUNTIFS('List AC'!$G:$G,$C34)>0,'List AC'!$G$2,COUNTIFS('List AC'!$H:$H,$C34)>0,'List AC'!$H$2,COUNTIFS('List AC'!$I:$I,$C34)>0,'List AC'!$I$2,COUNTIFS('List AC'!$J:$J,$C34)>0,'List AC'!$J$2,COUNTIFS('List AC'!$K:$K,$C34)>0,'List AC'!$K$2,COUNTIFS('List AC'!$L:$L,$C34)>0,'List AC'!$L$2,COUNTIFS('List AC'!$Q:$Q,$C34)>0,'List AC'!$Q$2,COUNTIFS('List AC'!$M:$M,$C34)>0,'List AC'!$M$2,COUNTIFS('List AC'!$N:$N,$C34)>0,'List AC'!$N$2,COUNTIFS('List AC'!$O:$O,$C34)>0,'List AC'!$O$2,COUNTIFS('List AC'!$P:$P,$C34)>0,'List AC'!$P$2,COUNTIFS('List AC'!$R:$R,$C34)>0,'List AC'!$R$2,COUNTIFS('List AC'!$S:$S,$C34)>0,'List AC'!$S$2,COUNTIFS('List AC'!$T:$T,$C34)>0,'List AC'!$T$2,COUNTIFS('List AC'!$U:$U,$C34)>0,'List AC'!$U$2,COUNTIFS('List AC'!$V:$V,$C34)>0,'List AC'!$V$2,COUNTIFS('List AC'!$W:$W,$C34)>0,'List AC'!$W$2,COUNTIFS('List AC'!$X:$X,$C34)>0,'List AC'!$X$2,COUNTIFS('List AC'!$Y:$Y,$C34)>0,'List AC'!$Y$2,COUNTIFS('List AC'!$Z:$Z,$C34)>0,'List AC'!$Z$2,COUNTIFS('List AC'!$AA:$AA,$C34)>0,'List AC'!$AA$2,COUNTIFS('List AC'!$AB:$AB,$C34)>0,'List AC'!$AB$2,COUNTIFS('List AC'!$AC:$AC,$C34)>0,'List AC'!$AC$2,COUNTIFS('List AC'!$AD:$AD,$C34)>0,'List AC'!$AD$2,COUNTIFS('List AC'!$AE:$AE,$C34)>0,'List AC'!$AE$2,COUNTIFS('List AC'!$AF:$AF,$C34)>0,'List AC'!$AF$2,COUNTIFS('List AC'!$AG:$AG,$C34)>0,'List AC'!$AG$2,COUNTIFS('List AC'!$AH:$AH,$C34)>0,'List AC'!$AH$2,COUNTIFS('List AC'!$AI:$AI,$C34)>0,'List AC'!$AI$2,COUNTIFS('List AC'!$AJ:$AJ,$C34)>0,'List AC'!$AJ$2,COUNTIFS('List AC'!$AK:$AK,$C34)>0,'List AC'!$AK$2,COUNTIFS('List AC'!$AL:$AL,$C34)>0,'List AC'!$AL$2,COUNTIFS('List AC'!$AM:$AM,$C34)>0,'List AC'!$AM$2,COUNTIFS('List AC'!$AN:$AN,$C34)>0,'List AC'!$AN$2,COUNTIFS('List AC'!$AO:$AO,$C34)>0,'List AC'!$AO$2,COUNTIFS('List AC'!$AP:$AP,$C34)>0,'List AC'!$AP$2,COUNTIFS('List AC'!$AQ:$AQ,$C34)>0,'List AC'!$AQ$2,COUNTIFS('List AC'!$AR:$AR,$C34)>0,'List AC'!$AR$2,COUNTIFS('List AC'!$AS:$AS,$C34)>0,'List AC'!$AS$2,COUNTIFS('List AC'!$AT:$AT,$C34)>0,'List AC'!$AT$2,COUNTIFS('List AC'!$AU:$AU,$C34)>0,'List AC'!$AU$2,COUNTIFS('List AC'!$AV:$AV,$C34)>0,'List AC'!$AV$2,COUNTIFS('List AC'!$AW:$AW,$C34)>0,'List AC'!$AW$2,COUNTIFS('List AC'!$AX:$AX,$C34)>0,'List AC'!$AX$2,COUNTIFS('List AC'!$AY:$AY,$C34)>0,'List AC'!$AY$2,COUNTIFS('List AC'!$AZ:$AZ,$C34)>0,'List AC'!$AZ$2,COUNTIFS('List AC'!$BA:$BA,$C34)>0,'List AC'!$BA$2,COUNTIFS('List AC'!$BB:$BB,$C34)>0,'List AC'!$BB$2,COUNTIFS('List AC'!$BC:$BC,$C34)>0,'List AC'!$BC$2,COUNTIFS('List AC'!$BD:$BD,$C34)>0,'List AC'!$BD$2),"") | T34: NO MP CBM | U34: MP
A35: 46283 | B35: WG 09 | C35: PK-SJR | D35: NSAJ021263 | E35: REF FINDING ICT NO18010 SHROUD LAVATORY A BAD CONDITION | F35: CBM | G35: 46273 | H35: 46393 | K35: INVESTIGATE | L35: IU | M35: A320 | N35: PKY | O35: 46287 | P35: PLEASE INVESTIGATE AND RECTIFICATION. IF NEED SPARE PARTS, PLEASE CREATE RQ IN EMRO | Q35: OPEN | S35: =IFNA(IFS(COUNTIFS('List AC'!$A:$A,$C35)>0,'List AC'!$A$2,COUNTIFS('List AC'!$B:$B,$C35)>0,'List AC'!$B$2,COUNTIFS('List AC'!$C:$C,$C35)>0,'List AC'!$C$2,COUNTIFS('List AC'!$D:$D,$C35)>0,'List AC'!$D$2,COUNTIFS('List AC'!$E:$E,$C35)>0,'List AC'!$E$2,COUNTIFS('List AC'!$F:$F,$C35)>0,'List AC'!$F$2,COUNTIFS('List AC'!$G:$G,$C35)>0,'List AC'!$G$2,COUNTIFS('List AC'!$H:$H,$C35)>0,'List AC'!$H$2,COUNTIFS('List AC'!$I:$I,$C35)>0,'List AC'!$I$2,COUNTIFS('List AC'!$J:$J,$C35)>0,'List AC'!$J$2,COUNTIFS('List AC'!$K:$K,$C35)>0,'List AC'!$K$2,COUNTIFS('List AC'!$L:$L,$C35)>0,'List AC'!$L$2,COUNTIFS('List AC'!$Q:$Q,$C35)>0,'List AC'!$Q$2,COUNTIFS('List AC'!$M:$M,$C35)>0,'List AC'!$M$2,COUNTIFS('List AC'!$N:$N,$C35)>0,'List AC'!$N$2,COUNTIFS('List AC'!$O:$O,$C35)>0,'List AC'!$O$2,COUNTIFS('List AC'!$P:$P,$C35)>0,'List AC'!$P$2,COUNTIFS('List AC'!$R:$R,$C35)>0,'List AC'!$R$2,COUNTIFS('List AC'!$S:$S,$C35)>0,'List AC'!$S$2,COUNTIFS('List AC'!$T:$T,$C35)>0,'List AC'!$T$2,COUNTIFS('List AC'!$U:$U,$C35)>0,'List AC'!$U$2,COUNTIFS('List AC'!$V:$V,$C35)>0,'List AC'!$V$2,COUNTIFS('List AC'!$W:$W,$C35)>0,'List AC'!$W$2,COUNTIFS('List AC'!$X:$X,$C35)>0,'List AC'!$X$2,COUNTIFS('List AC'!$Y:$Y,$C35)>0,'List AC'!$Y$2,COUNTIFS('List AC'!$Z:$Z,$C35)>0,'List AC'!$Z$2,COUNTIFS('List AC'!$AA:$AA,$C35)>0,'List AC'!$AA$2,COUNTIFS('List AC'!$AB:$AB,$C35)>0,'List AC'!$AB$2,COUNTIFS('List AC'!$AC:$AC,$C35)>0,'List AC'!$AC$2,COUNTIFS('List AC'!$AD:$AD,$C35)>0,'List AC'!$AD$2,COUNTIFS('List AC'!$AE:$AE,$C35)>0,'List AC'!$AE$2,COUNTIFS('List AC'!$AF:$AF,$C35)>0,'List AC'!$AF$2,COUNTIFS('List AC'!$AG:$AG,$C35)>0,'List AC'!$AG$2,COUNTIFS('List AC'!$AH:$AH,$C35)>0,'List AC'!$AH$2,COUNTIFS('List AC'!$AI:$AI,$C35)>0,'List AC'!$AI$2,COUNTIFS('List AC'!$AJ:$AJ,$C35)>0,'List AC'!$AJ$2,COUNTIFS('List AC'!$AK:$AK,$C35)>0,'List AC'!$AK$2,COUNTIFS('List AC'!$AL:$AL,$C35)>0,'List AC'!$AL$2,COUNTIFS('List AC'!$AM:$AM,$C35)>0,'List AC'!$AM$2,COUNTIFS('List AC'!$AN:$AN,$C35)>0,'List AC'!$AN$2,COUNTIFS('List AC'!$AO:$AO,$C35)>0,'List AC'!$AO$2,COUNTIFS('List AC'!$AP:$AP,$C35)>0,'List AC'!$AP$2,COUNTIFS('List AC'!$AQ:$AQ,$C35)>0,'List AC'!$AQ$2,COUNTIFS('List AC'!$AR:$AR,$C35)>0,'List AC'!$AR$2,COUNTIFS('List AC'!$AS:$AS,$C35)>0,'List AC'!$AS$2,COUNTIFS('List AC'!$AT:$AT,$C35)>0,'List AC'!$AT$2,COUNTIFS('List AC'!$AU:$AU,$C35)>0,'List AC'!$AU$2,COUNTIFS('List AC'!$AV:$AV,$C35)>0,'List AC'!$AV$2,COUNTIFS('List AC'!$AW:$AW,$C35)>0,'List AC'!$AW$2,COUNTIFS('List AC'!$AX:$AX,$C35)>0,'List AC'!$AX$2,COUNTIFS('List AC'!$AY:$AY,$C35)>0,'List AC'!$AY$2,COUNTIFS('List AC'!$AZ:$AZ,$C35)>0,'List AC'!$AZ$2,COUNTIFS('List AC'!$BA:$BA,$C35)>0,'List AC'!$BA$2,COUNTIFS('List AC'!$BB:$BB,$C35)>0,'List AC'!$BB$2,COUNTIFS('List AC'!$BC:$BC,$C35)>0,'List AC'!$BC$2,COUNTIFS('List AC'!$BD:$BD,$C35)>0,'List AC'!$BD$2),"") | T35: NO MP CBM | U35: MP
A36: 46283 | B36: WG 09 | C36: PK-SJR | D36: NSAJ021264 | E36: REF FINDING ICT NO18011 COVER TOILET BOWL SURFACE BAD CONDITON LAVATORY A | F36: CBM | G36: 46273 | H36: 46393 | K36: INVESTIGATE | L36: IU | M36: A320 | N36: PKY | O36: 46287 | P36: PLEASE INVESTIGATE AND RECTIFICATION. IF NEED SPARE PARTS, PLEASE CREATE RQ IN EMRO | Q36: OPEN | S36: =IFNA(IFS(COUNTIFS('List AC'!$A:$A,$C36)>0,'List AC'!$A$2,COUNTIFS('List AC'!$B:$B,$C36)>0,'List AC'!$B$2,COUNTIFS('List AC'!$C:$C,$C36)>0,'List AC'!$C$2,COUNTIFS('List AC'!$D:$D,$C36)>0,'List AC'!$D$2,COUNTIFS('List AC'!$E:$E,$C36)>0,'List AC'!$E$2,COUNTIFS('List AC'!$F:$F,$C36)>0,'List AC'!$F$2,COUNTIFS('List AC'!$G:$G,$C36)>0,'List AC'!$G$2,COUNTIFS('List AC'!$H:$H,$C36)>0,'List AC'!$H$2,COUNTIFS('List AC'!$I:$I,$C36)>0,'List AC'!$I$2,COUNTIFS('List AC'!$J:$J,$C36)>0,'List AC'!$J$2,COUNTIFS('List AC'!$K:$K,$C36)>0,'List AC'!$K$2,COUNTIFS('List AC'!$L:$L,$C36)>0,'List AC'!$L$2,COUNTIFS('List AC'!$Q:$Q,$C36)>0,'List AC'!$Q$2,COUNTIFS('List AC'!$M:$M,$C36)>0,'List AC'!$M$2,COUNTIFS('List AC'!$N:$N,$C36)>0,'List AC'!$N$2,COUNTIFS('List AC'!$O:$O,$C36)>0,'List AC'!$O$2,COUNTIFS('List AC'!$P:$P,$C36)>0,'List AC'!$P$2,COUNTIFS('List AC'!$R:$R,$C36)>0,'List AC'!$R$2,COUNTIFS('List AC'!$S:$S,$C36)>0,'List AC'!$S$2,COUNTIFS('List AC'!$T:$T,$C36)>0,'List AC'!$T$2,COUNTIFS('List AC'!$U:$U,$C36)>0,'List AC'!$U$2,COUNTIFS('List AC'!$V:$V,$C36)>0,'List AC'!$V$2,COUNTIFS('List AC'!$W:$W,$C36)>0,'List AC'!$W$2,COUNTIFS('List AC'!$X:$X,$C36)>0,'List AC'!$X$2,COUNTIFS('List AC'!$Y:$Y,$C36)>0,'List AC'!$Y$2,COUNTIFS('List AC'!$Z:$Z,$C36)>0,'List AC'!$Z$2,COUNTIFS('List AC'!$AA:$AA,$C36)>0,'List AC'!$AA$2,COUNTIFS('List AC'!$AB:$AB,$C36)>0,'List AC'!$AB$2,COUNTIFS('List AC'!$AC:$AC,$C36)>0,'List AC'!$AC$2,COUNTIFS('List AC'!$AD:$AD,$C36)>0,'List AC'!$AD$2,COUNTIFS('List AC'!$AE:$AE,$C36)>0,'List AC'!$AE$2,COUNTIFS('List AC'!$AF:$AF,$C36)>0,'List AC'!$AF$2,COUNTIFS('List AC'!$AG:$AG,$C36)>0,'List AC'!$AG$2,COUNTIFS('List AC'!$AH:$AH,$C36)>0,'List AC'!$AH$2,COUNTIFS('List AC'!$AI:$AI,$C36)>0,'List AC'!$AI$2,COUNTIFS('List AC'!$AJ:$AJ,$C36)>0,'List AC'!$AJ$2,COUNTIFS('List AC'!$AK:$AK,$C36)>0,'List AC'!$AK$2,COUNTIFS('List AC'!$AL:$AL,$C36)>0,'List AC'!$AL$2,COUNTIFS('List AC'!$AM:$AM,$C36)>0,'List AC'!$AM$2,COUNTIFS('List AC'!$AN:$AN,$C36)>0,'List AC'!$AN$2,COUNTIFS('List AC'!$AO:$AO,$C36)>0,'List AC'!$AO$2,COUNTIFS('List AC'!$AP:$AP,$C36)>0,'List AC'!$AP$2,COUNTIFS('List AC'!$AQ:$AQ,$C36)>0,'List AC'!$AQ$2,COUNTIFS('List AC'!$AR:$AR,$C36)>0,'List AC'!$AR$2,COUNTIFS('List AC'!$AS:$AS,$C36)>0,'List AC'!$AS$2,COUNTIFS('List AC'!$AT:$AT,$C36)>0,'List AC'!$AT$2,COUNTIFS('List AC'!$AU:$AU,$C36)>0,'List AC'!$AU$2,COUNTIFS('List AC'!$AV:$AV,$C36)>0,'List AC'!$AV$2,COUNTIFS('List AC'!$AW:$AW,$C36)>0,'List AC'!$AW$2,COUNTIFS('List AC'!$AX:$AX,$C36)>0,'List AC'!$AX$2,COUNTIFS('List AC'!$AY:$AY,$C36)>0,'List AC'!$AY$2,COUNTIFS('List AC'!$AZ:$AZ,$C36)>0,'List AC'!$AZ$2,COUNTIFS('List AC'!$BA:$BA,$C36)>0,'List AC'!$BA$2,COUNTIFS('List AC'!$BB:$BB,$C36)>0,'List AC'!$BB$2,COUNTIFS('List AC'!$BC:$BC,$C36)>0,'List AC'!$BC$2,COUNTIFS('List AC'!$BD:$BD,$C36)>0,'List AC'!$BD$2),"") | T36: NO MP CBM | U36: MP
A37: 46280 | B37: WG 01 | C37: PK-LJQ | D37: NLA087496 | E37: REF FINDING SRV9497 ESCUTHEON 34A, 27F, 6A MISSING | F37: CBM | G37: 46260 | H37: 46380 | I37: 1010206-301BHU | J37: ESCUTCHEON, BLANK | K37: WAITING PERFORM | L37: JT | M37: B737 | N37: UPG | O37: 46287 | P37: TO.2611554 | Q37: CLOSED | S37: =IFNA(IFS(COUNTIFS('List AC'!$A:$A,$C37)>0,'List AC'!$A$2,COUNTIFS('List AC'!$B:$B,$C37)>0,'List AC'!$B$2,COUNTIFS('List AC'!$C:$C,$C37)>0,'List AC'!$C$2,COUNTIFS('List AC'!$D:$D,$C37)>0,'List AC'!$D$2,COUNTIFS('List AC'!$E:$E,$C37)>0,'List AC'!$E$2,COUNTIFS('List AC'!$F:$F,$C37)>0,'List AC'!$F$2,COUNTIFS('List AC'!$G:$G,$C37)>0,'List AC'!$G$2,COUNTIFS('List AC'!$H:$H,$C37)>0,'List AC'!$H$2,COUNTIFS('List AC'!$I:$I,$C37)>0,'List AC'!$I$2,COUNTIFS('List AC'!$J:$J,$C37)>0,'List AC'!$J$2,COUNTIFS('List AC'!$K:$K,$C37)>0,'List AC'!$K$2,COUNTIFS('List AC'!$L:$L,$C37)>0,'List AC'!$L$2,COUNTIFS('List AC'!$Q:$Q,$C37)>0,'List AC'!$Q$2,COUNTIFS('List AC'!$M:$M,$C37)>0,'List AC'!$M$2,COUNTIFS('List AC'!$N:$N,$C37)>0,'List AC'!$N$2,COUNTIFS('List AC'!$O:$O,$C37)>0,'List AC'!$O$2,COUNTIFS('List AC'!$P:$P,$C37)>0,'List AC'!$P$2,COUNTIFS('List AC'!$R:$R,$C37)>0,'List AC'!$R$2,COUNTIFS('List AC'!$S:$S,$C37)>0,'List AC'!$S$2,COUNTIFS('List AC'!$T:$T,$C37)>0,'List AC'!$T$2,COUNTIFS('List AC'!$U:$U,$C37)>0,'List AC'!$U$2,COUNTIFS('List AC'!$V:$V,$C37)>0,'List AC'!$V$2,COUNTIFS('List AC'!$W:$W,$C37)>0,'List AC'!$W$2,COUNTIFS('List AC'!$X:$X,$C37)>0,'List AC'!$X$2,COUNTIFS('List AC'!$Y:$Y,$C37)>0,'List AC'!$Y$2,COUNTIFS('List AC'!$Z:$Z,$C37)>0,'List AC'!$Z$2,COUNTIFS('List AC'!$AA:$AA,$C37)>0,'List AC'!$AA$2,COUNTIFS('List AC'!$AB:$AB,$C37)>0,'List AC'!$AB$2,COUNTIFS('List AC'!$AC:$AC,$C37)>0,'List AC'!$AC$2,COUNTIFS('List AC'!$AD:$AD,$C37)>0,'List AC'!$AD$2,COUNTIFS('List AC'!$AE:$AE,$C37)>0,'List AC'!$AE$2,COUNTIFS('List AC'!$AF:$AF,$C37)>0,'List AC'!$AF$2,COUNTIFS('List AC'!$AG:$AG,$C37)>0,'List AC'!$AG$2,COUNTIFS('List AC'!$AH:$AH,$C37)>0,'List AC'!$AH$2,COUNTIFS('List AC'!$AI:$AI,$C37)>0,'List AC'!$AI$2,COUNTIFS('List AC'!$AJ:$AJ,$C37)>0,'List AC'!$AJ$2,COUNTIFS('List AC'!$AK:$AK,$C37)>0,'List AC'!$AK$2,COUNTIFS('List AC'!$AL:$AL,$C37)>0,'List AC'!$AL$2,COUNTIFS('List AC'!$AM:$AM,$C37)>0,'List AC'!$AM$2,COUNTIFS('List AC'!$AN:$AN,$C37)>0,'List AC'!$AN$2,COUNTIFS('List AC'!$AO:$AO,$C37)>0,'List AC'!$AO$2,COUNTIFS('List AC'!$AP:$AP,$C37)>0,'List AC'!$AP$2,COUNTIFS('List AC'!$AQ:$AQ,$C37)>0,'List AC'!$AQ$2,COUNTIFS('List AC'!$AR:$AR,$C37)>0,'List AC'!$AR$2,COUNTIFS('List AC'!$AS:$AS,$C37)>0,'List AC'!$AS$2,COUNTIFS('List AC'!$AT:$AT,$C37)>0,'List AC'!$AT$2,COUNTIFS('List AC'!$AU:$AU,$C37)>0,'List AC'!$AU$2,COUNTIFS('List AC'!$AV:$AV,$C37)>0,'List AC'!$AV$2,COUNTIFS('List AC'!$AW:$AW,$C37)>0,'List AC'!$AW$2,COUNTIFS('List AC'!$AX:$AX,$C37)>0,'List AC'!$AX$2,COUNTIFS('List AC'!$AY:$AY,$C37)>0,'List AC'!$AY$2,COUNTIFS('List AC'!$AZ:$AZ,$C37)>0,'List AC'!$AZ$2,COUNTIFS('List AC'!$BA:$BA,$C37)>0,'List AC'!$BA$2,COUNTIFS('List AC'!$BB:$BB,$C37)>0,'List AC'!$BB$2,COUNTIFS('List AC'!$BC:$BC,$C37)>0,'List AC'!$BC$2,COUNTIFS('List AC'!$BD:$BD,$C37)>0,'List AC'!$BD$2),"")
A38: 46283 | B38: WG 02 | C38: PK-LHR | D38: NLA083679 | E38: REFF NSRDIL NO. NLA089093 DURING DAILY FOUND COVER LIST HEADTRACK NO 32DEF IS CRACK | F38: CBM | I38: 412A7111-30D | J38: TRIM ASSY-THRESHOLD | K38: WAITING PERFORM | L38: JT | M38: B737 | N38: PKU | O38: 46287 | P38: AVAIL P5 : 1 EA | Q38: OPEN | S38: =IFNA(IFS(COUNTIFS('List AC'!$A:$A,$C38)>0,'List AC'!$A$2,COUNTIFS('List AC'!$B:$B,$C38)>0,'List AC'!$B$2,COUNTIFS('List AC'!$C:$C,$C38)>0,'List AC'!$C$2,COUNTIFS('List AC'!$D:$D,$C38)>0,'List AC'!$D$2,COUNTIFS('List AC'!$E:$E,$C38)>0,'List AC'!$E$2,COUNTIFS('List AC'!$F:$F,$C38)>0,'List AC'!$F$2,COUNTIFS('List AC'!$G:$G,$C38)>0,'List AC'!$G$2,COUNTIFS('List AC'!$H:$H,$C38)>0,'List AC'!$H$2,COUNTIFS('List AC'!$I:$I,$C38)>0,'List AC'!$I$2,COUNTIFS('List AC'!$J:$J,$C38)>0,'List AC'!$J$2,COUNTIFS('List AC'!$K:$K,$C38)>0,'List AC'!$K$2,COUNTIFS('List AC'!$L:$L,$C38)>0,'List AC'!$L$2,COUNTIFS('List AC'!$Q:$Q,$C38)>0,'List AC'!$Q$2,COUNTIFS('List AC'!$M:$M,$C38)>0,'List AC'!$M$2,COUNTIFS('List AC'!$N:$N,$C38)>0,'List AC'!$N$2,COUNTIFS('List AC'!$O:$O,$C38)>0,'List AC'!$O$2,COUNTIFS('List AC'!$P:$P,$C38)>0,'List AC'!$P$2,COUNTIFS('List AC'!$R:$R,$C38)>0,'List AC'!$R$2,COUNTIFS('List AC'!$S:$S,$C38)>0,'List AC'!$S$2,COUNTIFS('List AC'!$T:$T,$C38)>0,'List AC'!$T$2,COUNTIFS('List AC'!$U:$U,$C38)>0,'List AC'!$U$2,COUNTIFS('List AC'!$V:$V,$C38)>0,'List AC'!$V$2,COUNTIFS('List AC'!$W:$W,$C38)>0,'List AC'!$W$2,COUNTIFS('List AC'!$X:$X,$C38)>0,'List AC'!$X$2,COUNTIFS('List AC'!$Y:$Y,$C38)>0,'List AC'!$Y$2,COUNTIFS('List AC'!$Z:$Z,$C38)>0,'List AC'!$Z$2,COUNTIFS('List AC'!$AA:$AA,$C38)>0,'List AC'!$AA$2,COUNTIFS('List AC'!$AB:$AB,$C38)>0,'List AC'!$AB$2,COUNTIFS('List AC'!$AC:$AC,$C38)>0,'List AC'!$AC$2,COUNTIFS('List AC'!$AD:$AD,$C38)>0,'List AC'!$AD$2,COUNTIFS('List AC'!$AE:$AE,$C38)>0,'List AC'!$AE$2,COUNTIFS('List AC'!$AF:$AF,$C38)>0,'List AC'!$AF$2,COUNTIFS('List AC'!$AG:$AG,$C38)>0,'List AC'!$AG$2,COUNTIFS('List AC'!$AH:$AH,$C38)>0,'List AC'!$AH$2,COUNTIFS('List AC'!$AI:$AI,$C38)>0,'List AC'!$AI$2,COUNTIFS('List AC'!$AJ:$AJ,$C38)>0,'List AC'!$AJ$2,COUNTIFS('List AC'!$AK:$AK,$C38)>0,'List AC'!$AK$2,COUNTIFS('List AC'!$AL:$AL,$C38)>0,'List AC'!$AL$2,COUNTIFS('List AC'!$AM:$AM,$C38)>0,'List AC'!$AM$2,COUNTIFS('List AC'!$AN:$AN,$C38)>0,'List AC'!$AN$2,COUNTIFS('List AC'!$AO:$AO,$C38)>0,'List AC'!$AO$2,COUNTIFS('List AC'!$AP:$AP,$C38)>0,'List AC'!$AP$2,COUNTIFS('List AC'!$AQ:$AQ,$C38)>0,'List AC'!$AQ$2,COUNTIFS('List AC'!$AR:$AR,$C38)>0,'List AC'!$AR$2,COUNTIFS('List AC'!$AS:$AS,$C38)>0,'List AC'!$AS$2,COUNTIFS('List AC'!$AT:$AT,$C38)>0,'List AC'!$AT$2,COUNTIFS('List AC'!$AU:$AU,$C38)>0,'List AC'!$AU$2,COUNTIFS('List AC'!$AV:$AV,$C38)>0,'List AC'!$AV$2,COUNTIFS('List AC'!$AW:$AW,$C38)>0,'List AC'!$AW$2,COUNTIFS('List AC'!$AX:$AX,$C38)>0,'List AC'!$AX$2,COUNTIFS('List AC'!$AY:$AY,$C38)>0,'List AC'!$AY$2,COUNTIFS('List AC'!$AZ:$AZ,$C38)>0,'List AC'!$AZ$2,COUNTIFS('List AC'!$BA:$BA,$C38)>0,'List AC'!$BA$2,COUNTIFS('List AC'!$BB:$BB,$C38)>0,'List AC'!$BB$2,COUNTIFS('List AC'!$BC:$BC,$C38)>0,'List AC'!$BC$2,COUNTIFS('List AC'!$BD:$BD,$C38)>0,'List AC'!$BD$2),"") | T38: ACTUAL CHECK PN NOT MATCH | U38: NS
A39: 46283 | B39: WG 09 | C39: PK-SJO | D39: NSAJ013067 | E39: REF FINDING ICT 18449 HEADREST COVER CO PILOT FOUND DIRTY | F39: CBM | G39: 46281 | H39: 46401 | I39: TAAI3-998412-01 | J39: COVER HEAD REST | K39: WAITING PERFORM | L39: IU | M39: A320 | N39: CGK | O39: 46287 | Q39: CLOSED | R39: 46287 | S39: =IFNA(IFS(COUNTIFS('List AC'!$A:$A,$C39)>0,'List AC'!$A$2,COUNTIFS('List AC'!$B:$B,$C39)>0,'List AC'!$B$2,COUNTIFS('List AC'!$C:$C,$C39)>0,'List AC'!$C$2,COUNTIFS('List AC'!$D:$D,$C39)>0,'List AC'!$D$2,COUNTIFS('List AC'!$E:$E,$C39)>0,'List AC'!$E$2,COUNTIFS('List AC'!$F:$F,$C39)>0,'List AC'!$F$2,COUNTIFS('List AC'!$G:$G,$C39)>0,'List AC'!$G$2,COUNTIFS('List AC'!$H:$H,$C39)>0,'List AC'!$H$2,COUNTIFS('List AC'!$I:$I,$C39)>0,'List AC'!$I$2,COUNTIFS('List AC'!$J:$J,$C39)>0,'List AC'!$J$2,COUNTIFS('List AC'!$K:$K,$C39)>0,'List AC'!$K$2,COUNTIFS('List AC'!$L:$L,$C39)>0,'List AC'!$L$2,COUNTIFS('List AC'!$Q:$Q,$C39)>0,'List AC'!$Q$2,COUNTIFS('List AC'!$M:$M,$C39)>0,'List AC'!$M$2,COUNTIFS('List AC'!$N:$N,$C39)>0,'List AC'!$N$2,COUNTIFS('List AC'!$O:$O,$C39)>0,'List AC'!$O$2,COUNTIFS('List AC'!$P:$P,$C39)>0,'List AC'!$P$2,COUNTIFS('List AC'!$R:$R,$C39)>0,'List AC'!$R$2,COUNTIFS('List AC'!$S:$S,$C39)>0,'List AC'!$S$2,COUNTIFS('List AC'!$T:$T,$C39)>0,'List AC'!$T$2,COUNTIFS('List AC'!$U:$U,$C39)>0,'List AC'!$U$2,COUNTIFS('List AC'!$V:$V,$C39)>0,'List AC'!$V$2,COUNTIFS('List AC'!$W:$W,$C39)>0,'List AC'!$W$2,COUNTIFS('List AC'!$X:$X,$C39)>0,'List AC'!$X$2,COUNTIFS('List AC'!$Y:$Y,$C39)>0,'List AC'!$Y$2,COUNTIFS('List AC'!$Z:$Z,$C39)>0,'List AC'!$Z$2,COUNTIFS('List AC'!$AA:$AA,$C39)>0,'List AC'!$AA$2,COUNTIFS('List AC'!$AB:$AB,$C39)>0,'List AC'!$AB$2,COUNTIFS('List AC'!$AC:$AC,$C39)>0,'List AC'!$AC$2,COUNTIFS('List AC'!$AD:$AD,$C39)>0,'List AC'!$AD$2,COUNTIFS('List AC'!$AE:$AE,$C39)>0,'List AC'!$AE$2,COUNTIFS('List AC'!$AF:$AF,$C39)>0,'List AC'!$AF$2,COUNTIFS('List AC'!$AG:$AG,$C39)>0,'List AC'!$AG$2,COUNTIFS('List AC'!$AH:$AH,$C39)>0,'List AC'!$AH$2,COUNTIFS('List AC'!$AI:$AI,$C39)>0,'List AC'!$AI$2,COUNTIFS('List AC'!$AJ:$AJ,$C39)>0,'List AC'!$AJ$2,COUNTIFS('List AC'!$AK:$AK,$C39)>0,'List AC'!$AK$2,COUNTIFS('List AC'!$AL:$AL,$C39)>0,'List AC'!$AL$2,COUNTIFS('List AC'!$AM:$AM,$C39)>0,'List AC'!$AM$2,COUNTIFS('List AC'!$AN:$AN,$C39)>0,'List AC'!$AN$2,COUNTIFS('List AC'!$AO:$AO,$C39)>0,'List AC'!$AO$2,COUNTIFS('List AC'!$AP:$AP,$C39)>0,'List AC'!$AP$2,COUNTIFS('List AC'!$AQ:$AQ,$C39)>0,'List AC'!$AQ$2,COUNTIFS('List AC'!$AR:$AR,$C39)>0,'List AC'!$AR$2,COUNTIFS('List AC'!$AS:$AS,$C39)>0,'List AC'!$AS$2,COUNTIFS('List AC'!$AT:$AT,$C39)>0,'List AC'!$AT$2,COUNTIFS('List AC'!$AU:$AU,$C39)>0,'List AC'!$AU$2,COUNTIFS('List AC'!$AV:$AV,$C39)>0,'List AC'!$AV$2,COUNTIFS('List AC'!$AW:$AW,$C39)>0,'List AC'!$AW$2,COUNTIFS('List AC'!$AX:$AX,$C39)>0,'List AC'!$AX$2,COUNTIFS('List AC'!$AY:$AY,$C39)>0,'List AC'!$AY$2,COUNTIFS('List AC'!$AZ:$AZ,$C39)>0,'List AC'!$AZ$2,COUNTIFS('List AC'!$BA:$BA,$C39)>0,'List AC'!$BA$2,COUNTIFS('List AC'!$BB:$BB,$C39)>0,'List AC'!$BB$2,COUNTIFS('List AC'!$BC:$BC,$C39)>0,'List AC'!$BC$2,COUNTIFS('List AC'!$BD:$BD,$C39)>0,'List AC'!$BD$2),"")
A40: 46280 | B40: WG 02 | C40: PK-LJI | D40: NLA070817 | E40: GASPER AIR OUTLET 32C,32E,32F FOUND LOSS | F40: CBM | G40: 46177 | H40: 46297 | I40: 1010206-301BHU | J40: ESCUTCHEON, BLANK | K40: WAITING PERFORM | L40: JT | M40: B737 | N40: SUB | O40: 46287 | P40: TO.2611521 | Q40: CLOSED | S40: =IFNA(IFS(COUNTIFS('List AC'!$A:$A,$C40)>0,'List AC'!$A$2,COUNTIFS('List AC'!$B:$B,$C40)>0,'List AC'!$B$2,COUNTIFS('List AC'!$C:$C,$C40)>0,'List AC'!$C$2,COUNTIFS('List AC'!$D:$D,$C40)>0,'List AC'!$D$2,COUNTIFS('List AC'!$E:$E,$C40)>0,'List AC'!$E$2,COUNTIFS('List AC'!$F:$F,$C40)>0,'List AC'!$F$2,COUNTIFS('List AC'!$G:$G,$C40)>0,'List AC'!$G$2,COUNTIFS('List AC'!$H:$H,$C40)>0,'List AC'!$H$2,COUNTIFS('List AC'!$I:$I,$C40)>0,'List AC'!$I$2,COUNTIFS('List AC'!$J:$J,$C40)>0,'List AC'!$J$2,COUNTIFS('List AC'!$K:$K,$C40)>0,'List AC'!$K$2,COUNTIFS('List AC'!$L:$L,$C40)>0,'List AC'!$L$2,COUNTIFS('List AC'!$Q:$Q,$C40)>0,'List AC'!$Q$2,COUNTIFS('List AC'!$M:$M,$C40)>0,'List AC'!$M$2,COUNTIFS('List AC'!$N:$N,$C40)>0,'List AC'!$N$2,COUNTIFS('List AC'!$O:$O,$C40)>0,'List AC'!$O$2,COUNTIFS('List AC'!$P:$P,$C40)>0,'List AC'!$P$2,COUNTIFS('List AC'!$R:$R,$C40)>0,'List AC'!$R$2,COUNTIFS('List AC'!$S:$S,$C40)>0,'List AC'!$S$2,COUNTIFS('List AC'!$T:$T,$C40)>0,'List AC'!$T$2,COUNTIFS('List AC'!$U:$U,$C40)>0,'List AC'!$U$2,COUNTIFS('List AC'!$V:$V,$C40)>0,'List AC'!$V$2,COUNTIFS('List AC'!$W:$W,$C40)>0,'List AC'!$W$2,COUNTIFS('List AC'!$X:$X,$C40)>0,'List AC'!$X$2,COUNTIFS('List AC'!$Y:$Y,$C40)>0,'List AC'!$Y$2,COUNTIFS('List AC'!$Z:$Z,$C40)>0,'List AC'!$Z$2,COUNTIFS('List AC'!$AA:$AA,$C40)>0,'List AC'!$AA$2,COUNTIFS('List AC'!$AB:$AB,$C40)>0,'List AC'!$AB$2,COUNTIFS('List AC'!$AC:$AC,$C40)>0,'List AC'!$AC$2,COUNTIFS('List AC'!$AD:$AD,$C40)>0,'List AC'!$AD$2,COUNTIFS('List AC'!$AE:$AE,$C40)>0,'List AC'!$AE$2,COUNTIFS('List AC'!$AF:$AF,$C40)>0,'List AC'!$AF$2,COUNTIFS('List AC'!$AG:$AG,$C40)>0,'List AC'!$AG$2,COUNTIFS('List AC'!$AH:$AH,$C40)>0,'List AC'!$AH$2,COUNTIFS('List AC'!$AI:$AI,$C40)>0,'List AC'!$AI$2,COUNTIFS('List AC'!$AJ:$AJ,$C40)>0,'List AC'!$AJ$2,COUNTIFS('List AC'!$AK:$AK,$C40)>0,'List AC'!$AK$2,COUNTIFS('List AC'!$AL:$AL,$C40)>0,'List AC'!$AL$2,COUNTIFS('List AC'!$AM:$AM,$C40)>0,'List AC'!$AM$2,COUNTIFS('List AC'!$AN:$AN,$C40)>0,'List AC'!$AN$2,COUNTIFS('List AC'!$AO:$AO,$C40)>0,'List AC'!$AO$2,COUNTIFS('List AC'!$AP:$AP,$C40)>0,'List AC'!$AP$2,COUNTIFS('List AC'!$AQ:$AQ,$C40)>0,'List AC'!$AQ$2,COUNTIFS('List AC'!$AR:$AR,$C40)>0,'List AC'!$AR$2,COUNTIFS('List AC'!$AS:$AS,$C40)>0,'List AC'!$AS$2,COUNTIFS('List AC'!$AT:$AT,$C40)>0,'List AC'!$AT$2,COUNTIFS('List AC'!$AU:$AU,$C40)>0,'List AC'!$AU$2,COUNTIFS('List AC'!$AV:$AV,$C40)>0,'List AC'!$AV$2,COUNTIFS('List AC'!$AW:$AW,$C40)>0,'List AC'!$AW$2,COUNTIFS('List AC'!$AX:$AX,$C40)>0,'List AC'!$AX$2,COUNTIFS('List AC'!$AY:$AY,$C40)>0,'List AC'!$AY$2,COUNTIFS('List AC'!$AZ:$AZ,$C40)>0,'List AC'!$AZ$2,COUNTIFS('List AC'!$BA:$BA,$C40)>0,'List AC'!$BA$2,COUNTIFS('List AC'!$BB:$BB,$C40)>0,'List AC'!$BB$2,COUNTIFS('List AC'!$BC:$BC,$C40)>0,'List AC'!$BC$2,COUNTIFS('List AC'!$BD:$BD,$C40)>0,'List AC'!$BD$2),"")
A41: 46280 | B41: WG 02 | C41: PK-LJI | D41: NLA070819 | E41: ESCUTCHEON ARMCAP SEAT NO : 12F, 16C, 33B, 34B, 36E, 37A, 39ADF MISSING | F41: CBM | G41: 46179 | H41: 46299 | I41: 1010206-301BHU | J41: ESCUTCHEON, BLANK | K41: WAITING PERFORM | L41: JT | M41: B737 | N41: SUB | O41: 46287 | P41: TO.2611521 | Q41: CLOSED | S41: =IFNA(IFS(COUNTIFS('List AC'!$A:$A,$C41)>0,'List AC'!$A$2,COUNTIFS('List AC'!$B:$B,$C41)>0,'List AC'!$B$2,COUNTIFS('List AC'!$C:$C,$C41)>0,'List AC'!$C$2,COUNTIFS('List AC'!$D:$D,$C41)>0,'List AC'!$D$2,COUNTIFS('List AC'!$E:$E,$C41)>0,'List AC'!$E$2,COUNTIFS('List AC'!$F:$F,$C41)>0,'List AC'!$F$2,COUNTIFS('List AC'!$G:$G,$C41)>0,'List AC'!$G$2,COUNTIFS('List AC'!$H:$H,$C41)>0,'List AC'!$H$2,COUNTIFS('List AC'!$I:$I,$C41)>0,'List AC'!$I$2,COUNTIFS('List AC'!$J:$J,$C41)>0,'List AC'!$J$2,COUNTIFS('List AC'!$K:$K,$C41)>0,'List AC'!$K$2,COUNTIFS('List AC'!$L:$L,$C41)>0,'List AC'!$L$2,COUNTIFS('List AC'!$Q:$Q,$C41)>0,'List AC'!$Q$2,COUNTIFS('List AC'!$M:$M,$C41)>0,'List AC'!$M$2,COUNTIFS('List AC'!$N:$N,$C41)>0,'List AC'!$N$2,COUNTIFS('List AC'!$O:$O,$C41)>0,'List AC'!$O$2,COUNTIFS('List AC'!$P:$P,$C41)>0,'List AC'!$P$2,COUNTIFS('List AC'!$R:$R,$C41)>0,'List AC'!$R$2,COUNTIFS('List AC'!$S:$S,$C41)>0,'List AC'!$S$2,COUNTIFS('List AC'!$T:$T,$C41)>0,'List AC'!$T$2,COUNTIFS('List AC'!$U:$U,$C41)>0,'List AC'!$U$2,COUNTIFS('List AC'!$V:$V,$C41)>0,'List AC'!$V$2,COUNTIFS('List AC'!$W:$W,$C41)>0,'List AC'!$W$2,COUNTIFS('List AC'!$X:$X,$C41)>0,'List AC'!$X$2,COUNTIFS('List AC'!$Y:$Y,$C41)>0,'List AC'!$Y$2,COUNTIFS('List AC'!$Z:$Z,$C41)>0,'List AC'!$Z$2,COUNTIFS('List AC'!$AA:$AA,$C41)>0,'List AC'!$AA$2,COUNTIFS('List AC'!$AB:$AB,$C41)>0,'List AC'!$AB$2,COUNTIFS('List AC'!$AC:$AC,$C41)>0,'List AC'!$AC$2,COUNTIFS('List AC'!$AD:$AD,$C41)>0,'List AC'!$AD$2,COUNTIFS('List AC'!$AE:$AE,$C41)>0,'List AC'!$AE$2,COUNTIFS('List AC'!$AF:$AF,$C41)>0,'List AC'!$AF$2,COUNTIFS('List AC'!$AG:$AG,$C41)>0,'List AC'!$AG$2,COUNTIFS('List AC'!$AH:$AH,$C41)>0,'List AC'!$AH$2,COUNTIFS('List AC'!$AI:$AI,$C41)>0,'List AC'!$AI$2,COUNTIFS('List AC'!$AJ:$AJ,$C41)>0,'List AC'!$AJ$2,COUNTIFS('List AC'!$AK:$AK,$C41)>0,'List AC'!$AK$2,COUNTIFS('List AC'!$AL:$AL,$C41)>0,'List AC'!$AL$2,COUNTIFS('List AC'!$AM:$AM,$C41)>0,'List AC'!$AM$2,COUNTIFS('List AC'!$AN:$AN,$C41)>0,'List AC'!$AN$2,COUNTIFS('List AC'!$AO:$AO,$C41)>0,'List AC'!$AO$2,COUNTIFS('List AC'!$AP:$AP,$C41)>0,'List AC'!$AP$2,COUNTIFS('List AC'!$AQ:$AQ,$C41)>0,'List AC'!$AQ$2,COUNTIFS('List AC'!$AR:$AR,$C41)>0,'List AC'!$AR$2,COUNTIFS('List AC'!$AS:$AS,$C41)>0,'List AC'!$AS$2,COUNTIFS('List AC'!$AT:$AT,$C41)>0,'List AC'!$AT$2,COUNTIFS('List AC'!$AU:$AU,$C41)>0,'List AC'!$AU$2,COUNTIFS('List AC'!$AV:$AV,$C41)>0,'List AC'!$AV$2,COUNTIFS('List AC'!$AW:$AW,$C41)>0,'List AC'!$AW$2,COUNTIFS('List AC'!$AX:$AX,$C41)>0,'List AC'!$AX$2,COUNTIFS('List AC'!$AY:$AY,$C41)>0,'List AC'!$AY$2,COUNTIFS('List AC'!$AZ:$AZ,$C41)>0,'List AC'!$AZ$2,COUNTIFS('List AC'!$BA:$BA,$C41)>0,'List AC'!$BA$2,COUNTIFS('List AC'!$BB:$BB,$C41)>0,'List AC'!$BB$2,COUNTIFS('List AC'!$BC:$BC,$C41)>0,'List AC'!$BC$2,COUNTIFS('List AC'!$BD:$BD,$C41)>0,'List AC'!$BD$2),"")
A42: 46280 | B42: WG 02 | C42: PK-LJI | D42: NLA070840 | E42: COVER GASPER AIR OUTLET S/N 19A MISSING | F42: CBM | G42: 46232 | H42: 46352 | I42: 1010206-301BHU | J42: ESCUTCHEON, BLANK | K42: WAITING PERFORM | L42: JT | M42: B737 | N42: SUB | O42: 46287 | P42: TO.2611521 | Q42: CLOSED | S42: =IFNA(IFS(COUNTIFS('List AC'!$A:$A,$C42)>0,'List AC'!$A$2,COUNTIFS('List AC'!$B:$B,$C42)>0,'List AC'!$B$2,COUNTIFS('List AC'!$C:$C,$C42)>0,'List AC'!$C$2,COUNTIFS('List AC'!$D:$D,$C42)>0,'List AC'!$D$2,COUNTIFS('List AC'!$E:$E,$C42)>0,'List AC'!$E$2,COUNTIFS('List AC'!$F:$F,$C42)>0,'List AC'!$F$2,COUNTIFS('List AC'!$G:$G,$C42)>0,'List AC'!$G$2,COUNTIFS('List AC'!$H:$H,$C42)>0,'List AC'!$H$2,COUNTIFS('List AC'!$I:$I,$C42)>0,'List AC'!$I$2,COUNTIFS('List AC'!$J:$J,$C42)>0,'List AC'!$J$2,COUNTIFS('List AC'!$K:$K,$C42)>0,'List AC'!$K$2,COUNTIFS('List AC'!$L:$L,$C42)>0,'List AC'!$L$2,COUNTIFS('List AC'!$Q:$Q,$C42)>0,'List AC'!$Q$2,COUNTIFS('List AC'!$M:$M,$C42)>0,'List AC'!$M$2,COUNTIFS('List AC'!$N:$N,$C42)>0,'List AC'!$N$2,COUNTIFS('List AC'!$O:$O,$C42)>0,'List AC'!$O$2,COUNTIFS('List AC'!$P:$P,$C42)>0,'List AC'!$P$2,COUNTIFS('List AC'!$R:$R,$C42)>0,'List AC'!$R$2,COUNTIFS('List AC'!$S:$S,$C42)>0,'List AC'!$S$2,COUNTIFS('List AC'!$T:$T,$C42)>0,'List AC'!$T$2,COUNTIFS('List AC'!$U:$U,$C42)>0,'List AC'!$U$2,COUNTIFS('List AC'!$V:$V,$C42)>0,'List AC'!$V$2,COUNTIFS('List AC'!$W:$W,$C42)>0,'List AC'!$W$2,COUNTIFS('List AC'!$X:$X,$C42)>0,'List AC'!$X$2,COUNTIFS('List AC'!$Y:$Y,$C42)>0,'List AC'!$Y$2,COUNTIFS('List AC'!$Z:$Z,$C42)>0,'List AC'!$Z$2,COUNTIFS('List AC'!$AA:$AA,$C42)>0,'List AC'!$AA$2,COUNTIFS('List AC'!$AB:$AB,$C42)>0,'List AC'!$AB$2,COUNTIFS('List AC'!$AC:$AC,$C42)>0,'List AC'!$AC$2,COUNTIFS('List AC'!$AD:$AD,$C42)>0,'List AC'!$AD$2,COUNTIFS('List AC'!$AE:$AE,$C42)>0,'List AC'!$AE$2,COUNTIFS('List AC'!$AF:$AF,$C42)>0,'List AC'!$AF$2,COUNTIFS('List AC'!$AG:$AG,$C42)>0,'List AC'!$AG$2,COUNTIFS('List AC'!$AH:$AH,$C42)>0,'List AC'!$AH$2,COUNTIFS('List AC'!$AI:$AI,$C42)>0,'List AC'!$AI$2,COUNTIFS('List AC'!$AJ:$AJ,$C42)>0,'List AC'!$AJ$2,COUNTIFS('List AC'!$AK:$AK,$C42)>0,'List AC'!$AK$2,COUNTIFS('List AC'!$AL:$AL,$C42)>0,'List AC'!$AL$2,COUNTIFS('List AC'!$AM:$AM,$C42)>0,'List AC'!$AM$2,COUNTIFS('List AC'!$AN:$AN,$C42)>0,'List AC'!$AN$2,COUNTIFS('List AC'!$AO:$AO,$C42)>0,'List AC'!$AO$2,COUNTIFS('List AC'!$AP:$AP,$C42)>0,'List AC'!$AP$2,COUNTIFS('List AC'!$AQ:$AQ,$C42)>0,'List AC'!$AQ$2,COUNTIFS('List AC'!$AR:$AR,$C42)>0,'List AC'!$AR$2,COUNTIFS('List AC'!$AS:$AS,$C42)>0,'List AC'!$AS$2,COUNTIFS('List AC'!$AT:$AT,$C42)>0,'List AC'!$AT$2,COUNTIFS('List AC'!$AU:$AU,$C42)>0,'List AC'!$AU$2,COUNTIFS('List AC'!$AV:$AV,$C42)>0,'List AC'!$AV$2,COUNTIFS('List AC'!$AW:$AW,$C42)>0,'List AC'!$AW$2,COUNTIFS('List AC'!$AX:$AX,$C42)>0,'List AC'!$AX$2,COUNTIFS('List AC'!$AY:$AY,$C42)>0,'List AC'!$AY$2,COUNTIFS('List AC'!$AZ:$AZ,$C42)>0,'List AC'!$AZ$2,COUNTIFS('List AC'!$BA:$BA,$C42)>0,'List AC'!$BA$2,COUNTIFS('List AC'!$BB:$BB,$C42)>0,'List AC'!$BB$2,COUNTIFS('List AC'!$BC:$BC,$C42)>0,'List AC'!$BC$2,COUNTIFS('List AC'!$BD:$BD,$C42)>0,'List AC'!$BD$2),"")
A43: 46283 | B43: WG 08 | C43: PK-SAW | D43: NSAJ006234 | E43: AIRFI AT AFT STATION NOT AVAILABLE | F43: CBM | G43: 46280 | H43: 46400 | I43: DSD.IU.999.0819 | J43: AIRFI BOX FOR SUPER AIR JET | K43: WAITING PERFORM | L43: IU | M43: A320 | N43: SRG | O43: 46287 | P43: TO.2611696 | Q43: CLOSED | R43: 46287 | S43: =IFNA(IFS(COUNTIFS('List AC'!$A:$A,$C43)>0,'List AC'!$A$2,COUNTIFS('List AC'!$B:$B,$C43)>0,'List AC'!$B$2,COUNTIFS('List AC'!$C:$C,$C43)>0,'List AC'!$C$2,COUNTIFS('List AC'!$D:$D,$C43)>0,'List AC'!$D$2,COUNTIFS('List AC'!$E:$E,$C43)>0,'List AC'!$E$2,COUNTIFS('List AC'!$F:$F,$C43)>0,'List AC'!$F$2,COUNTIFS('List AC'!$G:$G,$C43)>0,'List AC'!$G$2,COUNTIFS('List AC'!$H:$H,$C43)>0,'List AC'!$H$2,COUNTIFS('List AC'!$I:$I,$C43)>0,'List AC'!$I$2,COUNTIFS('List AC'!$J:$J,$C43)>0,'List AC'!$J$2,COUNTIFS('List AC'!$K:$K,$C43)>0,'List AC'!$K$2,COUNTIFS('List AC'!$L:$L,$C43)>0,'List AC'!$L$2,COUNTIFS('List AC'!$Q:$Q,$C43)>0,'List AC'!$Q$2,COUNTIFS('List AC'!$M:$M,$C43)>0,'List AC'!$M$2,COUNTIFS('List AC'!$N:$N,$C43)>0,'List AC'!$N$2,COUNTIFS('List AC'!$O:$O,$C43)>0,'List AC'!$O$2,COUNTIFS('List AC'!$P:$P,$C43)>0,'List AC'!$P$2,COUNTIFS('List AC'!$R:$R,$C43)>0,'List AC'!$R$2,COUNTIFS('List AC'!$S:$S,$C43)>0,'List AC'!$S$2,COUNTIFS('List AC'!$T:$T,$C43)>0,'List AC'!$T$2,COUNTIFS('List AC'!$U:$U,$C43)>0,'List AC'!$U$2,COUNTIFS('List AC'!$V:$V,$C43)>0,'List AC'!$V$2,COUNTIFS('List AC'!$W:$W,$C43)>0,'List AC'!$W$2,COUNTIFS('List AC'!$X:$X,$C43)>0,'List AC'!$X$2,COUNTIFS('List AC'!$Y:$Y,$C43)>0,'List AC'!$Y$2,COUNTIFS('List AC'!$Z:$Z,$C43)>0,'List AC'!$Z$2,COUNTIFS('List AC'!$AA:$AA,$C43)>0,'List AC'!$AA$2,COUNTIFS('List AC'!$AB:$AB,$C43)>0,'List AC'!$AB$2,COUNTIFS('List AC'!$AC:$AC,$C43)>0,'List AC'!$AC$2,COUNTIFS('List AC'!$AD:$AD,$C43)>0,'List AC'!$AD$2,COUNTIFS('List AC'!$AE:$AE,$C43)>0,'List AC'!$AE$2,COUNTIFS('List AC'!$AF:$AF,$C43)>0,'List AC'!$AF$2,COUNTIFS('List AC'!$AG:$AG,$C43)>0,'List AC'!$AG$2,COUNTIFS('List AC'!$AH:$AH,$C43)>0,'List AC'!$AH$2,COUNTIFS('List AC'!$AI:$AI,$C43)>0,'List AC'!$AI$2,COUNTIFS('List AC'!$AJ:$AJ,$C43)>0,'List AC'!$AJ$2,COUNTIFS('List AC'!$AK:$AK,$C43)>0,'List AC'!$AK$2,COUNTIFS('List AC'!$AL:$AL,$C43)>0,'List AC'!$AL$2,COUNTIFS('List AC'!$AM:$AM,$C43)>0,'List AC'!$AM$2,COUNTIFS('List AC'!$AN:$AN,$C43)>0,'List AC'!$AN$2,COUNTIFS('List AC'!$AO:$AO,$C43)>0,'List AC'!$AO$2,COUNTIFS('List AC'!$AP:$AP,$C43)>0,'List AC'!$AP$2,COUNTIFS('List AC'!$AQ:$AQ,$C43)>0,'List AC'!$AQ$2,COUNTIFS('List AC'!$AR:$AR,$C43)>0,'List AC'!$AR$2,COUNTIFS('List AC'!$AS:$AS,$C43)>0,'List AC'!$AS$2,COUNTIFS('List AC'!$AT:$AT,$C43)>0,'List AC'!$AT$2,COUNTIFS('List AC'!$AU:$AU,$C43)>0,'List AC'!$AU$2,COUNTIFS('List AC'!$AV:$AV,$C43)>0,'List AC'!$AV$2,COUNTIFS('List AC'!$AW:$AW,$C43)>0,'List AC'!$AW$2,COUNTIFS('List AC'!$AX:$AX,$C43)>0,'List AC'!$AX$2,COUNTIFS('List AC'!$AY:$AY,$C43)>0,'List AC'!$AY$2,COUNTIFS('List AC'!$AZ:$AZ,$C43)>0,'List AC'!$AZ$2,COUNTIFS('List AC'!$BA:$BA,$C43)>0,'List AC'!$BA$2,COUNTIFS('List AC'!$BB:$BB,$C43)>0,'List AC'!$BB$2,COUNTIFS('List AC'!$BC:$BC,$C43)>0,'List AC'!$BC$2,COUNTIFS('List AC'!$BD:$BD,$C43)>0,'List AC'!$BD$2),"")
A44: 46283 | B44: WG 13 | C44: PK-LEU | D44: NLA090053 | E44: LAVATORY L61 CAN'T LOCK PROPERLY | F44: CBM | G44: 46233 | H44: 46353 | I44: L2-254-0015-105 | J44: LOCK ASSY | K44: WAITING PERFORM | L44: JT | M44: A330 | N44: SUB | O44: 46287 | P44: AVAIL S1 : 1 EA | Q44: OPEN | S44: =IFNA(IFS(COUNTIFS('List AC'!$A:$A,$C44)>0,'List AC'!$A$2,COUNTIFS('List AC'!$B:$B,$C44)>0,'List AC'!$B$2,COUNTIFS('List AC'!$C:$C,$C44)>0,'List AC'!$C$2,COUNTIFS('List AC'!$D:$D,$C44)>0,'List AC'!$D$2,COUNTIFS('List AC'!$E:$E,$C44)>0,'List AC'!$E$2,COUNTIFS('List AC'!$F:$F,$C44)>0,'List AC'!$F$2,COUNTIFS('List AC'!$G:$G,$C44)>0,'List AC'!$G$2,COUNTIFS('List AC'!$H:$H,$C44)>0,'List AC'!$H$2,COUNTIFS('List AC'!$I:$I,$C44)>0,'List AC'!$I$2,COUNTIFS('List AC'!$J:$J,$C44)>0,'List AC'!$J$2,COUNTIFS('List AC'!$K:$K,$C44)>0,'List AC'!$K$2,COUNTIFS('List AC'!$L:$L,$C44)>0,'List AC'!$L$2,COUNTIFS('List AC'!$Q:$Q,$C44)>0,'List AC'!$Q$2,COUNTIFS('List AC'!$M:$M,$C44)>0,'List AC'!$M$2,COUNTIFS('List AC'!$N:$N,$C44)>0,'List AC'!$N$2,COUNTIFS('List AC'!$O:$O,$C44)>0,'List AC'!$O$2,COUNTIFS('List AC'!$P:$P,$C44)>0,'List AC'!$P$2,COUNTIFS('List AC'!$R:$R,$C44)>0,'List AC'!$R$2,COUNTIFS('List AC'!$S:$S,$C44)>0,'List AC'!$S$2,COUNTIFS('List AC'!$T:$T,$C44)>0,'List AC'!$T$2,COUNTIFS('List AC'!$U:$U,$C44)>0,'List AC'!$U$2,COUNTIFS('List AC'!$V:$V,$C44)>0,'List AC'!$V$2,COUNTIFS('List AC'!$W:$W,$C44)>0,'List AC'!$W$2,COUNTIFS('List AC'!$X:$X,$C44)>0,'List AC'!$X$2,COUNTIFS('List AC'!$Y:$Y,$C44)>0,'List AC'!$Y$2,COUNTIFS('List AC'!$Z:$Z,$C44)>0,'List AC'!$Z$2,COUNTIFS('List AC'!$AA:$AA,$C44)>0,'List AC'!$AA$2,COUNTIFS('List AC'!$AB:$AB,$C44)>0,'List AC'!$AB$2,COUNTIFS('List AC'!$AC:$AC,$C44)>0,'List AC'!$AC$2,COUNTIFS('List AC'!$AD:$AD,$C44)>0,'List AC'!$AD$2,COUNTIFS('List AC'!$AE:$AE,$C44)>0,'List AC'!$AE$2,COUNTIFS('List AC'!$AF:$AF,$C44)>0,'List AC'!$AF$2,COUNTIFS('List AC'!$AG:$AG,$C44)>0,'List AC'!$AG$2,COUNTIFS('List AC'!$AH:$AH,$C44)>0,'List AC'!$AH$2,COUNTIFS('List AC'!$AI:$AI,$C44)>0,'List AC'!$AI$2,COUNTIFS('List AC'!$AJ:$AJ,$C44)>0,'List AC'!$AJ$2,COUNTIFS('List AC'!$AK:$AK,$C44)>0,'List AC'!$AK$2,COUNTIFS('List AC'!$AL:$AL,$C44)>0,'List AC'!$AL$2,COUNTIFS('List AC'!$AM:$AM,$C44)>0,'List AC'!$AM$2,COUNTIFS('List AC'!$AN:$AN,$C44)>0,'List AC'!$AN$2,COUNTIFS('List AC'!$AO:$AO,$C44)>0,'List AC'!$AO$2,COUNTIFS('List AC'!$AP:$AP,$C44)>0,'List AC'!$AP$2,COUNTIFS('List AC'!$AQ:$AQ,$C44)>0,'List AC'!$AQ$2,COUNTIFS('List AC'!$AR:$AR,$C44)>0,'List AC'!$AR$2,COUNTIFS('List AC'!$AS:$AS,$C44)>0,'List AC'!$AS$2,COUNTIFS('List AC'!$AT:$AT,$C44)>0,'List AC'!$AT$2,COUNTIFS('List AC'!$AU:$AU,$C44)>0,'List AC'!$AU$2,COUNTIFS('List AC'!$AV:$AV,$C44)>0,'List AC'!$AV$2,COUNTIFS('List AC'!$AW:$AW,$C44)>0,'List AC'!$AW$2,COUNTIFS('List AC'!$AX:$AX,$C44)>0,'List AC'!$AX$2,COUNTIFS('List AC'!$AY:$AY,$C44)>0,'List AC'!$AY$2,COUNTIFS('List AC'!$AZ:$AZ,$C44)>0,'List AC'!$AZ$2,COUNTIFS('List AC'!$BA:$BA,$C44)>0,'List AC'!$BA$2,COUNTIFS('List AC'!$BB:$BB,$C44)>0,'List AC'!$BB$2,COUNTIFS('List AC'!$BC:$BC,$C44)>0,'List AC'!$BC$2,COUNTIFS('List AC'!$BD:$BD,$C44)>0,'List AC'!$BD$2),"") | T44: SCREW LOCK DOOR STUCK AND REPAIRMAN DO HEALTY PROGRAM AT HM | U44: WTP
A45: 46283 | B45: WG 07 | C45: PK-LUY | D45: NBA033554 | E45: DOOR WASTE LAVATORY LE FOUND BAD CONDITION (CRACK) | F45: CBM | I45: S125400431-504 | J45: DOOR ASSY-WASH BASIN | K45: WAITING PERFORM | L45: ID | M45: A320 | N45: PLM | O45: 46287 | P45: PART AVAIL P7 : 1 EA | Q45: CLOSED | R45: 46287 | S45: =IFNA(IFS(COUNTIFS('List AC'!$A:$A,$C45)>0,'List AC'!$A$2,COUNTIFS('List AC'!$B:$B,$C45)>0,'List AC'!$B$2,COUNTIFS('List AC'!$C:$C,$C45)>0,'List AC'!$C$2,COUNTIFS('List AC'!$D:$D,$C45)>0,'List AC'!$D$2,COUNTIFS('List AC'!$E:$E,$C45)>0,'List AC'!$E$2,COUNTIFS('List AC'!$F:$F,$C45)>0,'List AC'!$F$2,COUNTIFS('List AC'!$G:$G,$C45)>0,'List AC'!$G$2,COUNTIFS('List AC'!$H:$H,$C45)>0,'List AC'!$H$2,COUNTIFS('List AC'!$I:$I,$C45)>0,'List AC'!$I$2,COUNTIFS('List AC'!$J:$J,$C45)>0,'List AC'!$J$2,COUNTIFS('List AC'!$K:$K,$C45)>0,'List AC'!$K$2,COUNTIFS('List AC'!$L:$L,$C45)>0,'List AC'!$L$2,COUNTIFS('List AC'!$Q:$Q,$C45)>0,'List AC'!$Q$2,COUNTIFS('List AC'!$M:$M,$C45)>0,'List AC'!$M$2,COUNTIFS('List AC'!$N:$N,$C45)>0,'List AC'!$N$2,COUNTIFS('List AC'!$O:$O,$C45)>0,'List AC'!$O$2,COUNTIFS('List AC'!$P:$P,$C45)>0,'List AC'!$P$2,COUNTIFS('List AC'!$R:$R,$C45)>0,'List AC'!$R$2,COUNTIFS('List AC'!$S:$S,$C45)>0,'List AC'!$S$2,COUNTIFS('List AC'!$T:$T,$C45)>0,'List AC'!$T$2,COUNTIFS('List AC'!$U:$U,$C45)>0,'List AC'!$U$2,COUNTIFS('List AC'!$V:$V,$C45)>0,'List AC'!$V$2,COUNTIFS('List AC'!$W:$W,$C45)>0,'List AC'!$W$2,COUNTIFS('List AC'!$X:$X,$C45)>0,'List AC'!$X$2,COUNTIFS('List AC'!$Y:$Y,$C45)>0,'List AC'!$Y$2,COUNTIFS('List AC'!$Z:$Z,$C45)>0,'List AC'!$Z$2,COUNTIFS('List AC'!$AA:$AA,$C45)>0,'List AC'!$AA$2,COUNTIFS('List AC'!$AB:$AB,$C45)>0,'List AC'!$AB$2,COUNTIFS('List AC'!$AC:$AC,$C45)>0,'List AC'!$AC$2,COUNTIFS('List AC'!$AD:$AD,$C45)>0,'List AC'!$AD$2,COUNTIFS('List AC'!$AE:$AE,$C45)>0,'List AC'!$AE$2,COUNTIFS('List AC'!$AF:$AF,$C45)>0,'List AC'!$AF$2,COUNTIFS('List AC'!$AG:$AG,$C45)>0,'List AC'!$AG$2,COUNTIFS('List AC'!$AH:$AH,$C45)>0,'List AC'!$AH$2,COUNTIFS('List AC'!$AI:$AI,$C45)>0,'List AC'!$AI$2,COUNTIFS('List AC'!$AJ:$AJ,$C45)>0,'List AC'!$AJ$2,COUNTIFS('List AC'!$AK:$AK,$C45)>0,'List AC'!$AK$2,COUNTIFS('List AC'!$AL:$AL,$C45)>0,'List AC'!$AL$2,COUNTIFS('List AC'!$AM:$AM,$C45)>0,'List AC'!$AM$2,COUNTIFS('List AC'!$AN:$AN,$C45)>0,'List AC'!$AN$2,COUNTIFS('List AC'!$AO:$AO,$C45)>0,'List AC'!$AO$2,COUNTIFS('List AC'!$AP:$AP,$C45)>0,'List AC'!$AP$2,COUNTIFS('List AC'!$AQ:$AQ,$C45)>0,'List AC'!$AQ$2,COUNTIFS('List AC'!$AR:$AR,$C45)>0,'List AC'!$AR$2,COUNTIFS('List AC'!$AS:$AS,$C45)>0,'List AC'!$AS$2,COUNTIFS('List AC'!$AT:$AT,$C45)>0,'List AC'!$AT$2,COUNTIFS('List AC'!$AU:$AU,$C45)>0,'List AC'!$AU$2,COUNTIFS('List AC'!$AV:$AV,$C45)>0,'List AC'!$AV$2,COUNTIFS('List AC'!$AW:$AW,$C45)>0,'List AC'!$AW$2,COUNTIFS('List AC'!$AX:$AX,$C45)>0,'List AC'!$AX$2,COUNTIFS('List AC'!$AY:$AY,$C45)>0,'List AC'!$AY$2,COUNTIFS('List AC'!$AZ:$AZ,$C45)>0,'List AC'!$AZ$2,COUNTIFS('List AC'!$BA:$BA,$C45)>0,'List AC'!$BA$2,COUNTIFS('List AC'!$BB:$BB,$C45)>0,'List AC'!$BB$2,COUNTIFS('List AC'!$BC:$BC,$C45)>0,'List AC'!$BC$2,COUNTIFS('List AC'!$BD:$BD,$C45)>0,'List AC'!$BD$2),"")
A46: 46283 | B46: WG 08 | C46: PK-SJD | D46: NSAJ007653 | E46: PANEL I5IAW BAD CONDITION | F46: CBM | I46: D2557123801000 | J46: PANEL ASSY - SIDEWALL | K46: WAITING PERFORM | L46: IU | M46: A320 | N46: CGK | O46: 46287 | Q46: OPEN | S46: =IFNA(IFS(COUNTIFS('List AC'!$A:$A,$C46)>0,'List AC'!$A$2,COUNTIFS('List AC'!$B:$B,$C46)>0,'List AC'!$B$2,COUNTIFS('List AC'!$C:$C,$C46)>0,'List AC'!$C$2,COUNTIFS('List AC'!$D:$D,$C46)>0,'List AC'!$D$2,COUNTIFS('List AC'!$E:$E,$C46)>0,'List AC'!$E$2,COUNTIFS('List AC'!$F:$F,$C46)>0,'List AC'!$F$2,COUNTIFS('List AC'!$G:$G,$C46)>0,'List AC'!$G$2,COUNTIFS('List AC'!$H:$H,$C46)>0,'List AC'!$H$2,COUNTIFS('List AC'!$I:$I,$C46)>0,'List AC'!$I$2,COUNTIFS('List AC'!$J:$J,$C46)>0,'List AC'!$J$2,COUNTIFS('List AC'!$K:$K,$C46)>0,'List AC'!$K$2,COUNTIFS('List AC'!$L:$L,$C46)>0,'List AC'!$L$2,COUNTIFS('List AC'!$Q:$Q,$C46)>0,'List AC'!$Q$2,COUNTIFS('List AC'!$M:$M,$C46)>0,'List AC'!$M$2,COUNTIFS('List AC'!$N:$N,$C46)>0,'List AC'!$N$2,COUNTIFS('List AC'!$O:$O,$C46)>0,'List AC'!$O$2,COUNTIFS('List AC'!$P:$P,$C46)>0,'List AC'!$P$2,COUNTIFS('List AC'!$R:$R,$C46)>0,'List AC'!$R$2,COUNTIFS('List AC'!$S:$S,$C46)>0,'List AC'!$S$2,COUNTIFS('List AC'!$T:$T,$C46)>0,'List AC'!$T$2,COUNTIFS('List AC'!$U:$U,$C46)>0,'List AC'!$U$2,COUNTIFS('List AC'!$V:$V,$C46)>0,'List AC'!$V$2,COUNTIFS('List AC'!$W:$W,$C46)>0,'List AC'!$W$2,COUNTIFS('List AC'!$X:$X,$C46)>0,'List AC'!$X$2,COUNTIFS('List AC'!$Y:$Y,$C46)>0,'List AC'!$Y$2,COUNTIFS('List AC'!$Z:$Z,$C46)>0,'List AC'!$Z$2,COUNTIFS('List AC'!$AA:$AA,$C46)>0,'List AC'!$AA$2,COUNTIFS('List AC'!$AB:$AB,$C46)>0,'List AC'!$AB$2,COUNTIFS('List AC'!$AC:$AC,$C46)>0,'List AC'!$AC$2,COUNTIFS('List AC'!$AD:$AD,$C46)>0,'List AC'!$AD$2,COUNTIFS('List AC'!$AE:$AE,$C46)>0,'List AC'!$AE$2,COUNTIFS('List AC'!$AF:$AF,$C46)>0,'List AC'!$AF$2,COUNTIFS('List AC'!$AG:$AG,$C46)>0,'List AC'!$AG$2,COUNTIFS('List AC'!$AH:$AH,$C46)>0,'List AC'!$AH$2,COUNTIFS('List AC'!$AI:$AI,$C46)>0,'List AC'!$AI$2,COUNTIFS('List AC'!$AJ:$AJ,$C46)>0,'List AC'!$AJ$2,COUNTIFS('List AC'!$AK:$AK,$C46)>0,'List AC'!$AK$2,COUNTIFS('List AC'!$AL:$AL,$C46)>0,'List AC'!$AL$2,COUNTIFS('List AC'!$AM:$AM,$C46)>0,'List AC'!$AM$2,COUNTIFS('List AC'!$AN:$AN,$C46)>0,'List AC'!$AN$2,COUNTIFS('List AC'!$AO:$AO,$C46)>0,'List AC'!$AO$2,COUNTIFS('List AC'!$AP:$AP,$C46)>0,'List AC'!$AP$2,COUNTIFS('List AC'!$AQ:$AQ,$C46)>0,'List AC'!$AQ$2,COUNTIFS('List AC'!$AR:$AR,$C46)>0,'List AC'!$AR$2,COUNTIFS('List AC'!$AS:$AS,$C46)>0,'List AC'!$AS$2,COUNTIFS('List AC'!$AT:$AT,$C46)>0,'List AC'!$AT$2,COUNTIFS('List AC'!$AU:$AU,$C46)>0,'List AC'!$AU$2,COUNTIFS('List AC'!$AV:$AV,$C46)>0,'List AC'!$AV$2,COUNTIFS('List AC'!$AW:$AW,$C46)>0,'List AC'!$AW$2,COUNTIFS('List AC'!$AX:$AX,$C46)>0,'List AC'!$AX$2,COUNTIFS('List AC'!$AY:$AY,$C46)>0,'List AC'!$AY$2,COUNTIFS('List AC'!$AZ:$AZ,$C46)>0,'List AC'!$AZ$2,COUNTIFS('List AC'!$BA:$BA,$C46)>0,'List AC'!$BA$2,COUNTIFS('List AC'!$BB:$BB,$C46)>0,'List AC'!$BB$2,COUNTIFS('List AC'!$BC:$BC,$C46)>0,'List AC'!$BC$2,COUNTIFS('List AC'!$BD:$BD,$C46)>0,'List AC'!$BD$2),"") | T46: A/C NOT RON WITH PLAN DJA | U46: IRR
A47: 46283 | B47: WG 08 | C47: PK-SJD | D47: NSAJ007658 | E47: REF MDRR NO N/R-00001 FOUND VERSTAB PAINT PEEL OFF | F47: PAINTING | K47: WAITING PERFORM | L47: IU | M47: A320 | N47: CGK | O47: 46287 | Q47: OPEN | S47: =IFNA(IFS(COUNTIFS('List AC'!$A:$A,$C47)>0,'List AC'!$A$2,COUNTIFS('List AC'!$B:$B,$C47)>0,'List AC'!$B$2,COUNTIFS('List AC'!$C:$C,$C47)>0,'List AC'!$C$2,COUNTIFS('List AC'!$D:$D,$C47)>0,'List AC'!$D$2,COUNTIFS('List AC'!$E:$E,$C47)>0,'List AC'!$E$2,COUNTIFS('List AC'!$F:$F,$C47)>0,'List AC'!$F$2,COUNTIFS('List AC'!$G:$G,$C47)>0,'List AC'!$G$2,COUNTIFS('List AC'!$H:$H,$C47)>0,'List AC'!$H$2,COUNTIFS('List AC'!$I:$I,$C47)>0,'List AC'!$I$2,COUNTIFS('List AC'!$J:$J,$C47)>0,'List AC'!$J$2,COUNTIFS('List AC'!$K:$K,$C47)>0,'List AC'!$K$2,COUNTIFS('List AC'!$L:$L,$C47)>0,'List AC'!$L$2,COUNTIFS('List AC'!$Q:$Q,$C47)>0,'List AC'!$Q$2,COUNTIFS('List AC'!$M:$M,$C47)>0,'List AC'!$M$2,COUNTIFS('List AC'!$N:$N,$C47)>0,'List AC'!$N$2,COUNTIFS('List AC'!$O:$O,$C47)>0,'List AC'!$O$2,COUNTIFS('List AC'!$P:$P,$C47)>0,'List AC'!$P$2,COUNTIFS('List AC'!$R:$R,$C47)>0,'List AC'!$R$2,COUNTIFS('List AC'!$S:$S,$C47)>0,'List AC'!$S$2,COUNTIFS('List AC'!$T:$T,$C47)>0,'List AC'!$T$2,COUNTIFS('List AC'!$U:$U,$C47)>0,'List AC'!$U$2,COUNTIFS('List AC'!$V:$V,$C47)>0,'List AC'!$V$2,COUNTIFS('List AC'!$W:$W,$C47)>0,'List AC'!$W$2,COUNTIFS('List AC'!$X:$X,$C47)>0,'List AC'!$X$2,COUNTIFS('List AC'!$Y:$Y,$C47)>0,'List AC'!$Y$2,COUNTIFS('List AC'!$Z:$Z,$C47)>0,'List AC'!$Z$2,COUNTIFS('List AC'!$AA:$AA,$C47)>0,'List AC'!$AA$2,COUNTIFS('List AC'!$AB:$AB,$C47)>0,'List AC'!$AB$2,COUNTIFS('List AC'!$AC:$AC,$C47)>0,'List AC'!$AC$2,COUNTIFS('List AC'!$AD:$AD,$C47)>0,'List AC'!$AD$2,COUNTIFS('List AC'!$AE:$AE,$C47)>0,'List AC'!$AE$2,COUNTIFS('List AC'!$AF:$AF,$C47)>0,'List AC'!$AF$2,COUNTIFS('List AC'!$AG:$AG,$C47)>0,'List AC'!$AG$2,COUNTIFS('List AC'!$AH:$AH,$C47)>0,'List AC'!$AH$2,COUNTIFS('List AC'!$AI:$AI,$C47)>0,'List AC'!$AI$2,COUNTIFS('List AC'!$AJ:$AJ,$C47)>0,'List AC'!$AJ$2,COUNTIFS('List AC'!$AK:$AK,$C47)>0,'List AC'!$AK$2,COUNTIFS('List AC'!$AL:$AL,$C47)>0,'List AC'!$AL$2,COUNTIFS('List AC'!$AM:$AM,$C47)>0,'List AC'!$AM$2,COUNTIFS('List AC'!$AN:$AN,$C47)>0,'List AC'!$AN$2,COUNTIFS('List AC'!$AO:$AO,$C47)>0,'List AC'!$AO$2,COUNTIFS('List AC'!$AP:$AP,$C47)>0,'List AC'!$AP$2,COUNTIFS('List AC'!$AQ:$AQ,$C47)>0,'List AC'!$AQ$2,COUNTIFS('List AC'!$AR:$AR,$C47)>0,'List AC'!$AR$2,COUNTIFS('List AC'!$AS:$AS,$C47)>0,'List AC'!$AS$2,COUNTIFS('List AC'!$AT:$AT,$C47)>0,'List AC'!$AT$2,COUNTIFS('List AC'!$AU:$AU,$C47)>0,'List AC'!$AU$2,COUNTIFS('List AC'!$AV:$AV,$C47)>0,'List AC'!$AV$2,COUNTIFS('List AC'!$AW:$AW,$C47)>0,'List AC'!$AW$2,COUNTIFS('List AC'!$AX:$AX,$C47)>0,'List AC'!$AX$2,COUNTIFS('List AC'!$AY:$AY,$C47)>0,'List AC'!$AY$2,COUNTIFS('List AC'!$AZ:$AZ,$C47)>0,'List AC'!$AZ$2,COUNTIFS('List AC'!$BA:$BA,$C47)>0,'List AC'!$BA$2,COUNTIFS('List AC'!$BB:$BB,$C47)>0,'List AC'!$BB$2,COUNTIFS('List AC'!$BC:$BC,$C47)>0,'List AC'!$BC$2,COUNTIFS('List AC'!$BD:$BD,$C47)>0,'List AC'!$BD$2),"") | T47: AC NOT RON CGK, BUT RON SUB NEED BOOMLIFT & BOOMLIFT ONLY AVAIL AT T2 IN SUB | U47: IRR
A48: 46283 | B48: WG 02 | C48: PK-LSH | D48: NLA027634 | E48: TABLE SEAT NO.27B NOT LOCKABLE | F48: CBM | G48: 46205 | I48: 1012222-017KA06 | J48: FOODTRAY LATCH ASSEMBLY | K48: WAITING PERFORM | L48: JT | M48: B737 | N48: LOP | O48: 46287 | P48: AVAIL L2 | Q48: OPEN | S48: =IFNA(IFS(COUNTIFS('List AC'!$A:$A,$C48)>0,'List AC'!$A$2,COUNTIFS('List AC'!$B:$B,$C48)>0,'List AC'!$B$2,COUNTIFS('List AC'!$C:$C,$C48)>0,'List AC'!$C$2,COUNTIFS('List AC'!$D:$D,$C48)>0,'List AC'!$D$2,COUNTIFS('List AC'!$E:$E,$C48)>0,'List AC'!$E$2,COUNTIFS('List AC'!$F:$F,$C48)>0,'List AC'!$F$2,COUNTIFS('List AC'!$G:$G,$C48)>0,'List AC'!$G$2,COUNTIFS('List AC'!$H:$H,$C48)>0,'List AC'!$H$2,COUNTIFS('List AC'!$I:$I,$C48)>0,'List AC'!$I$2,COUNTIFS('List AC'!$J:$J,$C48)>0,'List AC'!$J$2,COUNTIFS('List AC'!$K:$K,$C48)>0,'List AC'!$K$2,COUNTIFS('List AC'!$L:$L,$C48)>0,'List AC'!$L$2,COUNTIFS('List AC'!$Q:$Q,$C48)>0,'List AC'!$Q$2,COUNTIFS('List AC'!$M:$M,$C48)>0,'List AC'!$M$2,COUNTIFS('List AC'!$N:$N,$C48)>0,'List AC'!$N$2,COUNTIFS('List AC'!$O:$O,$C48)>0,'List AC'!$O$2,COUNTIFS('List AC'!$P:$P,$C48)>0,'List AC'!$P$2,COUNTIFS('List AC'!$R:$R,$C48)>0,'List AC'!$R$2,COUNTIFS('List AC'!$S:$S,$C48)>0,'List AC'!$S$2,COUNTIFS('List AC'!$T:$T,$C48)>0,'List AC'!$T$2,COUNTIFS('List AC'!$U:$U,$C48)>0,'List AC'!$U$2,COUNTIFS('List AC'!$V:$V,$C48)>0,'List AC'!$V$2,COUNTIFS('List AC'!$W:$W,$C48)>0,'List AC'!$W$2,COUNTIFS('List AC'!$X:$X,$C48)>0,'List AC'!$X$2,COUNTIFS('List AC'!$Y:$Y,$C48)>0,'List AC'!$Y$2,COUNTIFS('List AC'!$Z:$Z,$C48)>0,'List AC'!$Z$2,COUNTIFS('List AC'!$AA:$AA,$C48)>0,'List AC'!$AA$2,COUNTIFS('List AC'!$AB:$AB,$C48)>0,'List AC'!$AB$2,COUNTIFS('List AC'!$AC:$AC,$C48)>0,'List AC'!$AC$2,COUNTIFS('List AC'!$AD:$AD,$C48)>0,'List AC'!$AD$2,COUNTIFS('List AC'!$AE:$AE,$C48)>0,'List AC'!$AE$2,COUNTIFS('List AC'!$AF:$AF,$C48)>0,'List AC'!$AF$2,COUNTIFS('List AC'!$AG:$AG,$C48)>0,'List AC'!$AG$2,COUNTIFS('List AC'!$AH:$AH,$C48)>0,'List AC'!$AH$2,COUNTIFS('List AC'!$AI:$AI,$C48)>0,'List AC'!$AI$2,COUNTIFS('List AC'!$AJ:$AJ,$C48)>0,'List AC'!$AJ$2,COUNTIFS('List AC'!$AK:$AK,$C48)>0,'List AC'!$AK$2,COUNTIFS('List AC'!$AL:$AL,$C48)>0,'List AC'!$AL$2,COUNTIFS('List AC'!$AM:$AM,$C48)>0,'List AC'!$AM$2,COUNTIFS('List AC'!$AN:$AN,$C48)>0,'List AC'!$AN$2,COUNTIFS('List AC'!$AO:$AO,$C48)>0,'List AC'!$AO$2,COUNTIFS('List AC'!$AP:$AP,$C48)>0,'List AC'!$AP$2,COUNTIFS('List AC'!$AQ:$AQ,$C48)>0,'List AC'!$AQ$2,COUNTIFS('List AC'!$AR:$AR,$C48)>0,'List AC'!$AR$2,COUNTIFS('List AC'!$AS:$AS,$C48)>0,'List AC'!$AS$2,COUNTIFS('List AC'!$AT:$AT,$C48)>0,'List AC'!$AT$2,COUNTIFS('List AC'!$AU:$AU,$C48)>0,'List AC'!$AU$2,COUNTIFS('List AC'!$AV:$AV,$C48)>0,'List AC'!$AV$2,COUNTIFS('List AC'!$AW:$AW,$C48)>0,'List AC'!$AW$2,COUNTIFS('List AC'!$AX:$AX,$C48)>0,'List AC'!$AX$2,COUNTIFS('List AC'!$AY:$AY,$C48)>0,'List AC'!$AY$2,COUNTIFS('List AC'!$AZ:$AZ,$C48)>0,'List AC'!$AZ$2,COUNTIFS('List AC'!$BA:$BA,$C48)>0,'List AC'!$BA$2,COUNTIFS('List AC'!$BB:$BB,$C48)>0,'List AC'!$BB$2,COUNTIFS('List AC'!$BC:$BC,$C48)>0,'List AC'!$BC$2,COUNTIFS('List AC'!$BD:$BD,$C48)>0,'List AC'!$BD$2),"") | T48: THE SENDED PART NOT SUITABLE WITH ACTUAL TABLE | U48: DEFFECT
A49: 46283 | B49: WG 03 | C49: PK-LQY | D49: NLA084188 | E49: ARM REST AT NO.30D FOUND BAD CONDITION | F49: CBM | G49: 46271 | H49: 46391 | I49: 1010210-301BHW | J49: BUMPER-ENDBAY | K49: WAITING PERFORM | L49: JT | M49: B737 | N49: UPG | O49: 46287 | P49: AVAIL K4 : 1 EA | Q49: OPEN | S49: =IFNA(IFS(COUNTIFS('List AC'!$A:$A,$C49)>0,'List AC'!$A$2,COUNTIFS('List AC'!$B:$B,$C49)>0,'List AC'!$B$2,COUNTIFS('List AC'!$C:$C,$C49)>0,'List AC'!$C$2,COUNTIFS('List AC'!$D:$D,$C49)>0,'List AC'!$D$2,COUNTIFS('List AC'!$E:$E,$C49)>0,'List AC'!$E$2,COUNTIFS('List AC'!$F:$F,$C49)>0,'List AC'!$F$2,COUNTIFS('List AC'!$G:$G,$C49)>0,'List AC'!$G$2,COUNTIFS('List AC'!$H:$H,$C49)>0,'List AC'!$H$2,COUNTIFS('List AC'!$I:$I,$C49)>0,'List AC'!$I$2,COUNTIFS('List AC'!$J:$J,$C49)>0,'List AC'!$J$2,COUNTIFS('List AC'!$K:$K,$C49)>0,'List AC'!$K$2,COUNTIFS('List AC'!$L:$L,$C49)>0,'List AC'!$L$2,COUNTIFS('List AC'!$Q:$Q,$C49)>0,'List AC'!$Q$2,COUNTIFS('List AC'!$M:$M,$C49)>0,'List AC'!$M$2,COUNTIFS('List AC'!$N:$N,$C49)>0,'List AC'!$N$2,COUNTIFS('List AC'!$O:$O,$C49)>0,'List AC'!$O$2,COUNTIFS('List AC'!$P:$P,$C49)>0,'List AC'!$P$2,COUNTIFS('List AC'!$R:$R,$C49)>0,'List AC'!$R$2,COUNTIFS('List AC'!$S:$S,$C49)>0,'List AC'!$S$2,COUNTIFS('List AC'!$T:$T,$C49)>0,'List AC'!$T$2,COUNTIFS('List AC'!$U:$U,$C49)>0,'List AC'!$U$2,COUNTIFS('List AC'!$V:$V,$C49)>0,'List AC'!$V$2,COUNTIFS('List AC'!$W:$W,$C49)>0,'List AC'!$W$2,COUNTIFS('List AC'!$X:$X,$C49)>0,'List AC'!$X$2,COUNTIFS('List AC'!$Y:$Y,$C49)>0,'List AC'!$Y$2,COUNTIFS('List AC'!$Z:$Z,$C49)>0,'List AC'!$Z$2,COUNTIFS('List AC'!$AA:$AA,$C49)>0,'List AC'!$AA$2,COUNTIFS('List AC'!$AB:$AB,$C49)>0,'List AC'!$AB$2,COUNTIFS('List AC'!$AC:$AC,$C49)>0,'List AC'!$AC$2,COUNTIFS('List AC'!$AD:$AD,$C49)>0,'List AC'!$AD$2,COUNTIFS('List AC'!$AE:$AE,$C49)>0,'List AC'!$AE$2,COUNTIFS('List AC'!$AF:$AF,$C49)>0,'List AC'!$AF$2,COUNTIFS('List AC'!$AG:$AG,$C49)>0,'List AC'!$AG$2,COUNTIFS('List AC'!$AH:$AH,$C49)>0,'List AC'!$AH$2,COUNTIFS('List AC'!$AI:$AI,$C49)>0,'List AC'!$AI$2,COUNTIFS('List AC'!$AJ:$AJ,$C49)>0,'List AC'!$AJ$2,COUNTIFS('List AC'!$AK:$AK,$C49)>0,'List AC'!$AK$2,COUNTIFS('List AC'!$AL:$AL,$C49)>0,'List AC'!$AL$2,COUNTIFS('List AC'!$AM:$AM,$C49)>0,'List AC'!$AM$2,COUNTIFS('List AC'!$AN:$AN,$C49)>0,'List AC'!$AN$2,COUNTIFS('List AC'!$AO:$AO,$C49)>0,'List AC'!$AO$2,COUNTIFS('List AC'!$AP:$AP,$C49)>0,'List AC'!$AP$2,COUNTIFS('List AC'!$AQ:$AQ,$C49)>0,'List AC'!$AQ$2,COUNTIFS('List AC'!$AR:$AR,$C49)>0,'List AC'!$AR$2,COUNTIFS('List AC'!$AS:$AS,$C49)>0,'List AC'!$AS$2,COUNTIFS('List AC'!$AT:$AT,$C49)>0,'List AC'!$AT$2,COUNTIFS('List AC'!$AU:$AU,$C49)>0,'List AC'!$AU$2,COUNTIFS('List AC'!$AV:$AV,$C49)>0,'List AC'!$AV$2,COUNTIFS('List AC'!$AW:$AW,$C49)>0,'List AC'!$AW$2,COUNTIFS('List AC'!$AX:$AX,$C49)>0,'List AC'!$AX$2,COUNTIFS('List AC'!$AY:$AY,$C49)>0,'List AC'!$AY$2,COUNTIFS('List AC'!$AZ:$AZ,$C49)>0,'List AC'!$AZ$2,COUNTIFS('List AC'!$BA:$BA,$C49)>0,'List AC'!$BA$2,COUNTIFS('List AC'!$BB:$BB,$C49)>0,'List AC'!$BB$2,COUNTIFS('List AC'!$BC:$BC,$C49)>0,'List AC'!$BC$2,COUNTIFS('List AC'!$BD:$BD,$C49)>0,'List AC'!$BD$2),"") | T49: FOCUS PERFORM WO AND ANOTHER NSRDL | U49: DEFFECT
A50: 46283 | B50: WG 08 | C50: PK-SGA | D50: NSAJ007440 | E50: REF FINDING ICT 18034 HEADREST COVER CAPT AND FO FOUND DIRTY | F50: CBM | G50: 46281 | H50: 46401 | I50: TAAI3-998412-01 | J50: COVER HEAD REST | K50: WAITING PERFORM | L50: IU | M50: A320 | N50: YIA | O50: 46287 | Q50: CLOSED | S50: =IFNA(IFS(COUNTIFS('List AC'!$A:$A,$C50)>0,'List AC'!$A$2,COUNTIFS('List AC'!$B:$B,$C50)>0,'List AC'!$B$2,COUNTIFS('List AC'!$C:$C,$C50)>0,'List AC'!$C$2,COUNTIFS('List AC'!$D:$D,$C50)>0,'List AC'!$D$2,COUNTIFS('List AC'!$E:$E,$C50)>0,'List AC'!$E$2,COUNTIFS('List AC'!$F:$F,$C50)>0,'List AC'!$F$2,COUNTIFS('List AC'!$G:$G,$C50)>0,'List AC'!$G$2,COUNTIFS('List AC'!$H:$H,$C50)>0,'List AC'!$H$2,COUNTIFS('List AC'!$I:$I,$C50)>0,'List AC'!$I$2,COUNTIFS('List AC'!$J:$J,$C50)>0,'List AC'!$J$2,COUNTIFS('List AC'!$K:$K,$C50)>0,'List AC'!$K$2,COUNTIFS('List AC'!$L:$L,$C50)>0,'List AC'!$L$2,COUNTIFS('List AC'!$Q:$Q,$C50)>0,'List AC'!$Q$2,COUNTIFS('List AC'!$M:$M,$C50)>0,'List AC'!$M$2,COUNTIFS('List AC'!$N:$N,$C50)>0,'List AC'!$N$2,COUNTIFS('List AC'!$O:$O,$C50)>0,'List AC'!$O$2,COUNTIFS('List AC'!$P:$P,$C50)>0,'List AC'!$P$2,COUNTIFS('List AC'!$R:$R,$C50)>0,'List AC'!$R$2,COUNTIFS('List AC'!$S:$S,$C50)>0,'List AC'!$S$2,COUNTIFS('List AC'!$T:$T,$C50)>0,'List AC'!$T$2,COUNTIFS('List AC'!$U:$U,$C50)>0,'List AC'!$U$2,COUNTIFS('List AC'!$V:$V,$C50)>0,'List AC'!$V$2,COUNTIFS('List AC'!$W:$W,$C50)>0,'List AC'!$W$2,COUNTIFS('List AC'!$X:$X,$C50)>0,'List AC'!$X$2,COUNTIFS('List AC'!$Y:$Y,$C50)>0,'List AC'!$Y$2,COUNTIFS('List AC'!$Z:$Z,$C50)>0,'List AC'!$Z$2,COUNTIFS('List AC'!$AA:$AA,$C50)>0,'List AC'!$AA$2,COUNTIFS('List AC'!$AB:$AB,$C50)>0,'List AC'!$AB$2,COUNTIFS('List AC'!$AC:$AC,$C50)>0,'List AC'!$AC$2,COUNTIFS('List AC'!$AD:$AD,$C50)>0,'List AC'!$AD$2,COUNTIFS('List AC'!$AE:$AE,$C50)>0,'List AC'!$AE$2,COUNTIFS('List AC'!$AF:$AF,$C50)>0,'List AC'!$AF$2,COUNTIFS('List AC'!$AG:$AG,$C50)>0,'List AC'!$AG$2,COUNTIFS('List AC'!$AH:$AH,$C50)>0,'List AC'!$AH$2,COUNTIFS('List AC'!$AI:$AI,$C50)>0,'List AC'!$AI$2,COUNTIFS('List AC'!$AJ:$AJ,$C50)>0,'List AC'!$AJ$2,COUNTIFS('List AC'!$AK:$AK,$C50)>0,'List AC'!$AK$2,COUNTIFS('List AC'!$AL:$AL,$C50)>0,'List AC'!$AL$2,COUNTIFS('List AC'!$AM:$AM,$C50)>0,'List AC'!$AM$2,COUNTIFS('List AC'!$AN:$AN,$C50)>0,'List AC'!$AN$2,COUNTIFS('List AC'!$AO:$AO,$C50)>0,'List AC'!$AO$2,COUNTIFS('List AC'!$AP:$AP,$C50)>0,'List AC'!$AP$2,COUNTIFS('List AC'!$AQ:$AQ,$C50)>0,'List AC'!$AQ$2,COUNTIFS('List AC'!$AR:$AR,$C50)>0,'List AC'!$AR$2,COUNTIFS('List AC'!$AS:$AS,$C50)>0,'List AC'!$AS$2,COUNTIFS('List AC'!$AT:$AT,$C50)>0,'List AC'!$AT$2,COUNTIFS('List AC'!$AU:$AU,$C50)>0,'List AC'!$AU$2,COUNTIFS('List AC'!$AV:$AV,$C50)>0,'List AC'!$AV$2,COUNTIFS('List AC'!$AW:$AW,$C50)>0,'List AC'!$AW$2,COUNTIFS('List AC'!$AX:$AX,$C50)>0,'List AC'!$AX$2,COUNTIFS('List AC'!$AY:$AY,$C50)>0,'List AC'!$AY$2,COUNTIFS('List AC'!$AZ:$AZ,$C50)>0,'List AC'!$AZ$2,COUNTIFS('List AC'!$BA:$BA,$C50)>0,'List AC'!$BA$2,COUNTIFS('List AC'!$BB:$BB,$C50)>0,'List AC'!$BB$2,COUNTIFS('List AC'!$BC:$BC,$C50)>0,'List AC'!$BC$2,COUNTIFS('List AC'!$BD:$BD,$C50)>0,'List AC'!$BD$2),"")

Sheet ALL FINDING 
A1: 46286 | D1: ALL GROUP LEADER CABIN MAINTENANCE PLEASE CANTUMKAN REFF DOC NUMBER DI KOLOM REMARKS
A2: DATE | B2: OPERATOR | C2: REG | D2: DOC TYPE | E2: FINDING NO | F2: DEFECT DESCRIPTION | G2: ACTION TAKEN | H2: STATION | I2: STATUS | J2: REMARKS REF NO CML/NSRDI/DMI/AFML | K2: PICTURES
A3: 46287 | B3: SUPER AIR JET | C3: PK-SGC | D3: INSPECTION | E3: 18472 | F3: SEAT NO: 7F, 16D, 30B, 18DEF, 21 E & 23F CANT RECLINE | H3: KNO
A4: 46287 | B4: SUPER AIR JET | C4: PK-SGC | D4: INSPECTION | E4: 18473 | F4: PSU UNPROPER AT UPPER ATTENDANT SEAT AFT | H4: KNO
A5: 46287 | B5: SUPER AIR JET | C5: PK-SGC | D5: INSPECTION | E5: 18477 | F5: SCREW LOOSE AT LH PANEL NO: 191BB | H5: KNO
A6: 46287 | B6: SUPER AIR JET | C6: PK-SGD | D6: INSPECTION | E6: 18031 | F6: WINDOW LT 22 ABC NOT ILL | H6: SUB | I6: OPEN | J6: AC NOT RON SUB
A7: 46287 | B7: SUPER AIR JET | C7: PK-SGD | D7: INSPECTION | E7: 18032 | F7: WINDOW LT 31 ABC NOT ILL | H7: SUB | I7: OPEN | J7: AC NOT RON SUB
A8: 46287 | B8: LION AIR | C8: PK-LOQ | D8: INSPECTION | E8: 18205 | F8: DURING SURVEILLANCE A/C PK-LOQ FOUND RH WINDOW #2 SUNVISSOR MISSING | H8: KNO
A9: 46287 | B9: LION AIR | C9: PK-LQZ | D9: INSPECTION | E9: 18401 | F9: PASTEN SEAT BELT SEAT 34 ABC UNSATISFACTORY | H9: UPG | I9: CLOSED | J9: CML E0444929

Sheet UNPLANNED
A1: 46287
A2: DATE | B2: AOC | C2: REG | D2: DOC TYPE | E2: NO. DOC | F2: DEFFECT DESCRIPTION | G2: STATUS MATERIAL | H2: STA | I2: STATUS | J2: REMARKS
A3: 46286 | B3: SUPER AIR JET | C3: PK-SGA | D3: NSRDI | E3: NSAJ007404 | F3: WATER TAP G1 UNSERVICEABLE | G3: N/A | H3: YIA | J3: A/C STOP YIA PLEASE REOPEN
A4: 46286 | B4: SUPER AIR JET | C4: PK-SJF | D4: NSRDI | E4: NSAJ035950 | F4: COVER EMERGENCY COMPARTMENT UNDER JUMPSEAT FA3 (SWIVELING) CANT LOCK PROPERLY | G4: N/A | H4: PLM | J4: A/C STOP PLM PLEASE REOPEN
A5: 46286 | B5: SUPER AIR JET | C5: PK-SJI | D5: NSRDI | E5: NSAJ012719 | F5: REF FINDING INSP 15170 DURING AIRCRAFT INSP FOUND CARPET DIRTY AT ROQ SEAT NO 4ABC 26DEF 31DEF | G5: N/A | H5: YIA | J5: A/C STOP YIA PLEASE REOPEN
A6: 46286 | B6: SUPER AIR JET | C6: PK-SJV | D6: NSRDI | E6: NSAJ007369 | F6: DURING PERFORM WO FOUND DOOR COMPARTMENT FA1 BROKEN | G6: N/A | H6: BPN | I6: CLOSED | J6: A/C STOP BPN PLEASE REOPEN
A7: 46286 | B7: SUPER AIR JET | C7: PK-SJV | D7: NSRDI | E7: NSAJ007358 | F7: WATER TAP G1 LEAKING NEED PART PN:HV99-174 FIG 25-31-42-92P ITEM 040 | G7: N/A | H7: BPN | I7: CLOSED | J7: A/C STOP BPN PLEASE REOPEN
A8: 46286 | B8: SUPER AIR JET | C8: PK-SJV | D8: NSRDI | E8: NSAJ007359 | F8: REFF FINDING NSRDIL NO .NSAJ005928 MIRROR LAVATORY LD BAD CONDITION | G8: N/A | H8: BPN | I8: CLOSED | J8: A/C STOP BPN PLEASE REOPEN
A9: 46286 | B9: SUPER AIR JET | C9: PK-SJV | D9: NSRDI | E9: NSAJ007360 | F9: AISLE CARPET POS AFT BAD CONDITION | G9: N/A | H9: BPN | I9: CLOSED | J9: A/C STOP BPN PLEASE REOPEN
A10: 46286 | B10: SUPER AIR JET | C10: PK-SJV | D10: NSRDI | E10: NSAJ007361 | F10: REFF FINDING NSRDIL NO. NSAJ105923 LED LIGHT WATER HEATER LAVATORY D AND E NOT ILLUMINATE | G10: N/A | H10: BPN | J10: A/C STOP BPN PLEASE REOPEN
A11: 46286 | B11: SUPER AIR JET | C11: PK-SJV | D11: NSRDI | E11: NSAJ007364 | F11: REF NSRDIL NSAJ005933 " REF FINDING SRV 2979 SEAT BELT ALL SEATS DIRTY " | G11: N/A | H11: BPN | J11: A/C STOP BPN PLEASE REOPEN
A12: 46286 | B12: SUPER AIR JET | C12: PK-SJV | D12: NSRDI | E12: NSAJ007365 | F12: REF NSRDIL NSAJ005925 " DURING PERFORM WO FOUND ALLMOST COVER ARMREST ARE BAD CONDITION " | G12: N/A | H12: BPN | J12: A/C STOP BPN PLEASE REOPEN
A13: 46286 | B13: SUPER AIR JET | C13: PK-SJV | D13: NSRDI | E13: NSAJ007367 | F13: REF FINDING SRV 9292 " PPO & MARKING AREA LH VERSTAB PPO " | G13: N/A | H13: BPN | J13: A/C STOP BPN PLEASE REOPEN
A14: 46286 | B14: SUPER AIR JET | C14: PK-SJV | D14: NSRDI | E14: NSAJ007351 | F14: LUGAGE BAR SEAT 21BC 23BC 27C 28D 29C NOT PROPERLY CONDITION (PART MISSING) | G14: N/A | H14: BPN | J14: A/C STOP BPN PLEASE REOPEN
A15: 46287 | B15: SUPER AIR JET | C15: PK-SAQ | D15: NSRDI | E15: NSAJ003370 | F15: REF NSRDIL NSAJ001895 " REFF FINDING CREW BRACKET FOR 1 PBE AT FWD STATION NOT AVAILABLE " | G15: N/A | H15: CGK | I15: CLOSED | J15: A/C STOP CGK PLEASE REOPEN
A16: 46287 | B16: SUPER AIR JET | C16: PK-SAQ | D16: NSRDI | E16: NSAJ003371 | F16: CARPET AT ROW 1ABCDEF FOUND TORN | G16: N/A | H16: CGK | I16: CLOSED | J16: A/C STOP CGK PLEASE REOPEN
A17: 46287 | B17: LION AIR | C17: PK-LJQ | D17: NSRDI | E17: NLA074507 | F17: FAUCET AT LAVATORY LD CONTINOUS FLOW | G17: N/A | H17: UPG | I17: CLOSED
A18: 46287 | B18: BATIK AIR | C18: PK-LFK | D18: NSRDI | E18: NLA091554 | F18: SMOKING SIGN SEAT NO.7ABCDEF,8DEF,15ABC,37DEF NOT ILLUMINATE | H18: UPG | I18: CLOSED
A19: 46287 | B19: BATIK AIR | C19: PK-LAT | D19: NSRDI | E19: NID014966 | F19: ENDBAY RUBSTRIP SEAT NO.3D FOUND BROKEN | H19: HLP | I19: CLOSED
A20: 46287 | B20: BATIK AIR | C20: PK-LAT | D20: NSRDI | E20: NID014968 | F20: RUBSTRIP END BAY S/N 1D AND 2D BROKEN | H20: HLP | I20: CLOSED
A21: 46287 | B21: SUPER AIR JET | C21: PK-STD | D21: NSRDI | E21: NSAJ021462 | F21: REFF FINDING ICT 18455 COVER FILTER WASH BASIN AT LAV LE FOUND MISSING | H21: CGK | I21: CLOSED
A22: 46287 | B22: BATIK AIR | C22: PK-BLD | D22: NSRDI | E22: NID008615 | H22: CGK | I22: CLOSED
A23: 46287 | B23: LION AIR | C23: PK-LOR | D23: NSRDI | E23: NLA080162 | F23: LAVATORY D TOILET ONLY | H23: KNO | I23: CLOSED
A24: 46287 | B24: WINGS AIR | C24: PK-WHU | D24: NSRDI | E24: NWA005131 | F24: PLACARD BUTTON FLUSHING AT LAVATORY IS BAD CONDITION | H24: UPG | I24: CLOSED
A25: 46287 | B25: WINGS AIR | C25: PK-WGM | D25: WO | E25: 2320609 | F25: AIRCRAFT PEST CONTROL APPLICATION GUIDE FOR ATR72 | H25: AMQ | I25: CLOSED

Sheet DAILY REPORT
A1: 46287
A2: DATE | B2: OPERATOR | C2: AC REG | D2: A/C STATUS | E2: STA | F2: DOC TYPE | G2: NO DOC | H2: ACTION TAKEN | I2: STATUS
A3: 46287 | B3: LION AIR | C3: PK-LHI | D3: TRANSIT | E3: PDG | F3: CML | G3: E0465597 | H3: IAW AMM 25-00-00 PERFORMED COMPLATED CABIN SPRAY FOR FLIGHT INTER | I3: CLOSED
A4: 46287 | B4: LION AIR | C4: PK-LHI | D4: TRANSIT | E4: PDG | F4: CML | G4: E0465598 | H4: IAW AMM 25-00-00 PERFORMED COMPLATED UPK FOR FLIGHT INTER | I4: CLOSED
A5: 46287 | B5: LION AIR | C5: PK-LHI | D5: TRANSIT | E5: PDG | F5: CML | G5: E0465581 | H5: TRANSFER TO AFML B3928524 | I5: CLOSED
A6: 46287 | B6: LION AIR | C6: PK-LHI | D6: TRANSIT | E6: PDG | F6: CML | G6: E0465582 | H6: PERFORM CLEAN UP SENSOR WASTE SERVIS TRUCK HAS BEEN DONE | I6: CLOSED
A7: 46287 | B7: LION AIR | C7: PK-LHI | D7: TRANSIT | E7: PDG | F7: CML | G7: E0465599 | H7: IAW AMM 25-00-00 PERFORMED REMOVED UPK FOR STOCK (PDG), SN : UPK-005P | I7: CLOSED
A8: 46287 | B8: SUPER AIR JET | C8: PK-SJI | D8: RON | E8: PDG | F8: CML | G8: S113249 | H8: CEILLING LIGHT 19DEF AND 25ABC NOT ILL, TRANSFER TO AFML S321477 | I8: CLOSED
A9: 46287 | B9: SUPER AIR JET | C9: PK-SJI | D9: RON | E9: PDG | F9: CML | G9: S113250 | H9: ENTRY LIGHT 1L NOT ILL, TRANSFER TO AFML S321477 | I9: CLOSED
A10: 46287 | B10: SUPER AIR JET | C10: PK-SJI | D10: RON | E10: PDG | F10: CML | G10: S122951 | H10: IAW AMM 25-00-00 PERFORMED RECTIFIED FLAPPER DOOR AT AFT DUE TO NOT FULLY CLOSED, RSULT TEST GOOD | I10: CLOSED
A11: 46287 | B11: SUPER AIR JET | C11: PK-SJI | D11: RON | E11: PDG | F11: CML | G11: S122952 | H11: IAW AMM 25-00-00 PERFORMED DAILY CHECKED BEAUTIFICATION INSPECTION HAS BEEN C/O | I11: CLOSED
A12: 46287 | B12: LION AIR | C12: PK-LOP | D12: RON | E12: PDG | F12: CML | G12: E0461086 | H12: IAW AMM 33-24-00 PERFORMED REPOSITION BULB MIRROR LIGHT LAV A DUE TO NOT ILLUMINATE, RESULT TEST ILLUMINSTE | I12: CLOSED
A13: 46287 | B13: LION AIR | C13: PK-LOP | D13: RON | E13: PDG | F13: CML | G13: E0461087 | H13: IAW AMM 25-00-00 PERFORMED DAILY CHECKED BEAUTIFICATION INSPECTION HAS BEEN C/O | I13: CLOSED
A14: 46287 | B14: BATIK AIR | C14: PK-BKG | D14: TRANSIT | E14: SRG | F14: CML | G14: B149077 | H14: PERFORM CLEAN UP FILTER WASH BASIN LAV A , E HAS BEEN C/O | I14: CLOSED
... A426: 46287 | B426: SUPER AIR JET | C426: PK-SAO | D426: RON | E426: PLM | F426: CML | G426: S116090 | H426: I.A.W. AMM : 25-00-00 PERFORMED BEAUTIFICATION INSPECTION DAILY CHECK HAS BEEN C/O. | I426: CLOSED
A427: 46287 | B427: BATIK AIR | C427: Pk-LBK | D427: RON | E427: CGK | F427: CML | G427: 141026 | H427: Perfomed repainted at rh Aft Fuselage | I427: CLOSED
A428: 46287 | B428: BATIK AIR | C428: Pk-LBK | D428: RON | E428: CGK | F428: CML | G428: 141025 | H428: Perfomed repainted at Aft lh Fuselage | I428: CLOSED

Sheet SUMMARY CABIN ON DUTY
A1: ="DAILY REPORT CBM " & UPPER(TEXT(TODAY()-1, "D MMM YYYY")) -> DAILY REPORT CBM 22 SEP 2026
A2: NO | B2: STA | C2: DJA R01 | F2: DJA AOC ( NSRDI R01 ) | I2: DMI | L2: ALL FINDING | M2: UNPLANNED WO CLOSED | N2: UNPLANNED NSRDIL CLOSED | O2: UNPLANNED DMI CLOSED | P2: CML CLOSED | Q2: CLOSED TOTAL
C3: DEPLOY | D3: CLOSED | E3: OPEN | F3: DEPLOY | G3: CLOSED | H3: OPEN | I3: DEPLOY | J3: CLOSED | K3: OPEN
A4: 1 | B4: CGK | C4: =COUNTIFS(WO!$K:$K, $B4, WO!$N:$N, "CLOSED") + COUNTIFS(WO!$K:$K, $B4, WO!$N:$N, "OPEN") -> 29 | D4: =COUNTIFS(WO!$K:$K, $B4, WO!$N:$N, "CLOSED") -> 20 | E4: =COUNTIFS(WO!$K:$K, $B4, WO!$N:$N, "OPEN") -> 9 | F4: =COUNTIFS('DJA AOC NSRDIL R01'!$N:$N, $B4, 'DJA AOC NSRDIL R01'!$Q:$Q, "CLOSED") + COUNTIFS('DJA AOC NSRDIL R01'!$N:$N, $B4, 'DJA AOC NSRDIL R01'!$Q:$Q, "OPEN") -> 19 | G4: =COUNTIFS('DJA AOC NSRDIL R01'!$N:$N, $B4, 'DJA AOC NSRDIL R01'!$Q:$Q, "CLOSED") -> 14 | H4: =COUNTIFS('DJA AOC NSRDIL R01'!$N:$N, $B4, 'DJA AOC NSRDIL R01'!$Q:$Q, "OPEN") -> 5 | I4: =COUNTIFS('DMI CBM'!$G:$G, $B4, 'DMI CBM'!$H:$H, "DJA DMI R01") -> 2 | J4: =COUNTIFS('DMI CBM'!$G:$G, $B4, 'DMI CBM'!$H:$H, "DJA DMI R01", 'DMI CBM'!$I:$I, "CLOSED") -> 0 | K4: =COUNTIFS('DMI CBM'!$G:$G, $B4, 'DMI CBM'!$H:$H, "DJA DMI R01", 'DMI CBM'!$I:$I, "OPEN") -> 2 | L4: 0 | M4: =COUNTIFS(UNPLANNED!$H:$H, $B4, UNPLANNED!$I:$I, "CLOSED", UNPLANNED!$D:$D, "WO") -> 0 | N4: =COUNTIFS(UNPLANNED!$H:$H, $B4, UNPLANNED!$I:$I, "CLOSED", UNPLANNED!$D:$D, "NSRDI") -> 4 | O4: =COUNTIFS('DMI CBM'!$G:$G, $B4, 'DMI CBM'!$I:$I, "CLOSED", 'DMI CBM'!$H:$H, "UNPLANNED DMI") -> 1 | P4: =COUNTIFS('DAILY REPORT'!$E:$E, $B4, 'DAILY REPORT'!$F:$F, "CML") -> 73 | Q4: =SUM(D4,G4,J4,L4,M4,N4,O4,P4) -> 112
A5: 2 | B5: HLP | C5: =COUNTIFS(WO!$K:$K, $B5, WO!$N:$N, "CLOSED") + COUNTIFS(WO!$K:$K, $B5, WO!$N:$N, "OPEN") -> 2 | D5: =COUNTIFS(WO!$K:$K, $B5, WO!$N:$N, "CLOSED") -> 1 | E5: =COUNTIFS(WO!$K:$K, $B5, WO!$N:$N, "OPEN") -> 1 | F5: =COUNTIFS('DJA AOC NSRDIL R01'!$N:$N, $B5, 'DJA AOC NSRDIL R01'!$Q:$Q, "CLOSED") + COUNTIFS('DJA AOC NSRDIL R01'!$N:$N, $B5, 'DJA AOC NSRDIL R01'!$Q:$Q, "OPEN") -> 0 | G5: =COUNTIFS('DJA AOC NSRDIL R01'!$N:$N, $B5, 'DJA AOC NSRDIL R01'!$Q:$Q, "CLOSED") -> 0 | H5: =COUNTIFS('DJA AOC NSRDIL R01'!$N:$N, $B5, 'DJA AOC NSRDIL R01'!$Q:$Q, "OPEN") -> 0 | I5: =COUNTIFS('DMI CBM'!$G:$G, $B5, 'DMI CBM'!$H:$H, "DJA DMI R01") -> 0 | J5: =COUNTIFS('DMI CBM'!$G:$G, $B5, 'DMI CBM'!$H:$H, "DJA DMI R01", 'DMI CBM'!$I:$I, "CLOSED") -> 0 | K5: =COUNTIFS('DMI CBM'!$G:$G, $B5, 'DMI CBM'!$H:$H, "DJA DMI R01", 'DMI CBM'!$I:$I, "OPEN") -> 0 | L5: 0 | M5: =COUNTIFS(UNPLANNED!$H:$H, $B5, UNPLANNED!$I:$I, "CLOSED", UNPLANNED!$D:$D, "WO") -> 0 | N5: =COUNTIFS(UNPLANNED!$H:$H, $B5, UNPLANNED!$I:$I, "CLOSED", UNPLANNED!$D:$D, "NSRDI") -> 2 | O5: =COUNTIFS('DMI CBM'!$G:$G, $B5, 'DMI CBM'!$I:$I, "CLOSED", 'DMI CBM'!$H:$H, "UNPLANNED DMI") -> 0 | P5: =COUNTIFS('DAILY REPORT'!$E:$E, $B5, 'DAILY REPORT'!$F:$F, "CML") -> 26 | Q5: =SUM(C5:P5) -> 32
A6: 3 | B6: SUB | C6: =COUNTIFS(WO!$K:$K, $B6, WO!$N:$N, "CLOSED") + COUNTIFS(WO!$K:$K, $B6, WO!$N:$N, "OPEN") -> 9 | D6: =COUNTIFS(WO!$K:$K, $B6, WO!$N:$N, "CLOSED") -> 8 | E6: =COUNTIFS(WO!$K:$K, $B6, WO!$N:$N, "OPEN") -> 1 | F6: =COUNTIFS('DJA AOC NSRDIL R01'!$N:$N, $B6, 'DJA AOC NSRDIL R01'!$Q:$Q, "CLOSED") + COUNTIFS('DJA AOC NSRDIL R01'!$N:$N, $B6, 'DJA AOC NSRDIL R01'!$Q:$Q, "OPEN") -> 7 | G6: =COUNTIFS('DJA AOC NSRDIL R01'!$N:$N, $B6, 'DJA AOC NSRDIL R01'!$Q:$Q, "CLOSED") -> 6 | H6: =COUNTIFS('DJA AOC NSRDIL R01'!$N:$N, $B6, 'DJA AOC NSRDIL R01'!$Q:$Q, "OPEN") -> 1 | I6: =COUNTIFS('DMI CBM'!$G:$G, $B6, 'DMI CBM'!$H:$H, "DJA DMI R01") -> 0 | J6: =COUNTIFS('DMI CBM'!$G:$G, $B6, 'DMI CBM'!$H:$H, "DJA DMI R01", 'DMI CBM'!$I:$I, "CLOSED") -> 0 | K6: =COUNTIFS('DMI CBM'!$G:$G, $B6, 'DMI CBM'!$H:$H, "DJA DMI R01", 'DMI CBM'!$I:$I, "OPEN") -> 0 | L6: 0 | M6: =COUNTIFS(UNPLANNED!$H:$H, $B6, UNPLANNED!$I:$I, "CLOSED", UNPLANNED!$D:$D, "WO") -> 0 | N6: =COUNTIFS(UNPLANNED!$H:$H, $B6, UNPLANNED!$I:$I, "CLOSED", UNPLANNED!$D:$D, "NSRDI") -> 0 | O6: =COUNTIFS('DMI CBM'!$G:$G, $B6, 'DMI CBM'!$I:$I, "CLOSED", 'DMI CBM'!$H:$H, "UNPLANNED DMI") -> 0 | P6: =COUNTIFS('DAILY REPORT'!$E:$E, $B6, 'DAILY REPORT'!$F:$F, "CML") -> 55 | Q6: =SUM(C6:P6) -> 87
A7: 4 | B7: KNO | C7: =COUNTIFS(WO!$K:$K, $B7, WO!$N:$N, "CLOSED") + COUNTIFS(WO!$K:$K, $B7, WO!$N:$N, "OPEN") -> 0 | D7: =COUNTIFS(WO!$K:$K, $B7, WO!$N:$N, "CLOSED") -> 0 | E7: =COUNTIFS(WO!$K:$K, $B7, WO!$N:$N, "OPEN") -> 0 | F7: =COUNTIFS('DJA AOC NSRDIL R01'!$N:$N, $B7, 'DJA AOC NSRDIL R01'!$Q:$Q, "CLOSED") + COUNTIFS('DJA AOC NSRDIL R01'!$N:$N, $B7, 'DJA AOC NSRDIL R01'!$Q:$Q, "OPEN") -> 1 | G7: =COUNTIFS('DJA AOC NSRDIL R01'!$N:$N, $B7, 'DJA AOC NSRDIL R01'!$Q:$Q, "CLOSED") -> 1 | H7: =COUNTIFS('DJA AOC NSRDIL R01'!$N:$N, $B7, 'DJA AOC NSRDIL R01'!$Q:$Q, "OPEN") -> 0 | I7: =COUNTIFS('DMI CBM'!$G:$G, $B7, 'DMI CBM'!$H:$H, "DJA DMI R01") -> 0 | J7: =COUNTIFS('DMI CBM'!$G:$G, $B7, 'DMI CBM'!$H:$H, "DJA DMI R01", 'DMI CBM'!$I:$I, "CLOSED") -> 0 | K7: =COUNTIFS('DMI CBM'!$G:$G, $B7, 'DMI CBM'!$H:$H, "DJA DMI R01", 'DMI CBM'!$I:$I, "OPEN") -> 0 | L7: 0 | M7: =COUNTIFS(UNPLANNED!$H:$H, $B7, UNPLANNED!$I:$I, "CLOSED", UNPLANNED!$D:$D, "WO") -> 0 | N7: =COUNTIFS(UNPLANNED!$H:$H, $B7, UNPLANNED!$I:$I, "CLOSED", UNPLANNED!$D:$D, "NSRDI") -> 1 | O7: =COUNTIFS('DMI CBM'!$G:$G, $B7, 'DMI CBM'!$I:$I, "CLOSED", 'DMI CBM'!$H:$H, "UNPLANNED DMI") -> 0 | P7: =COUNTIFS('DAILY REPORT'!$E:$E, $B7, 'DAILY REPORT'!$F:$F, "CML") -> 22 | Q7: =SUM(C7:P7) -> 25
A8: 5 | B8: UPG | C8: =COUNTIFS(WO!$K:$K, $B8, WO!$N:$N, "CLOSED") + COUNTIFS(WO!$K:$K, $B8, WO!$N:$N, "OPEN") -> 8 | D8: =COUNTIFS(WO!$K:$K, $B8, WO!$N:$N, "CLOSED") -> 5 | E8: =COUNTIFS(WO!$K:$K, $B8, WO!$N:$N, "OPEN") -> 3 | F8: =COUNTIFS('DJA AOC NSRDIL R01'!$N:$N, $B8, 'DJA AOC NSRDIL R01'!$Q:$Q, "CLOSED") + COUNTIFS('DJA AOC NSRDIL R01'!$N:$N, $B8, 'DJA AOC NSRDIL R01'!$Q:$Q, "OPEN") -> 6 | G8: =COUNTIFS('DJA AOC NSRDIL R01'!$N:$N, $B8, 'DJA AOC NSRDIL R01'!$Q:$Q, "CLOSED") -> 4 | H8: =COUNTIFS('DJA AOC NSRDIL R01'!$N:$N, $B8, 'DJA AOC NSRDIL R01'!$Q:$Q, "OPEN") -> 2 | I8: =COUNTIFS('DMI CBM'!$G:$G, $B8, 'DMI CBM'!$H:$H, "DJA DMI R01") -> 1 | J8: =COUNTIFS('DMI CBM'!$G:$G, $B8, 'DMI CBM'!$H:$H, "DJA DMI R01", 'DMI CBM'!$I:$I, "CLOSED") -> 0 | K8: =COUNTIFS('DMI CBM'!$G:$G, $B8, 'DMI CBM'!$H:$H, "DJA DMI R01", 'DMI CBM'!$I:$I, "OPEN") -> 1 | L8: 0 | M8: =COUNTIFS(UNPLANNED!$H:$H, $B8, UNPLANNED!$I:$I, "CLOSED", UNPLANNED!$D:$D, "WO") -> 0 | N8: =COUNTIFS(UNPLANNED!$H:$H, $B8, UNPLANNED!$I:$I, "CLOSED", UNPLANNED!$D:$D, "NSRDI") -> 3 | O8: =COUNTIFS('DMI CBM'!$G:$G, $B8, 'DMI CBM'!$I:$I, "CLOSED", 'DMI CBM'!$H:$H, "UNPLANNED DMI") -> 0 | P8: =COUNTIFS('DAILY REPORT'!$E:$E, $B8, 'DAILY REPORT'!$F:$F, "CML") -> 67 | Q8: =SUM(C8:P8) -> 100
A9: 6 | B9: MDC | C9: =COUNTIFS(WO!$K:$K, $B9, WO!$N:$N, "CLOSED") + COUNTIFS(WO!$K:$K, $B9, WO!$N:$N, "OPEN") -> 0 | D9: =COUNTIFS(WO!$K:$K, $B9, WO!$N:$N, "CLOSED") -> 0 | E9: =COUNTIFS(WO!$K:$K, $B9, WO!$N:$N, "OPEN") -> 0 | F9: =COUNTIFS('DJA AOC NSRDIL R01'!$N:$N, $B9, 'DJA AOC NSRDIL R01'!$Q:$Q, "CLOSED") + COUNTIFS('DJA AOC NSRDIL R01'!$N:$N, $B9, 'DJA AOC NSRDIL R01'!$Q:$Q, "OPEN") -> 2 | G9: =COUNTIFS('DJA AOC NSRDIL R01'!$N:$N, $B9, 'DJA AOC NSRDIL R01'!$Q:$Q, "CLOSED") -> 2 | H9: =COUNTIFS('DJA AOC NSRDIL R01'!$N:$N, $B9, 'DJA AOC NSRDIL R01'!$Q:$Q, "OPEN") -> 0 | I9: =COUNTIFS('DMI CBM'!$G:$G, $B9, 'DMI CBM'!$H:$H, "DJA DMI R01") -> 1 | J9: =COUNTIFS('DMI CBM'!$G:$G, $B9, 'DMI CBM'!$H:$H, "DJA DMI R01", 'DMI CBM'!$I:$I, "CLOSED") -> 1 | K9: =COUNTIFS('DMI CBM'!$G:$G, $B9, 'DMI CBM'!$H:$H, "DJA DMI R01", 'DMI CBM'!$I:$I, "OPEN") -> 0 | L9: 0 | M9: =COUNTIFS(UNPLANNED!$H:$H, $B9, UNPLANNED!$I:$I, "CLOSED", UNPLANNED!$D:$D, "WO") -> 0 | N9: =COUNTIFS(UNPLANNED!$H:$H, $B9, UNPLANNED!$I:$I, "CLOSED", UNPLANNED!$D:$D, "NSRDI") -> 0 | O9: =COUNTIFS('DMI CBM'!$G:$G, $B9, 'DMI CBM'!$I:$I, "CLOSED", 'DMI CBM'!$H:$H, "UNPLANNED DMI") -> 0 | P9: =COUNTIFS('DAILY REPORT'!$E:$E, $B9, 'DAILY REPORT'!$F:$F, "CML") -> 11 | Q9: =SUM(C9:P9) -> 17
A10: 7 | B10: BPN | C10: =COUNTIFS(WO!$K:$K, $B10, WO!$N:$N, "CLOSED") + COUNTIFS(WO!$K:$K, $B10, WO!$N:$N, "OPEN") -> 1 | D10: =COUNTIFS(WO!$K:$K, $B10, WO!$N:$N, "CLOSED") -> 0 | E10: =COUNTIFS(WO!$K:$K, $B10, WO!$N:$N, "OPEN") -> 1 | F10: =COUNTIFS('DJA AOC NSRDIL R01'!$N:$N, $B10, 'DJA AOC NSRDIL R01'!$Q:$Q, "CLOSED") + COUNTIFS('DJA AOC NSRDIL R01'!$N:$N, $B10, 'DJA AOC NSRDIL R01'!$Q:$Q, "OPEN") -> 0 | G10: =COUNTIFS('DJA AOC NSRDIL R01'!$N:$N, $B10, 'DJA AOC NSRDIL R01'!$Q:$Q, "CLOSED") -> 0 | H10: =COUNTIFS('DJA AOC NSRDIL R01'!$N:$N, $B10, 'DJA AOC NSRDIL R01'!$Q:$Q, "OPEN") -> 0 | I10: =COUNTIFS('DMI CBM'!$G:$G, $B10, 'DMI CBM'!$H:$H, "DJA DMI R01") -> 0 | J10: =COUNTIFS('DMI CBM'!$G:$G, $B10, 'DMI CBM'!$H:$H, "DJA DMI R01", 'DMI CBM'!$I:$I, "CLOSED") -> 0 | K10: =COUNTIFS('DMI CBM'!$G:$G, $B10, 'DMI CBM'!$H:$H, "DJA DMI R01", 'DMI CBM'!$I:$I, "OPEN") -> 0 | L10: 0 | M10: =COUNTIFS(UNPLANNED!$H:$H, $B10, UNPLANNED!$I:$I, "CLOSED", UNPLANNED!$D:$D, "WO") -> 0 | N10: =COUNTIFS(UNPLANNED!$H:$H, $B10, UNPLANNED!$I:$I, "CLOSED", UNPLANNED!$D:$D, "NSRDI") -> 4 | O10: =COUNTIFS('DMI CBM'!$G:$G, $B10, 'DMI CBM'!$I:$I, "CLOSED", 'DMI CBM'!$H:$H, "UNPLANNED DMI") -> 0 | P10: =COUNTIFS('DAILY REPORT'!$E:$E, $B10, 'DAILY REPORT'!$F:$F, "CML") -> 20 | Q10: =SUM(C10:P10) -> 26
A11: 8 | B11: AMQ | C11: =COUNTIFS(WO!$K:$K, $B11, WO!$N:$N, "CLOSED") + COUNTIFS(WO!$K:$K, $B11, WO!$N:$N, "OPEN") -> 2 | D11: =COUNTIFS(WO!$K:$K, $B11, WO!$N:$N, "CLOSED") -> 2 | E11: =COUNTIFS(WO!$K:$K, $B11, WO!$N:$N, "OPEN") -> 0 | F11: =COUNTIFS('DJA AOC NSRDIL R01'!$N:$N, $B11, 'DJA AOC NSRDIL R01'!$Q:$Q, "CLOSED") + COUNTIFS('DJA AOC NSRDIL R01'!$N:$N, $B11, 'DJA AOC NSRDIL R01'!$Q:$Q, "OPEN") -> 0 | G11: =COUNTIFS('DJA AOC NSRDIL R01'!$N:$N, $B11, 'DJA AOC NSRDIL R01'!$Q:$Q, "CLOSED") -> 0 | H11: =COUNTIFS('DJA AOC NSRDIL R01'!$N:$N, $B11, 'DJA AOC NSRDIL R01'!$Q:$Q, "OPEN") -> 0 | I11: =COUNTIFS('DMI CBM'!$G:$G, $B11, 'DMI CBM'!$H:$H, "DJA DMI R01") -> 0 | J11: =COUNTIFS('DMI CBM'!$G:$G, $B11, 'DMI CBM'!$H:$H, "DJA DMI R01", 'DMI CBM'!$I:$I, "CLOSED") -> 0 | K11: =COUNTIFS('DMI CBM'!$G:$G, $B11, 'DMI CBM'!$H:$H, "DJA DMI R01", 'DMI CBM'!$I:$I, "OPEN") -> 0 | L11: 0 | M11: =COUNTIFS(UNPLANNED!$H:$H, $B11, UNPLANNED!$I:$I, "CLOSED", UNPLANNED!$D:$D, "WO") -> 1 | N11: =COUNTIFS(UNPLANNED!$H:$H, $B11, UNPLANNED!$I:$I, "CLOSED", UNPLANNED!$D:$D, "NSRDI") -> 0 | O11: =COUNTIFS('DMI CBM'!$G:$G, $B11, 'DMI CBM'!$I:$I, "CLOSED", 'DMI CBM'!$H:$H, "UNPLANNED DMI") -> 0 | P11: =COUNTIFS('DAILY REPORT'!$E:$E, $B11, 'DAILY REPORT'!$F:$F, "CML") -> 11 | Q11: =SUM(C11:P11) -> 16
A12: 9 | B12: SRG | C12: =COUNTIFS(WO!$K:$K, $B12, WO!$N:$N, "CLOSED") + COUNTIFS(WO!$K:$K, $B12, WO!$N:$N, "OPEN") -> 0 | D12: =COUNTIFS(WO!$K:$K, $B12, WO!$N:$N, "CLOSED") -> 0 | E12: =COUNTIFS(WO!$K:$K, $B12, WO!$N:$N, "OPEN") -> 0 | F12: =COUNTIFS('DJA AOC NSRDIL R01'!$N:$N, $B12, 'DJA AOC NSRDIL R01'!$Q:$Q, "CLOSED") + COUNTIFS('DJA AOC NSRDIL R01'!$N:$N, $B12, 'DJA AOC NSRDIL R01'!$Q:$Q, "OPEN") -> 2 | G12: =COUNTIFS('DJA AOC NSRDIL R01'!$N:$N, $B12, 'DJA AOC NSRDIL R01'!$Q:$Q, "CLOSED") -> 2 | H12: =COUNTIFS('DJA AOC NSRDIL R01'!$N:$N, $B12, 'DJA AOC NSRDIL R01'!$Q:$Q, "OPEN") -> 0 | I12: =COUNTIFS('DMI CBM'!$G:$G, $B12, 'DMI CBM'!$H:$H, "DJA DMI R01") -> 0 | J12: =COUNTIFS('DMI CBM'!$G:$G, $B12, 'DMI CBM'!$H:$H, "DJA DMI R01", 'DMI CBM'!$I:$I, "CLOSED") -> 0 | K12: =COUNTIFS('DMI CBM'!$G:$G, $B12, 'DMI CBM'!$H:$H, "DJA DMI R01", 'DMI CBM'!$I:$I, "OPEN") -> 0 | L12: 0 | M12: =COUNTIFS(UNPLANNED!$H:$H, $B12, UNPLANNED!$I:$I, "CLOSED", UNPLANNED!$D:$D, "WO") -> 0 | N12: =COUNTIFS(UNPLANNED!$H:$H, $B12, UNPLANNED!$I:$I, "CLOSED", UNPLANNED!$D:$D, "NSRDI") -> 0 | O12: =COUNTIFS('DMI CBM'!$G:$G, $B12, 'DMI CBM'!$I:$I, "CLOSED", 'DMI CBM'!$H:$H, "UNPLANNED DMI") -> 0 | P12: =COUNTIFS('DAILY REPORT'!$E:$E, $B12, 'DAILY REPORT'!$F:$F, "CML") -> 18 | Q12: =SUM(C12:P12) -> 22
A13: 10 | B13: PLM | C13: =COUNTIFS(WO!$K:$K, $B13, WO!$N:$N, "CLOSED") + COUNTIFS(WO!$K:$K, $B13, WO!$N:$N, "OPEN") -> 0 | D13: =COUNTIFS(WO!$K:$K, $B13, WO!$N:$N, "CLOSED") -> 0 | E13: =COUNTIFS(WO!$K:$K, $B13, WO!$N:$N, "OPEN") -> 0 | F13: =COUNTIFS('DJA AOC NSRDIL R01'!$N:$N, $B13, 'DJA AOC NSRDIL R01'!$Q:$Q, "CLOSED") + COUNTIFS('DJA AOC NSRDIL R01'!$N:$N, $B13, 'DJA AOC NSRDIL R01'!$Q:$Q, "OPEN") -> 3 | G13: =COUNTIFS('DJA AOC NSRDIL R01'!$N:$N, $B13, 'DJA AOC NSRDIL R01'!$Q:$Q, "CLOSED") -> 2 | H13: =COUNTIFS('DJA AOC NSRDIL R01'!$N:$N, $B13, 'DJA AOC NSRDIL R01'!$Q:$Q, "OPEN") -> 1 | I13: =COUNTIFS('DMI CBM'!$G:$G, $B13, 'DMI CBM'!$H:$H, "DJA DMI R01") -> 0 | J13: =COUNTIFS('DMI CBM'!$G:$G, $B13, 'DMI CBM'!$H:$H, "DJA DMI R01", 'DMI CBM'!$I:$I, "CLOSED") -> 0 | K13: =COUNTIFS('DMI CBM'!$G:$G, $B13, 'DMI CBM'!$H:$H, "DJA DMI R01", 'DMI CBM'!$I:$I, "OPEN") -> 0 | L13: 0 | M13: =COUNTIFS(UNPLANNED!$H:$H, $B13, UNPLANNED!$I:$I, "CLOSED", UNPLANNED!$D:$D, "WO") -> 0 | N13: =COUNTIFS(UNPLANNED!$H:$H, $B13, UNPLANNED!$I:$I, "CLOSED", UNPLANNED!$D:$D, "NSRDI") -> 0 | O13: =COUNTIFS('DMI CBM'!$G:$G, $B13, 'DMI CBM'!$I:$I, "CLOSED", 'DMI CBM'!$H:$H, "UNPLANNED DMI") -> 0 | P13: =COUNTIFS('DAILY REPORT'!$E:$E, $B13, 'DAILY REPORT'!$F:$F, "CML") -> 18 | Q13: =SUM(C13:P13) -> 24
A14: 11 | B14: DPS | C14: =COUNTIFS(WO!$K:$K, $B14, WO!$N:$N, "CLOSED") + COUNTIFS(WO!$K:$K, $B14, WO!$N:$N, "OPEN") -> 1 | D14: =COUNTIFS(WO!$K:$K, $B14, WO!$N:$N, "CLOSED") -> 1 | E14: =COUNTIFS(WO!$K:$K, $B14, WO!$N:$N, "OPEN") -> 0 | F14: =COUNTIFS('DJA AOC NSRDIL R01'!$N:$N, $B14, 'DJA AOC NSRDIL R01'!$Q:$Q, "CLOSED") + COUNTIFS('DJA AOC NSRDIL R01'!$N:$N, $B14, 'DJA AOC NSRDIL R01'!$Q:$Q, "OPEN") -> 2 | G14: =COUNTIFS('DJA AOC NSRDIL R01'!$N:$N, $B14, 'DJA AOC NSRDIL R01'!$Q:$Q, "CLOSED") -> 2 | H14: =COUNTIFS('DJA AOC NSRDIL R01'!$N:$N, $B14, 'DJA AOC NSRDIL R01'!$Q:$Q, "OPEN") -> 0 | I14: =COUNTIFS('DMI CBM'!$G:$G, $B14, 'DMI CBM'!$H:$H, "DJA DMI R01") -> 0 | J14: =COUNTIFS('DMI CBM'!$G:$G, $B14, 'DMI CBM'!$H:$H, "DJA DMI R01", 'DMI CBM'!$I:$I, "CLOSED") -> 0 | K14: =COUNTIFS('DMI CBM'!$G:$G, $B14, 'DMI CBM'!$H:$H, "DJA DMI R01", 'DMI CBM'!$I:$I, "OPEN") -> 0 | L14: 0 | M14: =COUNTIFS(UNPLANNED!$H:$H, $B14, UNPLANNED!$I:$I, "CLOSED", UNPLANNED!$D:$D, "WO") -> 0 | N14: =COUNTIFS(UNPLANNED!$H:$H, $B14, UNPLANNED!$I:$I, "CLOSED", UNPLANNED!$D:$D, "NSRDI") -> 0 | O14: =COUNTIFS('DMI CBM'!$G:$G, $B14, 'DMI CBM'!$I:$I, "CLOSED", 'DMI CBM'!$H:$H, "UNPLANNED DMI") -> 0 | P14: =COUNTIFS('DAILY REPORT'!$E:$E, $B14, 'DAILY REPORT'!$F:$F, "CML") -> 29 | Q14: =SUM(C14:P14) -> 35
A15: 12 | B15: KOE | C15: =COUNTIFS(WO!$K:$K, $B15, WO!$N:$N, "CLOSED") + COUNTIFS(WO!$K:$K, $B15, WO!$N:$N, "OPEN") -> 2 | D15: =COUNTIFS(WO!$K:$K, $B15, WO!$N:$N, "CLOSED") -> 2 | E15: =COUNTIFS(WO!$K:$K, $B15, WO!$N:$N, "OPEN") -> 0 | F15: =COUNTIFS('DJA AOC NSRDIL R01'!$N:$N, $B15, 'DJA AOC NSRDIL R01'!$Q:$Q, "CLOSED") + COUNTIFS('DJA AOC NSRDIL R01'!$N:$N, $B15, 'DJA AOC NSRDIL R01'!$Q:$Q, "OPEN") -> 0 | G15: =COUNTIFS('DJA AOC NSRDIL R01'!$N:$N, $B15, 'DJA AOC NSRDIL R01'!$Q:$Q, "CLOSED") -> 0 | H15: =COUNTIFS('DJA AOC NSRDIL R01'!$N:$N, $B15, 'DJA AOC NSRDIL R01'!$Q:$Q, "OPEN") -> 0 | I15: =COUNTIFS('DMI CBM'!$G:$G, $B15, 'DMI CBM'!$H:$H, "DJA DMI R01") -> 0 | J15: =COUNTIFS('DMI CBM'!$G:$G, $B15, 'DMI CBM'!$H:$H, "DJA DMI R01", 'DMI CBM'!$I:$I, "CLOSED") -> 0 | K15: =COUNTIFS('DMI CBM'!$G:$G, $B15, 'DMI CBM'!$H:$H, "DJA DMI R01", 'DMI CBM'!$I:$I, "OPEN") -> 0 | L15: 0 | M15: =COUNTIFS(UNPLANNED!$H:$H, $B15, UNPLANNED!$I:$I, "CLOSED", UNPLANNED!$D:$D, "WO") -> 0 | N15: =COUNTIFS(UNPLANNED!$H:$H, $B15, UNPLANNED!$I:$I, "CLOSED", UNPLANNED!$D:$D, "NSRDI") -> 0 | O15: =COUNTIFS('DMI CBM'!$G:$G, $B15, 'DMI CBM'!$I:$I, "CLOSED", 'DMI CBM'!$H:$H, "UNPLANNED DMI") -> 0 | P15: =COUNTIFS('DAILY REPORT'!$E:$E, $B15, 'DAILY REPORT'!$F:$F, "CML") -> 16 | Q15: =SUM(C15:P15) -> 20
A16: 13 | B16: LOP | C16: =COUNTIFS(WO!$K:$K, $B16, WO!$N:$N, "CLOSED") + COUNTIFS(WO!$K:$K, $B16, WO!$N:$N, "OPEN") -> 0 | D16: =COUNTIFS(WO!$K:$K, $B16, WO!$N:$N, "CLOSED") -> 0 | E16: =COUNTIFS(WO!$K:$K, $B16, WO!$N:$N, "OPEN") -> 0 | F16: =COUNTIFS('DJA AOC NSRDIL R01'!$N:$N, $B16, 'DJA AOC NSRDIL R01'!$Q:$Q, "CLOSED") + COUNTIFS('DJA AOC NSRDIL R01'!$N:$N, $B16, 'DJA AOC NSRDIL R01'!$Q:$Q, "OPEN") -> 1 | G16: =COUNTIFS('DJA AOC NSRDIL R01'!$N:$N, $B16, 'DJA AOC NSRDIL R01'!$Q:$Q, "CLOSED") -> 0 | H16: =COUNTIFS('DJA AOC NSRDIL R01'!$N:$N, $B16, 'DJA AOC NSRDIL R01'!$Q:$Q, "OPEN") -> 1 | I16: =COUNTIFS('DMI CBM'!$G:$G, $B16, 'DMI CBM'!$H:$H, "DJA DMI R01") -> 0 | J16: =COUNTIFS('DMI CBM'!$G:$G, $B16, 'DMI CBM'!$H:$H, "DJA DMI R01", 'DMI CBM'!$I:$I, "CLOSED") -> 0 | K16: =COUNTIFS('DMI CBM'!$G:$G, $B16, 'DMI CBM'!$H:$H, "DJA DMI R01", 'DMI CBM'!$I:$I, "OPEN") -> 0 | L16: 0 | M16: =COUNTIFS(UNPLANNED!$H:$H, $B16, UNPLANNED!$I:$I, "CLOSED", UNPLANNED!$D:$D, "WO") -> 0 | N16: =COUNTIFS(UNPLANNED!$H:$H, $B16, UNPLANNED!$I:$I, "CLOSED", UNPLANNED!$D:$D, "NSRDI") -> 0 | O16: =COUNTIFS('DMI CBM'!$G:$G, $B16, 'DMI CBM'!$I:$I, "CLOSED", 'DMI CBM'!$H:$H, "UNPLANNED DMI") -> 0 | P16: =COUNTIFS('DAILY REPORT'!$E:$E, $B16, 'DAILY REPORT'!$F:$F, "CML") -> 17 | Q16: =SUM(C16:P16) -> 19
... A20: 17 | B20: KUL | C20: =COUNTIFS(WO!$K:$K, $B20, WO!$N:$N, "CLOSED") + COUNTIFS(WO!$K:$K, $B20, WO!$N:$N, "OPEN") -> 0 | D20: =COUNTIFS(WO!$K:$K, $B20, WO!$N:$N, "CLOSED") -> 0 | E20: =COUNTIFS(WO!$K:$K, $B20, WO!$N:$N, "OPEN") -> 0 | F20: =COUNTIFS('DJA AOC NSRDIL R01'!$N:$N, $B20, 'DJA AOC NSRDIL R01'!$Q:$Q, "CLOSED") + COUNTIFS('DJA AOC NSRDIL R01'!$N:$N, $B20, 'DJA AOC NSRDIL R01'!$Q:$Q, "OPEN") -> 0 | G20: =COUNTIFS('DJA AOC NSRDIL R01'!$N:$N, $B20, 'DJA AOC NSRDIL R01'!$Q:$Q, "CLOSED") -> 0 | H20: =COUNTIFS('DJA AOC NSRDIL R01'!$N:$N, $B20, 'DJA AOC NSRDIL R01'!$Q:$Q, "OPEN") -> 0 | I20: =COUNTIFS('DMI CBM'!$G:$G, $B20, 'DMI CBM'!$H:$H, "DJA DMI R01") -> 0 | J20: =COUNTIFS('DMI CBM'!$G:$G, $B20, 'DMI CBM'!$H:$H, "DJA DMI R01", 'DMI CBM'!$I:$I, "CLOSED") -> 0 | K20: =COUNTIFS('DMI CBM'!$G:$G, $B20, 'DMI CBM'!$H:$H, "DJA DMI R01", 'DMI CBM'!$I:$I, "OPEN") -> 0 | L20: 0 | M20: =COUNTIFS(UNPLANNED!$H:$H, $B20, UNPLANNED!$I:$I, "CLOSED", UNPLANNED!$D:$D, "WO") -> 0 | N20: =COUNTIFS(UNPLANNED!$H:$H, $B20, UNPLANNED!$I:$I, "CLOSED", UNPLANNED!$D:$D, "NSRDI") -> 0 | O20: =COUNTIFS('DMI CBM'!$G:$G, $B20, 'DMI CBM'!$I:$I, "CLOSED", 'DMI CBM'!$H:$H, "UNPLANNED DMI") -> 0 | P20: =COUNTIFS('DAILY REPORT'!$E:$E, $B20, 'DAILY REPORT'!$F:$F, "CML") -> 0 | Q20: =SUM(C20:P20) -> 0
A21: TOTAL | C21: =SUM(C4:C20) -> 54 | D21: =SUM(D4:D20) -> 39 | E21: =SUM(E4:E20) -> 15 | F21: =SUM(F4:F20) -> 43 | G21: =SUM(G4:G20) -> 33 | H21: =SUM(H4:H20) -> 10 | I21: =SUM(I4:I20) -> 6 | J21: =SUM(J4:J20) -> 2 | ... Q21: =SUM(Q4:Q20) -> 568

Sheet UNSCHED
A1: 46241
A2: DATE | B2: OPERATOR | C2: AC REG | D2: A/C STATUS | E2: STA | F2: DOC TYPE | G2: NO DOC | H2: ACTION TAKEN | I2: STATUS
